id,created_at,patient_id,doctor_id,treatment_id,date_time,duration,status,notes
1,2026-05-01 10:40:00,1,1,1,2026-05-06 08:00:00,30,completed,
2,2026-05-01 13:20:00,2,2,14,2026-05-06 09:30:00,30,completed,
3,2026-05-01 14:35:00,3,1,8,2026-05-01 15:00:00,30,cancelled,Patient cancelled in advance; rescheduling was offered.
4,2026-05-01 14:40:00,4,5,7,2026-05-05 08:30:00,30,completed,
5,2026-05-01 14:40:00,5,6,2,2026-05-06 11:00:00,30,completed,
6,2026-05-01 15:00:00,6,4,2,2026-05-04 13:30:00,30,completed,
7,2026-05-01 15:20:00,7,3,3,2026-05-04 08:30:00,30,completed,
8,2026-05-01 15:20:00,8,5,9,2026-05-07 15:00:00,30,completed,
9,2026-05-01 16:10:00,9,4,1,2026-05-01 16:30:00,30,completed,
10,2026-05-01 16:20:00,10,4,2,2026-05-05 15:00:00,30,completed,
11,2026-05-01 16:35:00,11,2,13,2026-05-04 15:00:00,30,completed,
12,2026-05-04 08:50:00,12,3,1,2026-05-11 11:30:00,30,cancelled,Patient cancelled in advance; rescheduling was offered.
13,2026-05-04 09:10:00,13,1,3,2026-05-08 15:00:00,30,completed,
14,2026-05-04 10:30:00,14,5,3,2026-05-07 16:00:00,30,completed,
15,2026-05-04 10:35:00,15,1,3,2026-05-08 09:00:00,30,completed,
16,2026-05-04 10:40:00,16,6,1,2026-05-06 09:30:00,30,completed,
17,2026-05-04 10:45:00,17,3,3,2026-05-06 13:00:00,30,completed,
18,2026-05-04 13:50:00,18,5,7,2026-05-08 10:30:00,30,completed,
19,2026-05-04 13:55:00,19,6,6,2026-05-05 12:30:00,30,completed,
20,2026-05-04 14:15:00,9,4,2,2026-05-07 15:00:00,30,no_show,Patient did not attend; follow-up contact is required.
21,2026-05-04 15:10:00,20,1,3,2026-05-07 15:00:00,30,completed,
22,2026-05-04 15:25:00,21,6,9,2026-05-07 15:30:00,30,cancelled,Patient cancelled in advance; rescheduling was offered.
23,2026-05-04 15:30:00,22,4,5,2026-05-11 16:00:00,30,completed,
24,2026-05-04 15:40:00,23,2,7,2026-05-07 16:00:00,30,cancelled,Patient cancelled in advance; rescheduling was offered.
25,2026-05-04 16:50:00,24,3,3,2026-05-07 10:30:00,30,completed,
26,2026-05-04 16:50:00,25,2,7,2026-05-08 11:00:00,30,completed,
27,2026-05-05 08:25:00,26,5,7,2026-05-08 15:30:00,30,completed,
28,2026-05-05 09:10:00,27,5,4,2026-05-08 16:30:00,30,completed,
29,2026-05-05 09:30:00,28,4,2,2026-05-05 16:00:00,30,cancelled,Patient cancelled in advance; rescheduling was offered.
30,2026-05-05 09:35:00,29,1,3,2026-05-08 08:00:00,30,completed,
31,2026-05-05 10:15:00,30,4,2,2026-05-08 14:30:00,30,cancelled,Patient cancelled in advance; rescheduling was offered.
32,2026-05-05 11:15:00,31,3,2,2026-05-08 08:00:00,30,completed,
33,2026-05-05 11:25:00,32,4,2,2026-05-07 08:00:00,30,completed,
34,2026-05-05 12:35:00,33,4,2,2026-05-08 12:00:00,30,completed,
35,2026-05-05 12:45:00,34,3,3,2026-05-08 10:00:00,30,completed,
36,2026-05-05 13:30:00,35,1,3,2026-05-08 11:30:00,30,completed,
37,2026-05-05 13:35:00,36,6,1,2026-05-08 14:00:00,30,no_show,Patient did not attend; follow-up contact is required.
38,2026-05-05 14:45:00,7,5,1,2026-05-07 09:00:00,30,completed,
39,2026-05-05 14:55:00,37,3,12,2026-05-08 11:30:00,30,no_show,Patient did not attend; follow-up contact is required.
40,2026-05-05 15:20:00,38,6,1,2026-05-08 09:00:00,30,completed,
41,2026-05-05 15:45:00,39,3,12,2026-05-07 09:00:00,30,completed,
42,2026-05-05 15:50:00,40,2,2,2026-05-06 14:30:00,30,completed,
43,2026-05-05 15:55:00,41,2,7,2026-05-08 10:00:00,30,completed,
44,2026-05-05 16:20:00,42,3,12,2026-05-08 08:30:00,30,completed,
45,2026-05-05 19:05:00,43,6,6,2026-05-06 13:00:00,30,completed,
46,2026-05-06 08:00:00,44,6,2,2026-05-11 09:00:00,30,cancelled,Patient cancelled in advance; rescheduling was offered.
47,2026-05-06 08:25:00,45,4,2,2026-05-08 08:30:00,30,completed,
48,2026-05-06 09:00:00,46,1,3,2026-05-11 08:30:00,30,cancelled,Patient cancelled in advance; rescheduling was offered.
49,2026-05-06 09:20:00,47,2,8,2026-05-11 09:30:00,30,completed,
50,2026-05-06 10:05:00,48,1,1,2026-05-11 11:00:00,30,completed,
51,2026-05-06 11:25:00,49,5,1,2026-05-11 15:30:00,30,cancelled,Patient cancelled in advance; rescheduling was offered.
52,2026-05-06 12:25:00,50,1,8,2026-05-11 09:30:00,30,completed,
53,2026-05-06 13:00:00,3,1,8,2026-05-11 13:30:00,30,completed,
54,2026-05-06 13:15:00,51,5,3,2026-05-11 10:00:00,30,completed,
55,2026-05-06 13:40:00,52,4,2,2026-05-08 15:30:00,30,completed,
56,2026-05-06 14:45:00,53,5,7,2026-05-08 13:00:00,30,completed,
57,2026-05-06 15:10:00,54,6,1,2026-05-08 14:30:00,30,completed,
58,2026-05-06 15:20:00,55,2,8,2026-05-07 10:30:00,30,completed,
59,2026-05-06 16:00:00,56,4,1,2026-05-11 16:30:00,30,completed,
60,2026-05-06 16:55:00,28,4,2,2026-05-08 15:00:00,30,completed,
61,2026-05-06 16:55:00,57,4,2,2026-05-08 16:00:00,30,no_show,Patient did not attend; follow-up contact is required.
62,2026-05-07 08:35:00,58,5,7,2026-05-13 11:00:00,30,completed,
63,2026-05-07 09:45:00,11,2,1,2026-05-11 09:00:00,30,completed,
64,2026-05-07 09:45:00,59,2,7,2026-05-11 11:00:00,30,completed,
65,2026-05-07 09:50:00,60,6,1,2026-05-08 12:30:00,30,completed,
66,2026-05-07 10:05:00,19,1,7,2026-05-08 13:30:00,30,completed,
67,2026-05-07 10:30:00,2,6,10,2026-05-08 10:00:00,30,completed,
68,2026-05-07 10:40:00,61,5,3,2026-05-11 09:00:00,30,completed,
69,2026-05-07 12:30:00,62,5,2,2026-05-12 16:00:00,30,completed,
70,2026-05-07 13:50:00,63,4,2,2026-05-11 15:00:00,30,completed,
71,2026-05-07 15:30:00,64,6,1,2026-05-08 12:00:00,30,completed,
72,2026-05-07 16:55:00,65,1,3,2026-05-08 16:00:00,30,cancelled,Patient cancelled in advance; rescheduling was offered.
73,2026-05-07 17:00:00,14,5,1,2026-05-11 15:00:00,30,completed,
74,2026-05-08 08:00:00,66,1,3,2026-05-12 15:00:00,30,completed,
75,2026-05-08 08:05:00,67,3,3,2026-05-13 15:30:00,30,cancelled,Patient cancelled in advance; rescheduling was offered.
76,2026-05-08 08:45:00,68,2,8,2026-05-13 08:30:00,30,completed,
77,2026-05-08 08:50:00,69,3,3,2026-05-11 12:00:00,30,completed,
78,2026-05-08 08:50:00,45,4,10,2026-05-13 08:00:00,30,completed,
79,2026-05-08 10:05:00,4,6,10,2026-05-13 12:00:00,30,completed,
80,2026-05-08 10:10:00,40,2,10,2026-05-11 08:30:00,30,completed,
81,2026-05-08 11:10:00,70,1,3,2026-05-14 08:00:00,30,cancelled,Patient cancelled in advance; rescheduling was offered.
82,2026-05-08 12:15:00,71,1,13,2026-05-11 15:00:00,30,completed,
83,2026-05-08 13:00:00,72,6,6,2026-05-08 15:00:00,30,completed,
84,2026-05-08 13:30:00,73,5,6,2026-05-08 14:30:00,30,completed,
85,2026-05-08 13:40:00,74,2,14,2026-05-11 13:30:00,30,completed,
86,2026-05-08 14:20:00,75,4,2,2026-05-13 15:00:00,30,completed,
87,2026-05-08 15:10:00,76,5,7,2026-05-12 09:30:00,30,completed,
88,2026-05-08 16:20:00,77,3,3,2026-05-11 14:30:00,30,cancelled,Patient cancelled in advance; rescheduling was offered.
89,2026-05-08 16:45:00,78,1,3,2026-05-11 11:30:00,30,cancelled,Patient cancelled in advance; rescheduling was offered.
90,2026-05-08 20:20:00,79,6,9,2026-05-11 14:30:00,30,completed,
91,2026-05-10 07:35:00,60,1,14,2026-05-13 10:30:00,30,completed,
92,2026-05-10 10:15:00,72,6,9,2026-05-14 11:00:00,30,completed,
93,2026-05-10 11:35:00,9,4,2,2026-05-12 11:30:00,30,completed,
94,2026-05-10 16:30:00,80,5,1,2026-05-13 12:00:00,30,completed,
95,2026-05-11 07:15:00,35,3,12,2026-05-11 09:00:00,30,completed,
96,2026-05-11 08:20:00,73,5,9,2026-05-15 09:00:00,30,completed,
97,2026-05-11 08:40:00,1,4,2,2026-05-15 12:30:00,30,cancelled,Patient cancelled in advance; rescheduling was offered.
98,2026-05-11 08:45:00,81,2,1,2026-05-18 09:00:00,30,cancelled,Patient cancelled in advance; rescheduling was offered.
99,2026-05-11 09:35:00,5,6,9,2026-05-15 11:00:00,30,completed,
100,2026-05-11 10:05:00,42,3,10,2026-05-14 10:00:00,30,completed,
101,2026-05-11 10:20:00,41,2,10,2026-05-18 16:00:00,30,completed,
102,2026-05-11 10:30:00,15,4,10,2026-05-12 11:00:00,30,completed,
103,2026-05-11 10:30:00,82,5,2,2026-05-13 15:30:00,30,completed,
104,2026-05-11 10:50:00,43,2,8,2026-05-14 09:30:00,30,completed,
105,2026-05-11 11:05:00,83,1,7,2026-05-18 08:00:00,30,no_show,Patient did not attend; follow-up contact is required.
106,2026-05-11 11:10:00,84,4,2,2026-05-13 09:00:00,30,completed,
107,2026-05-11 11:45:00,85,3,12,2026-05-19 08:30:00,30,completed,
108,2026-05-11 11:50:00,36,6,1,2026-05-12 10:00:00,30,completed,
109,2026-05-11 11:55:00,86,5,1,2026-05-14 14:00:00,30,completed,
110,2026-05-11 12:25:00,87,1,3,2026-05-14 13:30:00,30,completed,
111,2026-05-11 13:10:00,88,2,7,2026-05-14 08:00:00,30,completed,
112,2026-05-11 13:35:00,64,5,7,2026-05-18 09:00:00,30,no_show,Patient did not attend; follow-up contact is required.
113,2026-05-11 13:50:00,89,5,7,2026-05-14 11:00:00,30,completed,
114,2026-05-11 14:05:00,23,2,7,2026-05-18 09:30:00,30,completed,
115,2026-05-11 14:20:00,74,2,10,2026-05-18 15:30:00,30,completed,
116,2026-05-11 14:25:00,17,1,1,2026-05-15 11:30:00,30,no_show,Patient did not attend; follow-up contact is required.
117,2026-05-11 14:55:00,90,4,2,2026-05-15 08:00:00,30,completed,
118,2026-05-11 15:15:00,53,1,14,2026-05-15 09:30:00,30,completed,
119,2026-05-11 15:40:00,14,5,7,2026-05-14 15:30:00,30,completed,
120,2026-05-11 15:50:00,21,6,9,2026-05-14 16:00:00,30,completed,
121,2026-05-11 16:40:00,91,4,2,2026-05-15 16:30:00,30,completed,
122,2026-05-11 16:45:00,18,2,14,2026-05-15 08:30:00,30,completed,
123,2026-05-11 16:50:00,92,4,2,2026-05-18 11:30:00,30,completed,
124,2026-05-11 16:55:00,30,3,3,2026-05-14 15:00:00,30,no_show,Patient did not attend; follow-up contact is required.
125,2026-05-11 17:55:00,38,3,12,2026-05-18 08:00:00,30,completed,
126,2026-05-12 08:10:00,93,6,1,2026-05-15 14:30:00,30,completed,
127,2026-05-12 09:15:00,46,1,3,2026-05-18 15:30:00,30,completed,
128,2026-05-12 09:35:00,28,4,10,2026-05-18 12:00:00,30,completed,
129,2026-05-12 10:00:00,94,1,14,2026-05-15 08:00:00,30,completed,
130,2026-05-12 10:05:00,24,6,10,2026-05-15 10:30:00,30,completed,
131,2026-05-12 10:30:00,49,5,1,2026-05-18 14:30:00,30,completed,
132,2026-05-12 11:00:00,95,2,8,2026-05-15 10:00:00,30,cancelled,Patient cancelled in advance; rescheduling was offered.
133,2026-05-12 11:40:00,57,4,2,2026-05-14 15:30:00,30,completed,
134,2026-05-12 12:45:00,96,6,1,2026-05-15 13:30:00,30,cancelled,Patient cancelled in advance; rescheduling was offered.
135,2026-05-12 13:55:00,97,1,14,2026-05-18 09:00:00,30,completed,
136,2026-05-12 14:20:00,98,6,15,2026-05-14 08:30:00,30,completed,
137,2026-05-12 15:45:00,44,6,2,2026-05-14 14:00:00,30,completed,
138,2026-05-12 16:05:00,99,5,6,2026-05-12 16:30:00,30,completed,
139,2026-05-13 08:45:00,62,5,8,2026-05-15 15:00:00,30,no_show,Patient did not attend; follow-up contact is required.
140,2026-05-13 09:40:00,12,4,1,2026-05-18 15:30:00,30,completed,
141,2026-05-13 09:45:00,100,6,15,2026-05-15 08:30:00,30,completed,
142,2026-05-13 09:45:00,65,1,4,2026-05-19 16:00:00,30,cancelled,Patient cancelled in advance; rescheduling was offered.
143,2026-05-13 10:00:00,101,4,2,2026-05-18 09:00:00,30,completed,
144,2026-05-13 10:10:00,25,3,10,2026-05-15 11:00:00,30,cancelled,Patient cancelled in advance; rescheduling was offered.
145,2026-05-13 10:50:00,50,1,14,2026-05-15 14:00:00,30,completed,
146,2026-05-13 11:50:00,31,3,10,2026-05-18 16:30:00,30,completed,
147,2026-05-13 11:55:00,102,4,2,2026-05-18 12:30:00,30,completed,
148,2026-05-13 12:40:00,55,2,7,2026-05-19 11:30:00,30,cancelled,Patient cancelled in advance; rescheduling was offered.
149,2026-05-13 13:15:00,103,3,2,2026-05-18 11:00:00,30,completed,
150,2026-05-13 14:10:00,78,1,1,2026-05-20 13:30:00,30,completed,
151,2026-05-13 14:30:00,20,1,10,2026-05-20 14:00:00,30,completed,
152,2026-05-13 14:50:00,104,5,1,2026-05-15 08:30:00,30,cancelled,Patient cancelled in advance; rescheduling was offered.
153,2026-05-13 15:25:00,26,5,7,2026-05-15 13:30:00,30,completed,
154,2026-05-13 15:40:00,105,4,2,2026-05-18 14:30:00,30,completed,
155,2026-05-13 15:55:00,37,3,12,2026-05-15 09:30:00,30,cancelled,Patient cancelled in advance; rescheduling was offered.
156,2026-05-13 16:00:00,106,5,3,2026-05-18 11:00:00,30,completed,
157,2026-05-13 16:45:00,107,1,14,2026-05-15 15:30:00,30,completed,
158,2026-05-13 16:45:00,108,2,8,2026-05-18 10:30:00,30,completed,
159,2026-05-13 17:25:00,109,4,2,2026-05-18 16:00:00,30,cancelled,Patient cancelled in advance; rescheduling was offered.
160,2026-05-14 08:15:00,110,5,7,2026-05-18 10:00:00,30,completed,
161,2026-05-14 08:40:00,111,3,3,2026-05-18 14:00:00,30,completed,
162,2026-05-14 09:50:00,112,4,1,2026-05-15 15:30:00,30,no_show,Patient did not attend; follow-up contact is required.
163,2026-05-14 09:55:00,51,5,7,2026-05-15 10:30:00,30,completed,
164,2026-05-14 11:00:00,113,2,7,2026-05-15 11:30:00,30,completed,
165,2026-05-14 11:05:00,114,1,3,2026-05-18 14:00:00,30,completed,
166,2026-05-14 11:55:00,115,3,3,2026-05-15 13:30:00,30,completed,
167,2026-05-14 12:10:00,59,2,10,2026-05-19 14:00:00,30,completed,
168,2026-05-14 12:50:00,116,2,14,2026-05-18 13:30:00,30,completed,
169,2026-05-14 12:55:00,117,4,2,2026-05-20 10:30:00,30,cancelled,Patient cancelled in advance; rescheduling was offered.
170,2026-05-14 13:45:00,118,5,3,2026-05-15 11:30:00,30,completed,
171,2026-05-14 14:15:00,119,4,2,2026-05-19 14:00:00,30,completed,
172,2026-05-14 14:35:00,120,4,1,2026-05-18 09:30:00,30,completed,
173,2026-05-14 14:40:00,121,3,1,2026-05-14 16:30:00,30,completed,
174,2026-05-14 16:15:00,48,2,7,2026-05-18 08:00:00,30,completed,
175,2026-05-14 16:15:00,122,5,9,2026-05-18 16:00:00,30,completed,
176,2026-05-14 18:00:00,123,1,7,2026-05-18 11:30:00,30,completed,
177,2026-05-15 08:15:00,124,4,2,2026-05-20 09:00:00,30,completed,
178,2026-05-15 08:20:00,125,3,2,2026-05-18 10:00:00,30,completed,
179,2026-05-15 08:35:00,90,2,8,2026-05-21 09:00:00,30,completed,
180,2026-05-15 09:00:00,126,1,7,2026-05-19 15:00:00,30,completed,
181,2026-05-15 09:10:00,127,1,3,2026-05-18 10:30:00,30,completed,
182,2026-05-15 09:35:00,56,1,8,2026-05-19 09:00:00,30,completed,
183,2026-05-15 09:40:00,128,2,14,2026-05-20 10:30:00,30,completed,
184,2026-05-15 10:10:00,129,6,6,2026-05-15 15:00:00,30,completed,
185,2026-05-15 10:35:00,130,5,3,2026-05-18 13:30:00,30,completed,
186,2026-05-15 11:00:00,131,4,2,2026-05-19 14:30:00,30,completed,
187,2026-05-15 11:15:00,132,6,2,2026-05-20 09:30:00,30,completed,
188,2026-05-15 12:30:00,133,4,2,2026-05-18 10:30:00,30,completed,
189,2026-05-15 12:30:00,134,3,3,2026-05-19 15:00:00,30,completed,
190,2026-05-15 13:05:00,99,5,7,2026-05-19 11:30:00,30,cancelled,Patient cancelled in advance; rescheduling was offered.
191,2026-05-15 13:45:00,135,4,1,2026-05-18 11:00:00,30,completed,
192,2026-05-15 13:45:00,13,1,4,2026-05-18 15:00:00,30,completed,
193,2026-05-15 14:30:00,136,1,7,2026-05-20 11:30:00,30,completed,
194,2026-05-15 15:10:00,137,6,2,2026-05-19 10:30:00,30,completed,
195,2026-05-15 15:30:00,138,3,3,2026-05-19 10:30:00,30,no_show,Patient did not attend; follow-up contact is required.
196,2026-05-15 15:45:00,22,4,10,2026-05-18 15:00:00,30,completed,
197,2026-05-15 16:15:00,139,5,1,2026-05-21 12:00:00,30,no_show,Patient did not attend; follow-up contact is required.
198,2026-05-15 16:20:00,140,4,5,2026-05-20 13:30:00,30,completed,
199,2026-05-16 10:20:00,77,3,3,2026-05-19 11:30:00,30,completed,
200,2026-05-16 19:05:00,61,2,7,2026-05-19 14:30:00,30,completed,
201,2026-05-17 07:30:00,96,6,1,2026-05-18 08:00:00,30,completed,
202,2026-05-17 13:50:00,107,1,10,2026-05-19 14:30:00,30,no_show,Patient did not attend; follow-up contact is required.
203,2026-05-17 14:25:00,58,1,10,2026-05-20 10:00:00,30,completed,
204,2026-05-17 17:15:00,141,6,15,2026-05-19 08:30:00,30,completed,
205,2026-05-18 07:40:00,17,1,1,2026-05-21 16:00:00,30,completed,
206,2026-05-18 08:05:00,62,5,8,2026-05-19 15:30:00,30,completed,
207,2026-05-18 08:20:00,42,3,2,2026-05-21 15:00:00,30,completed,
208,2026-05-18 08:55:00,129,6,9,2026-05-22 11:30:00,30,completed,
209,2026-05-18 08:55:00,142,1,5,2026-05-25 11:30:00,30,completed,
210,2026-05-18 09:15:00,112,4,1,2026-05-25 16:00:00,30,completed,
211,2026-05-18 09:45:00,104,5,1,2026-05-22 10:30:00,30,completed,
212,2026-05-18 09:45:00,14,5,7,2026-05-22 16:00:00,30,completed,
213,2026-05-18 10:10:00,23,2,10,2026-05-20 09:30:00,30,completed,
214,2026-05-18 10:30:00,25,3,10,2026-05-22 12:00:00,30,completed,
215,2026-05-18 11:35:00,143,2,2,2026-05-22 09:00:00,30,completed,
216,2026-05-18 12:00:00,91,2,14,2026-05-25 10:00:00,30,completed,
217,2026-05-18 12:05:00,144,1,3,2026-05-22 09:00:00,30,completed,
218,2026-05-18 12:35:00,35,3,1,2026-05-22 11:30:00,30,completed,
219,2026-05-18 12:40:00,145,3,4,2026-05-20 09:30:00,30,completed,
220,2026-05-18 13:15:00,102,5,7,2026-05-19 09:00:00,30,completed,
221,2026-05-18 13:15:00,146,1,3,2026-05-21 09:00:00,30,completed,
222,2026-05-18 13:30:00,70,1,3,2026-05-20 14:30:00,30,no_show,Patient did not attend; follow-up contact is required.
223,2026-05-18 14:15:00,9,2,7,2026-05-22 12:00:00,30,completed,
224,2026-05-18 14:20:00,50,1,14,2026-05-21 10:30:00,30,completed,
225,2026-05-18 14:30:00,68,2,14,2026-05-19 09:30:00,30,completed,
226,2026-05-18 14:30:00,76,5,10,2026-05-20 15:00:00,30,completed,
227,2026-05-18 14:35:00,147,4,2,2026-05-20 08:00:00,30,completed,
228,2026-05-18 14:50:00,57,4,10,2026-05-22 16:00:00,30,completed,
229,2026-05-18 15:00:00,79,6,2,2026-05-19 16:00:00,30,cancelled,Patient cancelled in advance; rescheduling was offered.
230,2026-05-18 15:10:00,148,6,9,2026-05-22 08:00:00,30,completed,
231,2026-05-18 15:25:00,113,1,8,2026-05-22 10:00:00,30,completed,
232,2026-05-18 16:05:00,82,5,9,2026-05-25 16:00:00,30,completed,
233,2026-05-18 16:25:00,1,4,2,2026-05-22 13:00:00,30,cancelled,Patient cancelled in advance; rescheduling was offered.
234,2026-05-18 16:40:00,149,3,3,2026-05-21 13:00:00,30,completed,
235,2026-05-18 16:50:00,150,4,2,2026-05-22 14:00:00,30,completed,
236,2026-05-18 17:10:00,31,3,10,2026-05-21 16:00:00,30,completed,
237,2026-05-19 08:00:00,151,3,3,2026-05-22 14:00:00,30,completed,
238,2026-05-19 08:05:00,66,5,4,2026-05-21 16:00:00,30,completed,
239,2026-05-19 08:35:00,108,2,7,2026-05-22 14:00:00,30,completed,
240,2026-05-19 08:55:00,123,1,7,2026-05-22 13:00:00,30,completed,
241,2026-05-19 09:15:00,141,2,14,2026-05-26 10:30:00,30,completed,
242,2026-05-19 09:25:00,152,4,2,2026-05-25 13:00:00,30,cancelled,Patient cancelled in advance; rescheduling was offered.
243,2026-05-19 09:30:00,153,4,2,2026-05-22 08:00:00,30,completed,
244,2026-05-19 12:20:00,88,6,10,2026-05-25 08:00:00,30,completed,
245,2026-05-19 12:30:00,154,1,8,2026-05-26 09:00:00,30,no_show,Patient did not attend; follow-up contact is required.
246,2026-05-19 13:05:00,155,4,5,2026-05-21 12:00:00,30,completed,
247,2026-05-19 13:15:00,156,3,3,2026-05-22 10:00:00,30,completed,
248,2026-05-19 13:30:00,157,4,2,2026-05-26 09:30:00,30,completed,
249,2026-05-19 13:55:00,158,5,3,2026-05-25 10:30:00,30,completed,
250,2026-05-19 14:50:00,159,3,2,2026-05-25 10:00:00,30,completed,
251,2026-05-19 15:00:00,119,4,10,2026-05-22 11:30:00,30,completed,
252,2026-05-19 15:05:00,122,6,15,2026-05-20 10:00:00,30,cancelled,Patient cancelled in advance; rescheduling was offered.
253,2026-05-19 15:15:00,5,6,1,2026-05-20 12:00:00,30,completed,
254,2026-05-19 15:35:00,134,3,1,2026-05-22 13:30:00,30,completed,
255,2026-05-19 16:05:00,87,1,10,2026-05-22 14:30:00,30,completed,
256,2026-05-19 16:30:00,160,5,3,2026-05-25 15:00:00,30,completed,
257,2026-05-19 17:00:00,161,5,3,2026-05-20 13:00:00,30,completed,
258,2026-05-19 17:40:00,162,3,3,2026-05-22 16:00:00,30,completed,
259,2026-05-20 08:25:00,18,2,10,2026-05-22 11:00:00,30,completed,
260,2026-05-20 08:40:00,98,6,10,2026-05-22 11:00:00,30,completed,
261,2026-05-20 08:45:00,69,3,13,2026-05-22 08:00:00,30,completed,
262,2026-05-20 08:55:00,163,5,3,2026-05-21 14:00:00,30,completed,
263,2026-05-20 09:15:00,164,1,7,2026-05-22 15:30:00,30,completed,
264,2026-05-20 09:15:00,71,1,3,2026-05-25 10:30:00,30,completed,
265,2026-05-20 09:30:00,165,4,2,2026-05-25 14:00:00,30,no_show,Patient did not attend; follow-up contact is required.
266,2026-05-20 09:35:00,166,2,1,2026-05-25 16:00:00,30,completed,
267,2026-05-20 10:00:00,167,2,8,2026-05-25 08:00:00,30,cancelled,Patient cancelled in advance; rescheduling was offered.
268,2026-05-20 11:25:00,168,4,2,2026-05-25 08:00:00,30,completed,
269,2026-05-20 12:15:00,169,3,12,2026-05-25 08:30:00,30,completed,
270,2026-05-20 12:15:00,118,5,7,2026-05-25 11:30:00,30,completed,
271,2026-05-20 12:40:00,89,4,10,2026-05-25 16:30:00,30,completed,
272,2026-05-20 12:45:00,170,1,13,2026-05-21 14:30:00,30,completed,
273,2026-05-20 14:20:00,55,2,7,2026-05-25 11:30:00,30,completed,
274,2026-05-20 14:35:00,171,4,2,2026-05-25 13:30:00,30,completed,
275,2026-05-20 15:05:00,43,2,10,2026-05-25 09:30:00,30,no_show,Patient did not attend; follow-up contact is required.
276,2026-05-20 15:35:00,94,1,14,2026-05-26 11:00:00,30,completed,
277,2026-05-20 15:45:00,172,4,1,2026-05-25 15:30:00,30,no_show,Patient did not attend; follow-up contact is required.
278,2026-05-20 18:45:00,173,2,1,2026-05-22 15:00:00,30,completed,
279,2026-05-21 08:35:00,174,5,6,2026-05-22 11:00:00,30,completed,
280,2026-05-21 09:00:00,175,5,3,2026-05-26 15:30:00,30,completed,
281,2026-05-21 09:05:00,176,6,2,2026-05-28 15:30:00,30,completed,
282,2026-05-21 09:15:00,177,2,2,2026-05-28 16:30:00,30,completed,
283,2026-05-21 10:10:00,178,3,3,2026-05-26 12:00:00,30,completed,
284,2026-05-21 10:25:00,179,1,3,2026-05-25 13:30:00,30,completed,
285,2026-05-21 10:50:00,180,5,3,2026-05-28 09:30:00,30,completed,
286,2026-05-21 11:25:00,181,6,9,2026-05-22 10:00:00,30,completed,
287,2026-05-21 11:55:00,182,2,7,2026-05-25 14:00:00,30,completed,
288,2026-05-21 12:20:00,183,1,8,2026-05-26 13:30:00,30,cancelled,Patient cancelled in advance; rescheduling was offered.
289,2026-05-21 12:55:00,109,4,2,2026-05-22 14:30:00,30,completed,
290,2026-05-21 12:55:00,184,5,7,2026-05-26 14:00:00,30,completed,
291,2026-05-21 13:25:00,185,4,2,2026-05-25 14:30:00,30,cancelled,Patient cancelled in advance; rescheduling was offered.
292,2026-05-21 13:40:00,186,6,9,2026-05-26 14:30:00,30,no_show,Patient did not attend; follow-up contact is required.
293,2026-05-21 14:25:00,45,3,3,2026-05-25 10:30:00,30,no_show,Patient did not attend; follow-up contact is required.
294,2026-05-21 14:40:00,187,4,1,2026-05-27 09:30:00,30,completed,
295,2026-05-21 14:40:00,188,6,15,2026-05-28 09:00:00,30,cancelled,Patient cancelled in advance; rescheduling was offered.
296,2026-05-21 15:05:00,189,2,1,2026-05-22 15:30:00,30,completed,
297,2026-05-21 15:15:00,131,2,14,2026-05-26 09:00:00,30,completed,
298,2026-05-21 15:15:00,120,1,8,2026-05-26 15:00:00,30,no_show,Patient did not attend; follow-up contact is required.
299,2026-05-21 15:20:00,107,4,10,2026-05-27 08:00:00,30,completed,
300,2026-05-21 15:25:00,48,2,10,2026-05-25 12:30:00,30,completed,
301,2026-05-21 15:35:00,190,3,2,2026-05-27 13:00:00,30,completed,
302,2026-05-21 15:40:00,191,3,3,2026-05-22 15:00:00,30,cancelled,Patient cancelled in advance; rescheduling was offered.
303,2026-05-21 15:40:00,114,1,10,2026-05-25 13:00:00,30,completed,
304,2026-05-22 08:00:00,163,5,7,2026-05-27 16:00:00,30,completed,
305,2026-05-22 08:05:00,192,1,3,2026-05-25 09:30:00,30,completed,
306,2026-05-22 08:15:00,193,5,1,2026-05-25 09:30:00,30,completed,
307,2026-05-22 08:45:00,194,5,7,2026-05-25 08:00:00,30,completed,
308,2026-05-22 09:10:00,195,2,7,2026-05-25 15:00:00,30,no_show,Patient did not attend; follow-up contact is required.
309,2026-05-22 09:40:00,106,5,1,2026-05-25 14:30:00,30,completed,
310,2026-05-22 09:45:00,196,4,1,2026-05-26 15:00:00,30,completed,
311,2026-05-22 10:05:00,197,3,3,2026-05-25 11:30:00,30,completed,
312,2026-05-22 10:10:00,198,1,14,2026-05-25 08:00:00,30,completed,
313,2026-05-22 10:25:00,199,4,1,2026-05-26 16:30:00,30,completed,
314,2026-05-22 10:30:00,200,4,2,2026-05-26 15:30:00,30,completed,
315,2026-05-22 10:35:00,201,5,7,2026-05-22 11:30:00,30,completed,
316,2026-05-22 10:55:00,97,1,10,2026-05-26 10:30:00,30,completed,
317,2026-05-22 11:00:00,156,3,12,2026-05-25 13:30:00,30,cancelled,Patient cancelled in advance; rescheduling was offered.
318,2026-05-22 12:00:00,93,1,3,2026-05-25 14:30:00,30,completed,
319,2026-05-22 12:00:00,201,5,10,2026-05-26 11:30:00,30,completed,
320,2026-05-22 12:40:00,202,2,2,2026-05-25 16:30:00,30,completed,
321,2026-05-22 13:15:00,139,5,1,2026-05-25 09:00:00,30,completed,
322,2026-05-22 13:25:00,203,3,3,2026-05-25 15:00:00,30,completed,
323,2026-05-22 13:50:00,128,2,14,2026-05-28 10:30:00,30,completed,
324,2026-05-22 14:15:00,56,2,8,2026-05-26 13:00:00,30,completed,
325,2026-05-22 15:00:00,204,1,3,2026-05-25 16:00:00,30,completed,
326,2026-05-22 15:00:00,205,4,1,2026-05-26 16:00:00,30,completed,
327,2026-05-22 15:20:00,64,5,7,2026-05-26 10:30:00,30,completed,
328,2026-05-22 15:45:00,206,6,2,2026-05-22 16:00:00,30,completed,
329,2026-05-22 16:35:00,81,4,1,2026-05-26 08:30:00,30,completed,
330,2026-05-22 16:45:00,207,1,7,2026-05-26 08:00:00,30,completed,
331,2026-05-22 17:00:00,57,4,1,2026-05-27 15:30:00,30,completed,
332,2026-05-23 08:15:00,208,4,2,2026-05-27 09:00:00,30,completed,
333,2026-05-23 17:35:00,209,5,7,2026-05-29 15:30:00,30,completed,
334,2026-05-23 19:05:00,210,2,7,2026-05-29 14:30:00,30,no_show,Patient did not attend; follow-up contact is required.
335,2026-05-23 19:20:00,211,6,2,2026-05-26 15:30:00,30,completed,
336,2026-05-24 07:00:00,191,3,3,2026-05-29 15:30:00,30,completed,
337,2026-05-24 07:05:00,212,1,3,2026-05-28 09:00:00,30,cancelled,Patient cancelled in advance; rescheduling was offered.
338,2026-05-24 07:30:00,102,5,10,2026-05-25 12:30:00,30,completed,
339,2026-05-24 09:10:00,213,6,15,2026-06-01 08:00:00,30,completed,
340,2026-05-24 09:40:00,22,4,2,2026-05-26 14:30:00,30,completed,
341,2026-05-24 10:10:00,214,4,2,2026-05-28 14:00:00,30,completed,
342,2026-05-24 12:40:00,215,2,1,2026-05-29 13:00:00,30,completed,
343,2026-05-24 15:10:00,59,2,1,2026-05-29 13:30:00,30,completed,
344,2026-05-24 15:35:00,99,1,7,2026-05-27 10:30:00,30,no_show,Patient did not attend; follow-up contact is required.
345,2026-05-25 08:15:00,90,2,10,2026-05-26 08:00:00,30,completed,
346,2026-05-25 09:55:00,147,1,14,2026-05-27 09:00:00,30,completed,
347,2026-05-25 10:05:00,125,2,8,2026-05-28 09:00:00,30,completed,
348,2026-05-25 10:10:00,113,1,8,2026-06-01 09:00:00,30,completed,
349,2026-05-25 10:15:00,216,3,3,2026-05-28 10:30:00,30,completed,
350,2026-05-25 10:15:00,217,5,3,2026-05-29 14:30:00,30,completed,
351,2026-05-25 10:20:00,218,4,2,2026-05-28 13:00:00,30,completed,
352,2026-05-25 10:20:00,219,3,3,2026-06-01 08:30:00,30,completed,
353,2026-05-25 10:45:00,70,1,3,2026-05-27 14:30:00,30,no_show,Patient did not attend; follow-up contact is required.
354,2026-05-25 10:45:00,61,4,10,2026-05-28 11:00:00,30,completed,
355,2026-05-25 11:30:00,220,2,8,2026-06-01 10:30:00,30,completed,
356,2026-05-25 11:50:00,189,6,9,2026-05-28 14:00:00,30,completed,
357,2026-05-25 12:20:00,72,3,3,2026-05-28 08:00:00,30,completed,
358,2026-05-25 12:25:00,76,4,1,2026-05-26 09:00:00,30,cancelled,Patient cancelled in advance; rescheduling was offered.
359,2026-05-25 12:40:00,132,6,10,2026-05-28 11:00:00,30,completed,
360,2026-05-25 12:50:00,122,6,10,2026-05-28 13:30:00,30,completed,
361,2026-05-25 12:55:00,221,5,6,2026-05-25 14:00:00,30,completed,
362,2026-05-25 13:00:00,31,3,10,2026-05-29 11:00:00,30,completed,
363,2026-05-25 13:20:00,124,6,15,2026-05-29 09:00:00,30,completed,
364,2026-05-25 13:30:00,222,2,8,2026-05-27 10:00:00,30,completed,
365,2026-05-25 13:35:00,62,5,10,2026-05-29 16:30:00,30,completed,
366,2026-05-25 13:40:00,136,1,14,2026-05-28 10:00:00,30,completed,
367,2026-05-25 13:45:00,181,6,15,2026-05-27 09:30:00,30,completed,
368,2026-05-25 13:45:00,171,5,9,2026-06-01 16:00:00,30,completed,
369,2026-05-25 13:50:00,46,5,7,2026-05-26 13:00:00,30,completed,
370,2026-05-25 14:05:00,223,4,2,2026-05-27 14:30:00,30,completed,
371,2026-05-25 14:15:00,224,4,2,2026-05-29 14:30:00,30,completed,
372,2026-05-25 14:45:00,164,1,10,2026-05-29 13:30:00,30,completed,
373,2026-05-25 15:10:00,27,5,5,2026-05-27 15:30:00,30,completed,
374,2026-05-25 15:40:00,225,2,14,2026-05-29 09:00:00,30,completed,
375,2026-05-25 15:50:00,49,5,3,2026-06-01 14:30:00,30,completed,
376,2026-05-25 16:00:00,203,3,12,2026-05-27 09:30:00,30,completed,
377,2026-05-25 16:00:00,226,5,7,2026-05-29 13:30:00,30,completed,
378,2026-05-25 16:35:00,227,1,3,2026-05-29 09:00:00,30,completed,
379,2026-05-25 16:35:00,10,4,11,2026-05-29 16:00:00,30,completed,
380,2026-05-25 16:50:00,111,1,7,2026-05-29 14:00:00,30,cancelled,Patient cancelled in advance; rescheduling was offered.
381,2026-05-25 16:55:00,150,2,7,2026-05-29 11:00:00,30,completed,
382,2026-05-25 17:05:00,202,1,9,2026-05-29 08:00:00,30,completed,
383,2026-05-25 17:25:00,105,3,12,2026-06-01 10:00:00,30,completed,
384,2026-05-26 08:00:00,152,4,2,2026-05-28 15:30:00,30,no_show,Patient did not attend; follow-up contact is required.
385,2026-05-26 08:25:00,228,5,9,2026-06-02 15:30:00,30,completed,
386,2026-05-26 08:55:00,90,2,1,2026-06-01 14:30:00,30,completed,
387,2026-05-26 09:15:00,81,1,9,2026-05-27 16:00:00,30,completed,
388,2026-05-26 09:45:00,229,4,2,2026-05-29 14:00:00,30,completed,
389,2026-05-26 10:30:00,160,5,10,2026-05-29 13:00:00,30,completed,
390,2026-05-26 10:50:00,146,1,10,2026-05-29 15:00:00,30,completed,
391,2026-05-26 11:35:00,230,4,2,2026-06-01 11:00:00,30,no_show,Patient did not attend; follow-up contact is required.
392,2026-05-26 12:00:00,165,3,2,2026-05-29 15:00:00,30,completed,
393,2026-05-26 12:25:00,112,5,9,2026-06-02 10:00:00,30,completed,
394,2026-05-26 12:55:00,14,5,7,2026-05-27 13:30:00,30,completed,
395,2026-05-26 13:50:00,231,2,7,2026-06-02 10:30:00,30,completed,
396,2026-05-26 14:15:00,232,4,2,2026-05-28 08:30:00,30,cancelled,Patient cancelled in advance; rescheduling was offered.
397,2026-05-26 14:50:00,233,4,1,2026-05-28 16:30:00,30,completed,
398,2026-05-26 14:50:00,234,3,3,2026-05-29 09:30:00,30,completed,
399,2026-05-26 16:00:00,174,1,7,2026-06-01 16:00:00,30,completed,
400,2026-05-26 16:05:00,235,4,1,2026-05-28 11:30:00,30,completed,
401,2026-05-26 16:10:00,236,3,1,2026-05-27 14:00:00,30,completed,
402,2026-05-26 18:15:00,237,1,9,2026-05-29 15:30:00,30,completed,
403,2026-05-27 08:00:00,238,6,1,2026-05-28 11:30:00,30,completed,
404,2026-05-27 08:05:00,239,5,9,2026-06-02 11:30:00,30,completed,
405,2026-05-27 08:20:00,200,4,10,2026-06-02 16:30:00,30,completed,
406,2026-05-27 08:25:00,120,2,7,2026-06-01 15:30:00,30,cancelled,Patient cancelled in advance; rescheduling was offered.
407,2026-05-27 09:15:00,1,4,2,2026-05-28 10:00:00,30,completed,
408,2026-05-27 09:45:00,153,1,7,2026-05-28 16:00:00,30,completed,
409,2026-05-27 09:55:00,187,2,7,2026-06-01 13:30:00,30,completed,
410,2026-05-27 10:30:00,115,3,13,2026-06-02 15:30:00,30,completed,
411,2026-05-27 11:30:00,240,4,2,2026-05-28 16:00:00,30,completed,
412,2026-05-27 11:40:00,241,3,2,2026-06-02 09:30:00,30,cancelled,Patient cancelled in advance; rescheduling was offered.
413,2026-05-27 12:05:00,80,1,3,2026-06-02 11:00:00,30,completed,
414,2026-05-27 12:20:00,166,3,12,2026-06-01 11:30:00,30,completed,
415,2026-05-27 12:40:00,242,2,1,2026-05-29 10:30:00,30,completed,
416,2026-05-27 12:40:00,185,4,2,2026-06-02 09:30:00,30,completed,
417,2026-05-27 12:40:00,6,4,11,2026-06-02 11:30:00,30,completed,
418,2026-05-27 13:00:00,16,4,2,2026-06-02 14:30:00,30,completed,
419,2026-05-27 13:15:00,243,6,1,2026-05-29 12:00:00,30,completed,
420,2026-05-27 13:40:00,91,2,10,2026-05-28 12:30:00,30,completed,
421,2026-05-27 13:40:00,75,4,11,2026-06-02 15:00:00,30,completed,
422,2026-05-27 15:00:00,244,2,7,2026-05-29 08:00:00,30,cancelled,Patient cancelled in advance; rescheduling was offered.
423,2026-05-27 15:05:00,143,2,10,2026-06-02 11:30:00,30,completed,
424,2026-05-27 15:10:00,156,3,12,2026-06-02 10:00:00,30,completed,
425,2026-05-27 16:00:00,196,1,2,2026-05-29 10:00:00,30,completed,
426,2026-05-27 16:40:00,148,5,10,2026-05-29 08:00:00,30,cancelled,Patient cancelled in advance; rescheduling was offered.
427,2026-05-27 16:45:00,245,1,7,2026-05-29 10:30:00,30,completed,
428,2026-05-27 16:45:00,195,2,7,2026-05-29 16:00:00,30,completed,
429,2026-05-27 16:50:00,246,6,1,2026-05-28 12:00:00,30,completed,
430,2026-05-28 08:25:00,172,5,1,2026-06-03 15:00:00,30,completed,
431,2026-05-28 08:45:00,114,1,1,2026-05-28 11:30:00,30,completed,
432,2026-05-28 09:00:00,13,1,3,2026-05-29 11:30:00,30,completed,
433,2026-05-28 09:05:00,198,1,10,2026-05-29 16:30:00,30,completed,
434,2026-05-28 09:10:00,179,1,1,2026-05-28 13:00:00,30,completed,
435,2026-05-28 09:15:00,104,5,7,2026-06-01 09:30:00,30,completed,
436,2026-05-28 09:40:00,87,6,2,2026-06-01 12:00:00,30,completed,
437,2026-05-28 09:45:00,247,5,4,2026-06-02 11:00:00,30,completed,
438,2026-05-28 10:05:00,142,2,1,2026-06-02 16:30:00,30,completed,
439,2026-05-28 10:35:00,41,5,3,2026-05-28 11:00:00,30,completed,
440,2026-05-28 10:50:00,108,2,8,2026-05-28 14:00:00,30,completed,
441,2026-05-28 11:10:00,248,2,7,2026-05-28 15:30:00,30,completed,
442,2026-05-28 12:35:00,54,3,3,2026-05-29 14:00:00,30,completed,
443,2026-05-28 12:45:00,35,1,7,2026-06-01 14:30:00,30,completed,
444,2026-05-28 12:50:00,249,1,8,2026-06-02 08:30:00,30,completed,
445,2026-05-28 12:55:00,206,1,14,2026-06-01 10:30:00,30,completed,
446,2026-05-28 13:00:00,246,6,9,2026-06-01 11:00:00,30,completed,
447,2026-05-28 13:50:00,250,3,13,2026-05-28 14:00:00,30,completed,
448,2026-05-28 14:30:00,129,6,10,2026-06-02 13:00:00,30,completed,
449,2026-05-28 14:50:00,251,5,7,2026-06-01 08:30:00,30,cancelled,Patient cancelled in advance; rescheduling was offered.
450,2026-05-28 15:15:00,252,4,2,2026-06-03 13:00:00,30,completed,
451,2026-05-28 15:40:00,33,4,11,2026-06-01 16:30:00,30,completed,
452,2026-05-28 16:05:00,135,5,3,2026-06-01 10:30:00,30,completed,
453,2026-05-28 16:10:00,253,5,3,2026-05-29 09:00:00,30,completed,
454,2026-05-28 16:15:00,153,1,10,2026-06-01 15:30:00,30,completed,
455,2026-05-28 16:25:00,176,2,7,2026-06-02 15:00:00,30,completed,
456,2026-05-28 16:55:00,56,4,10,2026-06-03 16:00:00,30,completed,
457,2026-05-28 19:40:00,70,1,3,2026-06-02 10:00:00,30,completed,
458,2026-05-28 19:55:00,254,5,7,2026-06-04 13:00:00,30,completed,
459,2026-05-29 08:55:00,255,3,3,2026-06-01 14:00:00,30,completed,
460,2026-05-29 09:10:00,32,4,11,2026-06-01 13:30:00,30,completed,
461,2026-05-29 09:30:00,256,4,5,2026-05-29 15:30:00,30,no_show,Patient did not attend; follow-up contact is required.
462,2026-05-29 10:05:00,212,1,3,2026-06-01 13:30:00,30,completed,
463,2026-05-29 10:45:00,257,4,5,2026-06-03 13:30:00,30,completed,
464,2026-05-29 10:55:00,258,3,3,2026-06-02 14:00:00,30,completed,
465,2026-05-29 12:35:00,259,4,2,2026-06-01 14:00:00,30,completed,
466,2026-05-29 12:40:00,167,2,8,2026-06-01 09:00:00,30,cancelled,Patient cancelled in advance; rescheduling was offered.
467,2026-05-29 12:50:00,182,2,10,2026-06-02 12:00:00,30,completed,
468,2026-05-29 13:10:00,169,3,10,2026-06-02 11:30:00,30,completed,
469,2026-05-29 13:20:00,260,6,6,2026-06-01 15:00:00,30,cancelled,Patient cancelled in advance; rescheduling was offered.
470,2026-05-29 13:30:00,144,5,4,2026-06-01 08:00:00,30,completed,
471,2026-05-29 14:05:00,110,5,3,2026-06-03 10:30:00,30,completed,
472,2026-05-29 14:15:00,261,6,15,2026-06-02 09:00:00,30,completed,
473,2026-05-29 14:45:00,54,3,10,2026-06-02 15:00:00,30,no_show,Patient did not attend; follow-up contact is required.
474,2026-05-29 15:15:00,262,4,1,2026-06-01 14:30:00,30,completed,
475,2026-05-29 15:35:00,263,1,7,2026-06-02 12:00:00,30,completed,
476,2026-05-29 15:35:00,233,2,7,2026-06-02 14:00:00,30,no_show,Patient did not attend; follow-up contact is required.
477,2026-05-29 16:00:00,264,6,6,2026-05-29 16:30:00,30,no_show,Patient did not attend; follow-up contact is required.
478,2026-05-29 16:05:00,265,6,6,2026-06-01 10:00:00,30,completed,
479,2026-05-29 16:30:00,266,5,7,2026-06-01 13:30:00,30,completed,
480,2026-05-30 07:05:00,267,1,14,2026-06-02 14:00:00,30,completed,
481,2026-05-30 10:20:00,11,3,3,2026-06-03 16:00:00,30,no_show,Patient did not attend; follow-up contact is required.
482,2026-05-30 11:15:00,268,2,1,2026-06-02 08:30:00,30,completed,
483,2026-05-30 13:40:00,269,4,2,2026-06-04 11:30:00,30,completed,
484,2026-05-30 14:35:00,146,3,12,2026-06-02 08:00:00,30,completed,
485,2026-05-30 19:25:00,148,5,10,2026-06-02 13:30:00,30,completed,
486,2026-05-30 20:05:00,136,1,10,2026-06-03 09:00:00,30,completed,
487,2026-05-31 15:15:00,270,5,3,2026-06-04 15:00:00,30,completed,
488,2026-05-31 18:00:00,232,4,2,2026-06-02 15:30:00,30,completed,
489,2026-05-31 19:10:00,69,1,3,2026-06-02 15:30:00,30,cancelled,Patient cancelled in advance; rescheduling was offered.
490,2026-05-31 19:40:00,188,6,15,2026-06-05 10:00:00,30,completed,
491,2026-06-01 08:10:00,197,2,7,2026-06-02 09:00:00,30,completed,
492,2026-06-01 08:10:00,99,1,7,2026-06-09 10:30:00,30,no_show,Patient did not attend; follow-up contact is required.
493,2026-06-01 08:25:00,243,2,7,2026-06-04 13:00:00,30,completed,
494,2026-06-01 08:30:00,44,4,2,2026-06-05 10:30:00,30,completed,
495,2026-06-01 08:50:00,184,5,10,2026-06-08 15:00:00,30,completed,
496,2026-06-01 08:55:00,271,4,1,2026-06-08 11:30:00,30,completed,
497,2026-06-01 09:20:00,272,5,2,2026-06-09 14:00:00,30,completed,
498,2026-06-01 09:35:00,210,2,7,2026-06-04 14:30:00,30,completed,
499,2026-06-01 09:45:00,154,1,8,2026-06-05 08:30:00,30,completed,
500,2026-06-01 09:45:00,248,3,10,2026-06-05 10:30:00,30,completed,
501,2026-06-01 09:50:00,150,4,10,2026-06-04 09:30:00,30,completed,
502,2026-06-01 10:05:00,215,3,12,2026-06-10 09:00:00,30,completed,
503,2026-06-01 10:10:00,93,3,12,2026-06-08 09:00:00,30,completed,
504,2026-06-01 10:20:00,161,5,4,2026-06-05 15:00:00,30,completed,
505,2026-06-01 10:25:00,273,6,6,2026-06-03 14:00:00,30,completed,
506,2026-06-01 10:55:00,274,5,3,2026-06-10 08:00:00,30,completed,
507,2026-06-01 11:20:00,186,6,15,2026-06-03 09:30:00,30,completed,
508,2026-06-01 11:25:00,237,4,1,2026-06-08 09:30:00,30,completed,
509,2026-06-01 12:00:00,141,2,14,2026-06-08 09:00:00,30,completed,
510,2026-06-01 12:20:00,114,1,8,2026-06-10 09:30:00,30,completed,
511,2026-06-01 12:30:00,178,3,10,2026-06-10 14:30:00,30,completed,
512,2026-06-01 12:45:00,164,5,7,2026-06-05 13:30:00,30,completed,
513,2026-06-01 13:00:00,94,4,10,2026-06-05 14:00:00,30,cancelled,Patient cancelled in advance; rescheduling was offered.
514,2026-06-01 13:10:00,71,1,7,2026-06-03 14:30:00,30,completed,
515,2026-06-01 13:10:00,275,2,8,2026-06-05 10:00:00,30,completed,
516,2026-06-01 13:15:00,276,3,12,2026-06-08 10:30:00,30,cancelled,Patient cancelled in advance; rescheduling was offered.
517,2026-06-01 13:25:00,226,5,10,2026-06-05 16:00:00,30,completed,
518,2026-06-01 13:30:00,277,2,8,2026-06-03 09:00:00,30,completed,
519,2026-06-01 13:30:00,88,6,2,2026-06-03 12:00:00,30,completed,
520,2026-06-01 13:35:00,278,5,6,2026-06-02 09:30:00,30,completed,
521,2026-06-01 13:45:00,253,5,10,2026-06-05 08:30:00,30,completed,
522,2026-06-01 13:55:00,199,4,10,2026-06-01 15:00:00,30,completed,
523,2026-06-01 14:05:00,41,5,1,2026-06-10 15:00:00,30,no_show,Patient did not attend; follow-up contact is required.
524,2026-06-01 14:45:00,31,3,12,2026-06-03 09:30:00,30,completed,
525,2026-06-01 14:45:00,211,6,10,2026-06-09 08:00:00,30,completed,
526,2026-06-01 15:10:00,125,2,14,2026-06-08 10:30:00,30,completed,
527,2026-06-01 15:15:00,139,3,3,2026-06-04 08:30:00,30,completed,
528,2026-06-01 15:15:00,279,4,2,2026-06-08 16:30:00,30,completed,
529,2026-06-01 15:25:00,199,1,14,2026-06-05 10:00:00,30,completed,
530,2026-06-01 15:35:00,280,1,3,2026-06-04 14:00:00,30,completed,
531,2026-06-01 16:00:00,201,4,10,2026-06-05 15:30:00,30,completed,
532,2026-06-01 16:05:00,223,5,8,2026-06-03 15:30:00,30,completed,
533,2026-06-01 16:20:00,140,5,4,2026-06-09 10:30:00,30,completed,
534,2026-06-01 16:30:00,207,1,10,2026-06-08 10:30:00,30,completed,
535,2026-06-01 16:35:00,24,4,2,2026-06-03 14:00:00,30,cancelled,Patient cancelled in advance; rescheduling was offered.
536,2026-06-01 16:35:00,126,1,3,2026-06-08 12:00:00,30,completed,
537,2026-06-01 16:35:00,256,4,5,2026-06-08 12:00:00,30,completed,
538,2026-06-01 16:40:00,236,6,15,2026-06-09 09:30:00,30,completed,
539,2026-06-01 16:45:00,281,1,3,2026-06-03 08:00:00,30,completed,
540,2026-06-01 16:45:00,91,3,12,2026-06-04 10:00:00,30,completed,
541,2026-06-01 16:45:00,174,1,10,2026-06-05 15:30:00,30,cancelled,Patient cancelled in advance; rescheduling was offered.
542,2026-06-01 16:55:00,108,2,7,2026-06-08 15:30:00,30,no_show,Patient did not attend; follow-up contact is required.
543,2026-06-01 17:30:00,282,4,2,2026-06-05 14:30:00,30,completed,
544,2026-06-01 20:45:00,177,2,7,2026-06-09 09:30:00,30,completed,
545,2026-06-02 08:15:00,165,4,10,2026-06-10 14:00:00,30,completed,
546,2026-06-02 08:50:00,244,2,8,2026-06-05 08:30:00,30,completed,
547,2026-06-02 09:20:00,283,3,12,2026-06-08 13:00:00,30,completed,
548,2026-06-02 09:30:00,261,6,10,2026-06-10 14:30:00,30,completed,
549,2026-06-02 09:40:00,204,5,4,2026-06-05 10:00:00,30,completed,
550,2026-06-02 09:50:00,265,6,9,2026-06-10 09:00:00,30,completed,
551,2026-06-02 10:40:00,235,1,7,2026-06-08 11:00:00,30,completed,
552,2026-06-02 10:45:00,284,4,1,2026-06-05 12:30:00,30,completed,
553,2026-06-02 10:55:00,285,5,9,2026-06-10 14:00:00,30,completed,
554,2026-06-02 11:10:00,286,1,6,2026-06-03 16:30:00,30,completed,
555,2026-06-02 11:20:00,287,1,8,2026-06-09 09:00:00,30,completed,
556,2026-06-02 11:50:00,116,5,3,2026-06-11 15:30:00,30,cancelled,Patient cancelled in advance; rescheduling was offered.
557,2026-06-02 12:15:00,288,5,3,2026-06-08 13:30:00,30,completed,
558,2026-06-02 12:25:00,289,1,7,2026-06-08 14:30:00,30,completed,
559,2026-06-02 12:30:00,214,6,15,2026-06-04 08:30:00,30,completed,
560,2026-06-02 12:40:00,180,5,10,2026-06-05 15:30:00,30,completed,
561,2026-06-02 13:05:00,290,2,7,2026-06-08 14:30:00,30,completed,
562,2026-06-02 13:30:00,291,4,2,2026-06-05 11:30:00,30,completed,
563,2026-06-02 13:40:00,130,5,4,2026-06-08 09:30:00,30,cancelled,Patient cancelled in advance; rescheduling was offered.
564,2026-06-02 14:55:00,292,4,2,2026-06-10 15:00:00,30,completed,
565,2026-06-02 15:55:00,228,5,10,2026-06-09 12:30:00,30,completed,
566,2026-06-02 15:55:00,293,4,2,2026-06-09 16:30:00,30,completed,
567,2026-06-02 16:05:00,167,2,8,2026-06-09 08:00:00,30,completed,
568,2026-06-02 16:25:00,294,1,6,2026-06-02 16:30:00,30,cancelled,Patient cancelled in advance; rescheduling was offered.
569,2026-06-02 16:50:00,295,6,15,2026-06-04 10:30:00,30,completed,
570,2026-06-02 17:25:00,296,1,9,2026-06-05 16:00:00,30,completed,
571,2026-06-02 17:25:00,111,1,10,2026-06-11 12:30:00,30,completed,
572,2026-06-02 18:40:00,297,5,4,2026-06-08 15:30:00,30,completed,
573,2026-06-02 20:15:00,238,1,14,2026-06-04 09:30:00,30,completed,
574,2026-06-03 07:50:00,264,2,6,2026-06-04 11:30:00,30,completed,
575,2026-06-03 08:35:00,298,5,7,2026-06-09 14:30:00,30,completed,
576,2026-06-03 09:00:00,225,2,8,2026-06-04 09:30:00,30,completed,
577,2026-06-03 09:05:00,299,1,6,2026-06-05 14:30:00,30,completed,
578,2026-06-03 09:15:00,300,4,1,2026-06-10 09:00:00,30,completed,
579,2026-06-03 09:25:00,301,4,2,2026-06-10 10:30:00,30,completed,
580,2026-06-03 09:30:00,302,3,3,2026-06-08 14:30:00,30,completed,
581,2026-06-03 09:40:00,303,1,6,2026-06-03 10:00:00,30,completed,
582,2026-06-03 10:50:00,303,1,7,2026-06-08 09:30:00,30,cancelled,Patient cancelled in advance; rescheduling was offered.
583,2026-06-03 11:00:00,294,1,6,2026-06-05 12:00:00,30,completed,
584,2026-06-03 11:50:00,260,6,6,2026-06-03 16:00:00,30,completed,
585,2026-06-03 12:15:00,191,5,7,2026-06-11 14:30:00,30,completed,
586,2026-06-03 12:25:00,189,6,10,2026-06-08 15:30:00,30,completed,
587,2026-06-03 12:35:00,160,3,3,2026-06-03 13:30:00,30,completed,
588,2026-06-03 12:40:00,159,3,3,2026-06-05 15:00:00,30,completed,
589,2026-06-03 12:45:00,304,5,3,2026-06-09 11:30:00,30,completed,
590,2026-06-03 13:30:00,305,2,7,2026-06-11 08:30:00,30,completed,
591,2026-06-03 13:40:00,143,2,10,2026-06-08 12:00:00,30,completed,
592,2026-06-03 13:45:00,306,1,9,2026-06-04 15:30:00,30,completed,
593,2026-06-03 13:45:00,66,5,5,2026-06-09 11:00:00,30,completed,
594,2026-06-03 13:55:00,307,2,7,2026-06-05 14:00:00,30,completed,
595,2026-06-03 14:30:00,255,3,10,2026-06-11 11:30:00,30,completed,
596,2026-06-03 15:15:00,200,4,1,2026-06-08 12:30:00,30,completed,
597,2026-06-03 15:15:00,308,1,3,2026-06-09 16:00:00,30,no_show,Patient did not attend; follow-up contact is required.
598,2026-06-03 15:20:00,196,6,15,2026-06-12 08:00:00,30,completed,
599,2026-06-03 15:30:00,309,5,6,2026-06-04 08:00:00,30,completed,
600,2026-06-03 15:35:00,310,5,6,2026-06-05 16:30:00,30,cancelled,Patient cancelled in advance; rescheduling was offered.
601,2026-06-04 08:10:00,104,5,10,2026-06-05 14:30:00,30,completed,
602,2026-06-04 09:20:00,311,2,8,2026-06-12 09:30:00,30,cancelled,Patient cancelled in advance; rescheduling was offered.
603,2026-06-04 09:55:00,312,1,3,2026-06-08 08:30:00,30,completed,
604,2026-06-04 10:25:00,313,5,6,2026-06-05 11:00:00,30,completed,
605,2026-06-04 10:30:00,202,1,1,2026-06-09 08:30:00,30,completed,
606,2026-06-04 11:05:00,86,3,3,2026-06-11 13:30:00,30,completed,
607,2026-06-04 11:10:00,260,6,10,2026-06-09 14:00:00,30,completed,
608,2026-06-04 11:15:00,241,2,8,2026-06-09 11:00:00,30,cancelled,Patient cancelled in advance; rescheduling was offered.
609,2026-06-04 12:00:00,314,4,1,2026-06-09 14:30:00,30,completed,
610,2026-06-04 12:35:00,315,4,1,2026-06-09 16:00:00,30,completed,
611,2026-06-04 13:00:00,316,5,3,2026-06-08 16:00:00,30,cancelled,Patient cancelled in advance; rescheduling was offered.
612,2026-06-04 14:30:00,317,1,3,2026-06-12 10:00:00,30,cancelled,Patient cancelled in advance; rescheduling was offered.
613,2026-06-04 15:00:00,172,5,7,2026-06-08 11:30:00,30,cancelled,Patient cancelled in advance; rescheduling was offered.
614,2026-06-04 15:10:00,318,3,13,2026-06-09 15:00:00,30,completed,
615,2026-06-04 15:40:00,319,4,1,2026-06-12 16:00:00,30,completed,
616,2026-06-04 15:45:00,320,1,4,2026-06-10 13:30:00,30,completed,
617,2026-06-04 15:55:00,321,4,1,2026-06-15 16:00:00,30,completed,
618,2026-06-04 19:30:00,286,1,7,2026-06-12 09:00:00,30,cancelled,Patient cancelled in advance; rescheduling was offered.
619,2026-06-05 07:00:00,322,3,12,2026-06-08 15:30:00,30,completed,
620,2026-06-05 08:50:00,323,4,2,2026-06-09 10:00:00,30,completed,
621,2026-06-05 08:50:00,324,4,2,2026-06-15 11:00:00,30,completed,
622,2026-06-05 09:00:00,325,5,3,2026-06-09 09:30:00,30,cancelled,Patient cancelled in advance; rescheduling was offered.
623,2026-06-05 09:10:00,251,2,7,2026-06-15 14:00:00,30,completed,
624,2026-06-05 10:00:00,326,1,3,2026-06-09 14:00:00,30,completed,
625,2026-06-05 10:05:00,327,2,7,2026-06-11 15:00:00,30,completed,
626,2026-06-05 10:05:00,328,2,7,2026-06-15 09:00:00,30,completed,
627,2026-06-05 10:10:00,329,4,1,2026-06-10 11:30:00,30,cancelled,Patient cancelled in advance; rescheduling was offered.
628,2026-06-05 10:20:00,219,3,10,2026-06-10 08:30:00,30,completed,
629,2026-06-05 10:25:00,330,1,6,2026-06-08 15:30:00,30,completed,
630,2026-06-05 10:55:00,306,1,10,2026-06-09 15:00:00,30,completed,
631,2026-06-05 11:30:00,233,5,7,2026-06-11 11:30:00,30,cancelled,Patient cancelled in advance; rescheduling was offered.
632,2026-06-05 11:40:00,331,4,2,2026-06-15 08:30:00,30,completed,
633,2026-06-05 12:05:00,71,1,1,2026-06-12 11:30:00,30,completed,
634,2026-06-05 13:05:00,332,5,3,2026-06-09 08:30:00,30,cancelled,Patient cancelled in advance; rescheduling was offered.
635,2026-06-05 14:20:00,333,5,4,2026-06-10 16:00:00,30,cancelled,Patient cancelled in advance; rescheduling was offered.
636,2026-06-05 15:00:00,120,2,7,2026-06-12 11:00:00,30,completed,
637,2026-06-05 15:35:00,334,4,1,2026-06-10 08:30:00,30,completed,
638,2026-06-05 15:55:00,246,4,10,2026-06-12 15:30:00,30,completed,
639,2026-06-05 16:10:00,335,4,2,2026-06-15 16:30:00,30,no_show,Patient did not attend; follow-up contact is required.
640,2026-06-05 16:40:00,252,4,10,2026-06-08 15:00:00,30,completed,
641,2026-06-05 16:45:00,336,4,2,2026-06-08 11:00:00,30,completed,
642,2026-06-05 18:45:00,337,1,3,2026-06-10 14:30:00,30,completed,
643,2026-06-05 18:50:00,75,4,10,2026-06-12 15:00:00,30,completed,
644,2026-06-06 08:45:00,282,6,9,2026-06-12 16:00:00,30,completed,
645,2026-06-06 18:10:00,220,2,10,2026-06-12 14:30:00,30,completed,
646,2026-06-06 18:30:00,244,2,14,2026-06-09 14:30:00,30,completed,
647,2026-06-06 20:25:00,307,2,10,2026-06-15 15:00:00,30,completed,
648,2026-06-06 20:30:00,338,4,1,2026-06-12 16:30:00,30,completed,
649,2026-06-06 20:40:00,35,1,7,2026-06-10 11:30:00,30,completed,
650,2026-06-06 20:40:00,210,2,7,2026-06-11 09:30:00,30,cancelled,Patient cancelled in advance; rescheduling was offered.
651,2026-06-07 08:10:00,214,6,10,2026-06-12 15:00:00,30,completed,
652,2026-06-07 08:50:00,149,3,13,2026-06-10 15:30:00,30,completed,
653,2026-06-07 11:05:00,266,1,14,2026-06-12 13:00:00,30,completed,
654,2026-06-07 13:25:00,339,4,2,2026-06-11 11:30:00,30,completed,
655,2026-06-07 20:40:00,155,5,4,2026-06-12 16:30:00,30,completed,
656,2026-06-08 08:00:00,310,5,6,2026-06-09 15:30:00,30,cancelled,Patient cancelled in advance; rescheduling was offered.
657,2026-06-08 08:10:00,340,4,1,2026-06-09 09:30:00,30,completed,
658,2026-06-08 08:35:00,341,5,6,2026-06-09 08:00:00,30,completed,
659,2026-06-08 08:35:00,69,3,12,2026-06-16 08:00:00,30,completed,
660,2026-06-08 08:35:00,342,6,9,2026-06-17 15:30:00,30,completed,
661,2026-06-08 08:40:00,92,4,11,2026-06-17 14:00:00,30,completed,
662,2026-06-08 09:00:00,166,1,10,2026-06-11 14:00:00,30,completed,
663,2026-06-08 09:05:00,343,1,14,2026-06-18 08:00:00,30,completed,
664,2026-06-08 09:20:00,344,5,3,2026-06-12 12:00:00,30,no_show,Patient did not attend; follow-up contact is required.
665,2026-06-08 09:45:00,5,3,3,2026-06-12 15:30:00,30,completed,
666,2026-06-08 10:00:00,345,4,1,2026-06-12 11:30:00,30,completed,
667,2026-06-08 10:05:00,280,3,12,2026-06-15 09:00:00,30,completed,
668,2026-06-08 10:10:00,171,5,10,2026-06-16 11:00:00,30,completed,
669,2026-06-08 10:20:00,296,4,2,2026-06-11 14:00:00,30,completed,
670,2026-06-08 10:20:00,156,6,10,2026-06-17 10:00:00,30,completed,
671,2026-06-08 10:35:00,295,6,10,2026-06-12 14:30:00,30,cancelled,Patient cancelled in advance; rescheduling was offered.
672,2026-06-08 10:45:00,249,1,10,2026-06-15 11:30:00,30,cancelled,Patient cancelled in advance; rescheduling was offered.
673,2026-06-08 11:50:00,346,5,1,2026-06-11 14:00:00,30,no_show,Patient did not attend; follow-up contact is required.
674,2026-06-08 12:00:00,278,5,9,2026-06-12 11:00:00,30,completed,
675,2026-06-08 12:25:00,185,1,9,2026-06-15 09:30:00,30,completed,
676,2026-06-08 12:40:00,254,5,10,2026-06-12 14:00:00,30,completed,
677,2026-06-08 12:55:00,257,4,10,2026-06-16 14:00:00,30,completed,
678,2026-06-08 13:05:00,284,2,14,2026-06-11 10:30:00,30,completed,
679,2026-06-08 13:10:00,154,1,14,2026-06-11 08:00:00,30,completed,
680,2026-06-08 13:50:00,230,4,2,2026-06-15 08:00:00,30,completed,
681,2026-06-08 14:10:00,250,3,13,2026-06-12 14:00:00,30,completed,
682,2026-06-08 15:15:00,186,6,10,2026-06-15 09:30:00,30,completed,
683,2026-06-08 15:30:00,17,1,3,2026-06-17 09:00:00,30,completed,
684,2026-06-08 15:35:00,239,5,10,2026-06-15 09:30:00,30,completed,
685,2026-06-08 15:40:00,269,4,1,2026-06-10 12:00:00,30,completed,
686,2026-06-08 15:45:00,347,2,7,2026-06-12 08:30:00,30,completed,
687,2026-06-08 16:15:00,176,6,10,2026-06-15 11:30:00,30,completed,
688,2026-06-08 16:20:00,348,6,2,2026-06-12 13:30:00,30,completed,
689,2026-06-08 16:35:00,349,4,2,2026-06-11 11:00:00,30,cancelled,Patient cancelled in advance; rescheduling was offered.
690,2026-06-08 16:50:00,201,4,10,2026-06-10 14:30:00,30,completed,
691,2026-06-08 16:55:00,277,2,10,2026-06-12 12:00:00,30,completed,
692,2026-06-09 09:20:00,350,2,13,2026-06-11 13:30:00,30,completed,
693,2026-06-09 10:55:00,270,5,7,2026-06-15 16:00:00,30,completed,
694,2026-06-09 11:00:00,140,5,10,2026-06-15 15:00:00,30,completed,
695,2026-06-09 11:50:00,351,6,9,2026-06-12 10:00:00,30,completed,
696,2026-06-09 12:00:00,234,3,4,2026-06-12 11:00:00,30,completed,
697,2026-06-09 12:05:00,352,1,1,2026-06-17 12:00:00,30,completed,
698,2026-06-09 12:10:00,353,1,7,2026-06-11 14:30:00,30,completed,
699,2026-06-09 12:15:00,354,5,7,2026-06-11 10:30:00,30,completed,
700,2026-06-09 12:20:00,275,2,10,2026-06-11 08:00:00,30,no_show,Patient did not attend; follow-up contact is required.
701,2026-06-09 12:35:00,355,6,6,2026-06-09 13:30:00,30,completed,
702,2026-06-09 12:45:00,273,1,8,2026-06-10 08:00:00,30,completed,
703,2026-06-09 13:35:00,356,5,3,2026-06-15 14:00:00,30,completed,
704,2026-06-09 14:05:00,289,1,10,2026-06-18 09:30:00,30,cancelled,Patient cancelled in advance; rescheduling was offered.
705,2026-06-09 14:20:00,162,3,4,2026-06-15 14:00:00,30,completed,
706,2026-06-09 14:35:00,357,6,15,2026-06-18 10:00:00,30,completed,
707,2026-06-09 15:10:00,89,4,11,2026-06-12 14:30:00,30,completed,
708,2026-06-09 15:35:00,283,3,12,2026-06-12 09:00:00,30,completed,
709,2026-06-09 15:40:00,132,1,3,2026-06-15 10:30:00,30,completed,
710,2026-06-09 15:45:00,42,3,3,2026-06-16 14:00:00,30,completed,
711,2026-06-09 15:50:00,306,1,10,2026-06-17 11:30:00,30,no_show,Patient did not attend; follow-up contact is required.
712,2026-06-09 16:00:00,358,4,2,2026-06-16 15:30:00,30,completed,
713,2026-06-09 16:20:00,359,5,3,2026-06-11 09:30:00,30,completed,
714,2026-06-09 16:25:00,360,2,7,2026-06-12 15:00:00,30,completed,
715,2026-06-09 16:55:00,361,4,1,2026-06-15 10:00:00,30,completed,
716,2026-06-09 17:00:00,293,2,7,2026-06-11 16:00:00,30,completed,
717,2026-06-09 20:05:00,159,3,1,2026-06-16 12:30:00,30,completed,
718,2026-06-10 07:25:00,362,2,13,2026-06-16 15:00:00,30,completed,
719,2026-06-10 08:10:00,363,5,3,2026-06-15 12:00:00,30,completed,
720,2026-06-10 08:25:00,302,1,7,2026-06-12 14:30:00,30,completed,
721,2026-06-10 09:10:00,208,4,11,2026-06-16 15:00:00,30,completed,
722,2026-06-10 09:20:00,364,6,6,2026-06-11 13:00:00,30,completed,
723,2026-06-10 09:40:00,365,3,3,2026-06-16 11:30:00,30,completed,
724,2026-06-10 09:55:00,366,1,8,2026-06-16 08:30:00,30,cancelled,Patient cancelled in advance; rescheduling was offered.
725,2026-06-10 10:45:00,367,5,3,2026-06-17 08:00:00,30,completed,
726,2026-06-10 11:05:00,253,2,7,2026-06-16 09:30:00,30,completed,
727,2026-06-10 11:20:00,368,4,2,2026-06-12 09:30:00,30,cancelled,Patient cancelled in advance; rescheduling was offered.
728,2026-06-10 11:25:00,291,1,14,2026-06-12 15:30:00,30,completed,
729,2026-06-10 11:25:00,325,5,3,2026-06-16 08:00:00,30,completed,
730,2026-06-10 11:30:00,369,4,2,2026-06-18 11:30:00,30,completed,
731,2026-06-10 11:35:00,340,4,10,2026-06-12 08:30:00,30,completed,
732,2026-06-10 11:35:00,370,2,7,2026-06-16 08:30:00,30,cancelled,Patient cancelled in advance; rescheduling was offered.
733,2026-06-10 11:35:00,371,5,7,2026-06-16 15:00:00,30,completed,
734,2026-06-10 12:00:00,372,4,2,2026-06-12 13:30:00,30,completed,
735,2026-06-10 13:10:00,271,1,7,2026-06-19 14:30:00,30,completed,
736,2026-06-10 15:20:00,211,6,10,2026-06-15 09:00:00,30,no_show,Patient did not attend; follow-up contact is required.
737,2026-06-10 15:50:00,373,3,1,2026-06-12 11:30:00,30,no_show,Patient did not attend; follow-up contact is required.
738,2026-06-10 16:00:00,374,6,6,2026-06-12 12:00:00,30,completed,
739,2026-06-10 16:10:00,375,4,2,2026-06-17 10:00:00,30,completed,
740,2026-06-10 16:20:00,376,1,7,2026-06-11 11:30:00,30,completed,
741,2026-06-10 18:45:00,377,3,1,2026-06-17 13:30:00,30,completed,
742,2026-06-10 20:00:00,164,5,10,2026-06-11 08:00:00,30,no_show,Patient did not attend; follow-up contact is required.
743,2026-06-11 07:45:00,378,4,2,2026-06-15 09:00:00,30,completed,
744,2026-06-11 08:30:00,379,3,1,2026-06-17 16:00:00,30,completed,
745,2026-06-11 08:35:00,57,5,3,2026-06-19 14:00:00,30,completed,
746,2026-06-11 09:10:00,380,4,1,2026-06-15 15:30:00,30,no_show,Patient did not attend; follow-up contact is required.
747,2026-06-11 09:10:00,381,3,12,2026-06-17 10:00:00,30,completed,
748,2026-06-11 09:10:00,66,5,10,2026-06-18 14:00:00,30,completed,
749,2026-06-11 09:55:00,382,2,7,2026-06-15 10:00:00,30,completed,
750,2026-06-11 10:10:00,383,1,3,2026-06-22 16:00:00,30,completed,
751,2026-06-11 10:25:00,244,2,14,2026-06-16 13:00:00,30,completed,
752,2026-06-11 10:30:00,180,5,7,2026-06-15 08:30:00,30,completed,
753,2026-06-11 11:20:00,248,3,1,2026-06-18 16:00:00,30,completed,
754,2026-06-11 11:20:00,336,6,10,2026-06-19 16:00:00,30,completed,
755,2026-06-11 11:25:00,384,6,2,2026-06-16 14:30:00,30,completed,
756,2026-06-11 11:45:00,385,6,2,2026-06-15 08:00:00,30,completed,
757,2026-06-11 12:45:00,386,6,1,2026-06-17 13:30:00,30,completed,
758,2026-06-11 13:00:00,265,6,2,2026-06-16 10:00:00,30,completed,
759,2026-06-11 13:25:00,167,1,8,2026-06-18 10:00:00,30,completed,
760,2026-06-11 13:50:00,313,5,9,2026-06-12 10:00:00,30,completed,
761,2026-06-11 14:25:00,200,4,2,2026-06-17 15:30:00,30,completed,
762,2026-06-11 14:55:00,301,2,10,2026-06-19 15:00:00,30,completed,
763,2026-06-11 15:35:00,125,2,1,2026-06-17 16:00:00,30,completed,
764,2026-06-11 16:00:00,322,3,1,2026-06-15 15:30:00,30,completed,
765,2026-06-11 16:00:00,327,1,1,2026-06-19 14:00:00,30,cancelled,Patient cancelled in advance; rescheduling was offered.
766,2026-06-11 16:25:00,281,1,4,2026-06-15 13:30:00,30,completed,
767,2026-06-11 20:40:00,387,2,13,2026-06-15 11:00:00,30,completed,
768,2026-06-12 07:00:00,202,1,7,2026-06-19 08:30:00,30,completed,
769,2026-06-12 08:05:00,316,5,3,2026-06-16 14:00:00,30,completed,
770,2026-06-12 08:25:00,196,6,10,2026-06-18 09:30:00,30,completed,
771,2026-06-12 08:40:00,78,4,2,2026-06-19 15:30:00,30,completed,
772,2026-06-12 08:45:00,333,5,4,2026-06-17 15:00:00,30,completed,
773,2026-06-12 09:25:00,388,4,2,2026-06-16 11:00:00,30,completed,
774,2026-06-12 09:50:00,389,6,9,2026-06-16 15:00:00,30,cancelled,Patient cancelled in advance; rescheduling was offered.
775,2026-06-12 09:55:00,390,3,1,2026-06-15 12:00:00,30,completed,
776,2026-06-12 10:05:00,205,5,3,2026-06-16 16:00:00,30,completed,
777,2026-06-12 10:10:00,391,1,9,2026-06-15 14:00:00,30,completed,
778,2026-06-12 10:25:00,392,2,14,2026-06-17 09:30:00,30,completed,
779,2026-06-12 10:55:00,346,5,1,2026-06-17 15:30:00,30,completed,
780,2026-06-12 11:15:00,308,1,3,2026-06-16 11:30:00,30,completed,
781,2026-06-12 12:10:00,218,4,11,2026-06-19 15:00:00,30,no_show,Patient did not attend; follow-up contact is required.
782,2026-06-12 12:15:00,393,6,9,2026-06-16 09:00:00,30,completed,
783,2026-06-12 12:20:00,354,1,8,2026-06-17 10:00:00,30,completed,
784,2026-06-12 12:25:00,394,2,14,2026-06-17 08:00:00,30,completed,
785,2026-06-12 13:50:00,395,5,7,2026-06-22 09:30:00,30,completed,
786,2026-06-12 14:25:00,203,3,3,2026-06-19 14:30:00,30,cancelled,Patient cancelled in advance; rescheduling was offered.
787,2026-06-12 14:35:00,396,1,8,2026-06-16 10:00:00,30,completed,
788,2026-06-12 15:15:00,290,4,10,2026-06-17 10:30:00,30,completed,
789,2026-06-12 15:20:00,332,5,3,2026-06-16 13:00:00,30,completed,
790,2026-06-12 15:20:00,397,4,1,2026-06-18 11:00:00,30,completed,
791,2026-06-12 15:25:00,360,3,10,2026-06-17 08:30:00,30,completed,
792,2026-06-12 15:35:00,398,3,3,2026-06-17 09:00:00,30,completed,
793,2026-06-12 15:55:00,82,5,3,2026-06-15 11:00:00,30,completed,
794,2026-06-12 15:55:00,399,3,2,2026-06-16 15:30:00,30,completed,
795,2026-06-12 18:45:00,182,3,3,2026-06-16 16:00:00,30,cancelled,Patient cancelled in advance; rescheduling was offered.
796,2026-06-13 14:10:00,116,1,3,2026-06-18 13:00:00,30,no_show,Patient did not attend; follow-up contact is required.
797,2026-06-14 10:35:00,400,1,3,2026-06-24 10:00:00,30,cancelled,Patient cancelled in advance; rescheduling was offered.
798,2026-06-14 18:45:00,401,3,3,2026-06-19 08:00:00,30,cancelled,Patient cancelled in advance; rescheduling was offered.
799,2026-06-14 19:00:00,220,6,1,2026-06-22 14:00:00,30,completed,
800,2026-06-15 07:20:00,314,4,10,2026-06-19 16:00:00,30,completed,
801,2026-06-15 08:25:00,351,6,10,2026-06-22 16:00:00,30,completed,
802,2026-06-15 08:45:00,215,2,10,2026-06-19 11:00:00,30,cancelled,Patient cancelled in advance; rescheduling was offered.
803,2026-06-15 09:05:00,373,4,1,2026-06-17 14:30:00,30,completed,
804,2026-06-15 09:10:00,260,6,1,2026-06-22 11:00:00,30,completed,
805,2026-06-15 09:20:00,280,4,10,2026-06-22 16:30:00,30,no_show,Patient did not attend; follow-up contact is required.
806,2026-06-15 09:25:00,209,5,3,2026-06-23 15:30:00,30,completed,
807,2026-06-15 09:40:00,286,2,7,2026-06-17 11:00:00,30,completed,
808,2026-06-15 09:55:00,353,1,10,2026-06-19 13:30:00,30,completed,
809,2026-06-15 10:00:00,295,2,10,2026-06-23 14:30:00,30,completed,
810,2026-06-15 10:10:00,402,4,2,2026-06-17 12:00:00,30,completed,
811,2026-06-15 10:10:00,403,3,3,2026-06-17 14:00:00,30,completed,
812,2026-06-15 10:20:00,404,6,9,2026-06-19 11:30:00,30,completed,
813,2026-06-15 10:40:00,317,1,3,2026-06-17 08:00:00,30,completed,
814,2026-06-15 10:45:00,329,4,1,2026-06-18 14:00:00,30,completed,
815,2026-06-15 10:55:00,305,2,10,2026-06-18 15:30:00,30,completed,
816,2026-06-15 10:55:00,405,2,1,2026-06-19 13:30:00,30,completed,
817,2026-06-15 11:05:00,355,2,7,2026-06-22 16:00:00,30,cancelled,Patient cancelled in advance; rescheduling was offered.
818,2026-06-15 11:15:00,347,2,10,2026-06-18 14:30:00,30,completed,
819,2026-06-15 11:15:00,164,5,10,2026-06-22 08:30:00,30,completed,
820,2026-06-15 11:30:00,214,6,2,2026-06-22 15:30:00,30,completed,
821,2026-06-15 11:35:00,250,3,10,2026-06-18 09:00:00,30,completed,
822,2026-06-15 11:40:00,242,1,3,2026-06-19 10:00:00,30,completed,
823,2026-06-15 11:50:00,368,4,2,2026-06-19 11:30:00,30,completed,
824,2026-06-15 12:10:00,130,5,10,2026-06-19 13:30:00,30,completed,
825,2026-06-15 12:25:00,176,4,10,2026-06-18 15:00:00,30,cancelled,Patient cancelled in advance; rescheduling was offered.
826,2026-06-15 12:30:00,406,2,7,2026-06-19 10:00:00,30,completed,
827,2026-06-15 12:45:00,407,4,5,2026-06-18 16:30:00,30,completed,
828,2026-06-15 13:00:00,135,5,4,2026-06-17 09:30:00,30,completed,
829,2026-06-15 13:20:00,408,3,12,2026-06-19 11:00:00,30,completed,
830,2026-06-15 13:50:00,364,1,8,2026-06-19 11:00:00,30,completed,
831,2026-06-15 14:05:00,409,2,7,2026-06-22 08:00:00,30,completed,
832,2026-06-15 14:10:00,261,2,7,2026-06-18 09:30:00,30,completed,
833,2026-06-15 14:15:00,311,2,8,2026-06-18 10:30:00,30,completed,
834,2026-06-15 14:20:00,109,4,10,2026-06-17 15:00:00,30,cancelled,Patient cancelled in advance; rescheduling was offered.
835,2026-06-15 14:40:00,287,1,8,2026-06-16 13:30:00,30,completed,
836,2026-06-15 14:45:00,410,5,7,2026-06-18 11:30:00,30,completed,
837,2026-06-15 14:50:00,272,5,10,2026-06-22 16:00:00,30,completed,
838,2026-06-15 15:00:00,310,5,6,2026-06-17 14:30:00,30,completed,
839,2026-06-15 15:30:00,312,1,7,2026-06-18 15:30:00,30,cancelled,Patient cancelled in advance; rescheduling was offered.
840,2026-06-15 15:50:00,210,2,7,2026-06-24 15:00:00,30,cancelled,Patient cancelled in advance; rescheduling was offered.
841,2026-06-15 16:15:00,236,1,14,2026-06-19 15:30:00,30,completed,
842,2026-06-15 16:25:00,275,2,10,2026-06-19 13:00:00,30,completed,
843,2026-06-15 16:25:00,411,5,7,2026-06-23 14:30:00,30,completed,
844,2026-06-15 16:50:00,269,5,7,2026-06-19 15:00:00,30,completed,
845,2026-06-16 07:00:00,412,6,2,2026-06-22 12:00:00,30,completed,
846,2026-06-16 08:00:00,255,3,1,2026-06-18 11:00:00,30,completed,
847,2026-06-16 08:40:00,413,3,3,2026-06-19 16:00:00,30,completed,
848,2026-06-16 08:50:00,414,3,3,2026-06-25 14:00:00,30,cancelled,Patient cancelled in advance; rescheduling was offered.
849,2026-06-16 09:15:00,415,3,13,2026-06-18 09:30:00,30,no_show,Patient did not attend; follow-up contact is required.
850,2026-06-16 09:30:00,416,6,2,2026-06-19 08:30:00,30,cancelled,Patient cancelled in advance; rescheduling was offered.
851,2026-06-16 10:00:00,417,1,4,2026-06-25 14:00:00,30,completed,
852,2026-06-16 10:15:00,251,6,10,2026-06-18 12:00:00,30,completed,
853,2026-06-16 10:20:00,285,5,10,2026-06-24 10:00:00,30,completed,
854,2026-06-16 10:55:00,184,5,3,2026-06-22 15:00:00,30,no_show,Patient did not attend; follow-up contact is required.
855,2026-06-16 11:05:00,418,6,6,2026-06-16 12:30:00,30,completed,
856,2026-06-16 11:40:00,388,4,10,2026-06-19 13:30:00,30,completed,
857,2026-06-16 11:55:00,319,6,15,2026-06-23 09:30:00,30,completed,
858,2026-06-16 12:25:00,349,4,2,2026-06-22 14:30:00,30,completed,
859,2026-06-16 12:45:00,419,5,3,2026-06-22 14:00:00,30,completed,
860,2026-06-16 12:55:00,387,4,10,2026-06-19 14:00:00,30,completed,
861,2026-06-16 13:25:00,420,4,1,2026-06-22 10:00:00,30,completed,
862,2026-06-16 13:55:00,421,1,6,2026-06-16 15:00:00,30,completed,
863,2026-06-16 14:10:00,422,3,12,2026-06-19 09:00:00,30,completed,
864,2026-06-16 14:20:00,423,4,1,2026-06-25 15:00:00,30,completed,
865,2026-06-16 14:45:00,424,4,2,2026-06-22 13:30:00,30,no_show,Patient did not attend; follow-up contact is required.
866,2026-06-16 14:50:00,384,6,9,2026-06-22 08:00:00,30,completed,
867,2026-06-16 15:05:00,425,4,2,2026-06-23 15:30:00,30,completed,
868,2026-06-16 15:15:00,426,1,3,2026-06-17 14:00:00,30,completed,
869,2026-06-16 15:15:00,421,1,10,2026-06-18 14:30:00,30,completed,
870,2026-06-16 15:40:00,427,2,7,2026-06-18 16:00:00,30,completed,
871,2026-06-16 16:15:00,428,1,3,2026-06-17 15:00:00,30,completed,
872,2026-06-16 16:30:00,340,4,1,2026-06-19 12:00:00,30,completed,
873,2026-06-16 16:55:00,344,5,3,2026-06-19 16:00:00,30,no_show,Patient did not attend; follow-up contact is required.
874,2026-06-16 18:50:00,335,4,2,2026-06-22 12:00:00,30,completed,
875,2026-06-16 20:05:00,157,3,3,2026-06-18 11:30:00,30,completed,
876,2026-06-16 20:05:00,429,2,7,2026-06-22 09:00:00,30,completed,
877,2026-06-17 08:00:00,430,2,1,2026-06-19 14:00:00,30,completed,
878,2026-06-17 08:40:00,431,1,3,2026-06-23 12:00:00,30,completed,
879,2026-06-17 09:15:00,432,4,2,2026-06-18 13:30:00,30,completed,
880,2026-06-17 09:40:00,433,1,3,2026-06-23 11:00:00,30,completed,
881,2026-06-17 10:10:00,392,2,14,2026-06-24 10:00:00,30,completed,
882,2026-06-17 10:15:00,313,5,10,2026-06-19 13:00:00,30,completed,
883,2026-06-17 10:45:00,434,6,1,2026-06-23 08:00:00,30,completed,
884,2026-06-17 11:30:00,435,3,3,2026-06-22 16:00:00,30,completed,
885,2026-06-17 11:35:00,436,5,4,2026-06-23 14:00:00,30,completed,
886,2026-06-17 11:55:00,437,6,1,2026-06-22 16:30:00,30,completed,
887,2026-06-17 12:00:00,240,4,11,2026-06-23 12:30:00,30,completed,
888,2026-06-17 12:15:00,206,1,3,2026-06-24 11:00:00,30,completed,
889,2026-06-17 12:20:00,321,1,8,2026-06-25 10:30:00,30,completed,
890,2026-06-17 12:45:00,318,3,3,2026-06-25 12:00:00,30,completed,
891,2026-06-17 12:55:00,249,4,2,2026-06-24 14:00:00,30,completed,
892,2026-06-17 13:05:00,257,4,2,2026-06-19 10:30:00,30,completed,
893,2026-06-17 14:10:00,247,5,5,2026-06-23 13:30:00,30,completed,
894,2026-06-17 14:20:00,284,2,10,2026-06-22 10:30:00,30,completed,
895,2026-06-17 14:30:00,438,6,1,2026-06-26 11:00:00,30,completed,
896,2026-06-17 15:20:00,297,5,3,2026-06-18 16:00:00,30,cancelled,Patient cancelled in advance; rescheduling was offered.
897,2026-06-17 15:25:00,198,1,3,2026-06-22 10:30:00,30,completed,
898,2026-06-17 15:30:00,439,3,12,2026-06-18 13:30:00,30,completed,
899,2026-06-17 16:00:00,440,1,3,2026-06-23 16:00:00,30,completed,
900,2026-06-17 16:50:00,358,2,7,2026-06-18 08:30:00,30,completed,
901,2026-06-17 16:50:00,441,5,3,2026-06-25 13:00:00,30,completed,
902,2026-06-18 08:00:00,442,5,6,2026-06-18 15:00:00,30,completed,
903,2026-06-18 08:25:00,443,6,1,2026-06-24 15:30:00,30,completed,
904,2026-06-18 08:35:00,359,2,13,2026-06-25 13:00:00,30,cancelled,Patient cancelled in advance; rescheduling was offered.
905,2026-06-18 09:00:00,444,3,3,2026-06-22 15:00:00,30,completed,
906,2026-06-18 09:00:00,326,1,13,2026-06-24 14:00:00,30,completed,
907,2026-06-18 09:10:00,426,1,1,2026-06-22 15:00:00,30,completed,
908,2026-06-18 09:35:00,302,1,14,2026-06-24 08:30:00,30,completed,
909,2026-06-18 09:40:00,348,2,14,2026-06-19 08:00:00,30,completed,
910,2026-06-18 09:40:00,445,6,2,2026-06-24 08:00:00,30,completed,
911,2026-06-18 09:50:00,446,6,6,2026-06-18 14:00:00,30,completed,
912,2026-06-18 09:50:00,447,4,2,2026-06-23 12:00:00,30,completed,
913,2026-06-18 10:00:00,250,3,10,2026-06-23 13:00:00,30,completed,
914,2026-06-18 10:10:00,448,5,3,2026-06-22 10:30:00,30,completed,
915,2026-06-18 11:10:00,382,2,7,2026-06-25 15:30:00,30,completed,
916,2026-06-18 11:20:00,449,5,7,2026-06-26 11:30:00,30,completed,
917,2026-06-18 11:25:00,380,4,1,2026-06-25 15:30:00,30,completed,
918,2026-06-18 11:50:00,394,6,1,2026-06-22 10:00:00,30,completed,
919,2026-06-18 11:50:00,229,4,11,2026-06-24 09:00:00,30,completed,
920,2026-06-18 12:10:00,159,3,12,2026-06-23 09:30:00,30,completed,
921,2026-06-18 12:10:00,374,2,8,2026-06-23 10:00:00,30,completed,
922,2026-06-18 12:15:00,310,5,9,2026-06-23 11:30:00,30,completed,
923,2026-06-18 12:20:00,450,1,13,2026-06-22 08:30:00,30,completed,
924,2026-06-18 12:40:00,451,4,2,2026-06-22 10:30:00,30,completed,
925,2026-06-18 12:40:00,452,4,1,2026-06-23 11:00:00,30,completed,
926,2026-06-18 12:40:00,5,3,10,2026-06-24 12:00:00,30,completed,
927,2026-06-18 13:05:00,366,1,1,2026-06-23 10:30:00,30,cancelled,Patient cancelled in advance; rescheduling was offered.
928,2026-06-18 13:15:00,453,6,2,2026-06-19 11:00:00,30,completed,
929,2026-06-18 13:15:00,454,2,7,2026-06-22 14:30:00,30,completed,
930,2026-06-18 13:35:00,154,1,3,2026-06-24 15:30:00,30,completed,
931,2026-06-18 14:15:00,169,4,2,2026-06-23 14:30:00,30,completed,
932,2026-06-18 14:45:00,455,6,1,2026-06-23 11:30:00,30,completed,
933,2026-06-18 15:05:00,75,5,7,2026-06-24 15:30:00,30,completed,
934,2026-06-18 15:15:00,296,3,3,2026-06-24 16:00:00,30,completed,
935,2026-06-18 16:25:00,456,6,1,2026-06-19 09:30:00,30,completed,
936,2026-06-18 16:35:00,457,2,7,2026-06-26 13:30:00,30,cancelled,Patient cancelled in advance; rescheduling was offered.
937,2026-06-19 08:40:00,348,2,10,2026-06-25 10:00:00,30,completed,
938,2026-06-19 08:55:00,458,6,6,2026-06-19 09:00:00,30,completed,
939,2026-06-19 09:30:00,459,4,2,2026-06-25 14:30:00,30,completed,
940,2026-06-19 10:10:00,460,5,3,2026-06-22 13:00:00,30,completed,
941,2026-06-19 10:35:00,339,3,3,2026-06-26 10:30:00,30,cancelled,Patient cancelled in advance; rescheduling was offered.
942,2026-06-19 10:40:00,16,4,11,2026-06-23 09:30:00,30,completed,
943,2026-06-19 10:55:00,461,1,3,2026-06-25 09:30:00,30,completed,
944,2026-06-19 11:40:00,462,1,14,2026-06-25 08:00:00,30,completed,
945,2026-06-19 12:10:00,277,5,3,2026-06-24 08:30:00,30,completed,
946,2026-06-19 12:20:00,463,6,2,2026-06-26 11:30:00,30,completed,
947,2026-06-19 12:30:00,464,6,1,2026-06-23 13:30:00,30,no_show,Patient did not attend; follow-up contact is required.
948,2026-06-19 12:40:00,312,2,7,2026-06-23 15:00:00,30,completed,
949,2026-06-19 13:00:00,465,4,1,2026-06-29 10:00:00,30,completed,
950,2026-06-19 13:05:00,371,5,7,2026-06-24 10:30:00,30,no_show,Patient did not attend; follow-up contact is required.
951,2026-06-19 13:15:00,224,4,11,2026-06-24 15:00:00,30,completed,
952,2026-06-19 13:25:00,356,5,10,2026-06-25 16:00:00,30,completed,
953,2026-06-19 14:10:00,373,2,7,2026-06-23 13:30:00,30,completed,
954,2026-06-19 14:20:00,466,4,2,2026-06-25 16:00:00,30,completed,
955,2026-06-19 14:45:00,467,6,2,2026-06-25 14:30:00,30,completed,
956,2026-06-19 14:45:00,391,1,2,2026-06-26 09:30:00,30,cancelled,Patient cancelled in advance; rescheduling was offered.
957,2026-06-19 15:05:00,150,4,11,2026-06-26 15:00:00,30,completed,
958,2026-06-19 15:30:00,468,4,5,2026-06-22 15:00:00,30,completed,
959,2026-06-19 15:45:00,390,3,2,2026-06-22 14:30:00,30,completed,
960,2026-06-19 15:55:00,469,6,2,2026-06-26 10:30:00,30,completed,
961,2026-06-19 15:55:00,470,1,2,2026-06-26 12:30:00,30,completed,
962,2026-06-19 16:00:00,331,2,7,2026-06-22 13:30:00,30,completed,
963,2026-06-19 20:40:00,286,6,10,2026-06-25 15:00:00,30,completed,
964,2026-06-20 10:05:00,370,2,7,2026-06-25 10:30:00,30,completed,
965,2026-06-20 12:25:00,328,3,10,2026-06-30 13:30:00,30,completed,
966,2026-06-20 14:25:00,458,1,8,2026-06-25 14:30:00,30,completed,
967,2026-06-20 15:05:00,389,6,9,2026-06-25 12:00:00,30,cancelled,Patient cancelled in advance; rescheduling was offered.
968,2026-06-20 15:25:00,185,5,10,2026-06-29 10:30:00,30,completed,
969,2026-06-20 16:30:00,442,4,10,2026-06-22 15:30:00,30,completed,
970,2026-06-20 19:00:00,471,3,1,2026-06-25 16:30:00,30,cancelled,Patient cancelled in advance; rescheduling was offered.
971,2026-06-21 07:55:00,253,2,10,2026-06-23 16:30:00,30,no_show,Patient did not attend; follow-up contact is required.
972,2026-06-21 08:30:00,386,6,2,2026-06-23 14:30:00,30,completed,
973,2026-06-21 16:50:00,421,6,1,2026-06-25 08:30:00,30,completed,
974,2026-06-21 17:50:00,472,3,2,2026-06-23 09:00:00,30,completed,
975,2026-06-21 18:15:00,162,3,10,2026-06-26 11:30:00,30,completed,
976,2026-06-21 18:25:00,399,3,10,2026-06-29 11:00:00,30,cancelled,Patient cancelled in advance; rescheduling was offered.
977,2026-06-21 20:20:00,219,5,3,2026-06-25 14:30:00,30,completed,
978,2026-06-22 07:05:00,473,3,3,2026-06-25 08:00:00,30,completed,
979,2026-06-22 08:15:00,427,2,10,2026-07-01 10:30:00,30,completed,
980,2026-06-22 08:25:00,306,1,10,2026-06-24 13:30:00,30,completed,
981,2026-06-22 08:25:00,329,5,7,2026-06-26 10:30:00,30,completed,
982,2026-06-22 08:40:00,360,1,7,2026-06-26 10:00:00,30,completed,
983,2026-06-22 08:55:00,363,5,10,2026-06-30 09:30:00,30,completed,
984,2026-06-22 09:25:00,262,1,13,2026-06-30 09:00:00,30,completed,
985,2026-06-22 09:30:00,281,4,10,2026-06-26 12:30:00,30,completed,
986,2026-06-22 10:00:00,474,6,2,2026-06-26 16:00:00,30,completed,
987,2026-06-22 10:20:00,205,5,7,2026-06-29 16:00:00,30,completed,
988,2026-06-22 10:30:00,256,3,4,2026-06-24 11:30:00,30,completed,
989,2026-06-22 10:35:00,405,6,9,2026-06-26 13:00:00,30,completed,
990,2026-06-22 10:45:00,448,4,1,2026-06-26 12:00:00,30,cancelled,Patient cancelled in advance; rescheduling was offered.
991,2026-06-22 10:55:00,398,3,10,2026-06-29 13:00:00,30,completed,
992,2026-06-22 11:20:00,274,1,4,2026-06-23 10:00:00,30,completed,
993,2026-06-22 11:20:00,475,5,7,2026-06-26 15:30:00,30,completed,
994,2026-06-22 11:50:00,476,1,3,2026-06-29 15:00:00,30,completed,
995,2026-06-22 12:10:00,288,5,4,2026-06-26 13:30:00,30,completed,
996,2026-06-22 12:30:00,320,1,3,2026-06-25 16:00:00,30,completed,
997,2026-06-22 13:05:00,477,4,1,2026-06-24 14:30:00,30,completed,
998,2026-06-22 13:15:00,478,3,3,2026-06-24 15:00:00,30,cancelled,Patient cancelled in advance; rescheduling was offered.
999,2026-06-22 13:45:00,479,4,5,2026-06-26 14:30:00,30,completed,
1000,2026-06-22 13:50:00,215,2,10,2026-06-22 15:30:00,30,completed,
1001,2026-06-22 13:55:00,188,3,3,2026-06-26 14:30:00,30,completed,
1002,2026-06-22 14:00:00,480,5,4,2026-06-26 08:00:00,30,completed,
1003,2026-06-22 14:05:00,416,6,2,2026-07-02 08:00:00,30,completed,
1004,2026-06-22 14:25:00,396,2,14,2026-06-26 08:00:00,30,completed,
1005,2026-06-22 14:35:00,401,1,3,2026-06-23 09:00:00,30,cancelled,Patient cancelled in advance; rescheduling was offered.
1006,2026-06-22 14:55:00,419,5,7,2026-06-25 11:00:00,30,no_show,Patient did not attend; follow-up contact is required.
1007,2026-06-22 14:55:00,454,2,10,2026-06-25 16:30:00,30,completed,
1008,2026-06-22 15:25:00,109,4,10,2026-06-30 14:30:00,30,completed,
1009,2026-06-22 15:50:00,297,5,3,2026-06-26 14:30:00,30,completed,
1010,2026-06-22 16:05:00,178,3,3,2026-06-29 10:00:00,30,completed,
1011,2026-06-22 16:10:00,415,3,13,2026-06-26 13:00:00,30,no_show,Patient did not attend; follow-up contact is required.
1012,2026-06-22 16:15:00,413,3,12,2026-06-24 10:00:00,30,completed,
1013,2026-06-22 16:15:00,442,4,2,2026-06-26 16:00:00,30,completed,
1014,2026-06-22 16:30:00,383,1,10,2026-06-26 11:00:00,30,completed,
1015,2026-06-22 16:35:00,200,2,7,2026-06-29 14:30:00,30,completed,
1016,2026-06-22 16:45:00,10,4,11,2026-06-26 15:30:00,30,completed,
1017,2026-06-22 16:55:00,211,6,10,2026-06-23 09:00:00,30,completed,
1018,2026-06-22 16:55:00,379,2,7,2026-06-29 11:30:00,30,completed,
1019,2026-06-22 16:55:00,481,1,3,2026-06-29 12:00:00,30,completed,
1020,2026-06-22 16:55:00,311,2,1,2026-07-01 10:00:00,30,completed,
1021,2026-06-23 08:00:00,412,6,10,2026-06-25 15:30:00,30,completed,
1022,2026-06-23 08:00:00,176,4,10,2026-06-29 11:00:00,30,completed,
1023,2026-06-23 08:15:00,434,6,10,2026-06-30 12:00:00,30,completed,
1024,2026-06-23 08:20:00,317,1,1,2026-06-25 12:00:00,30,completed,
1025,2026-06-23 09:15:00,482,4,2,2026-06-26 11:30:00,30,completed,
1026,2026-06-23 09:45:00,377,2,7,2026-07-02 10:30:00,30,completed,
1027,2026-06-23 10:00:00,453,6,10,2026-06-26 14:00:00,30,completed,
1028,2026-06-23 10:05:00,319,6,10,2026-06-30 14:00:00,30,completed,
1029,2026-06-23 10:55:00,324,1,3,2026-07-01 10:00:00,30,cancelled,Patient cancelled in advance; rescheduling was offered.
1030,2026-06-23 11:15:00,483,5,7,2026-06-26 09:30:00,30,completed,
1031,2026-06-23 11:15:00,80,1,13,2026-06-29 10:30:00,30,completed,
1032,2026-06-23 11:20:00,484,2,1,2026-06-29 08:30:00,30,completed,
1033,2026-06-23 11:45:00,304,5,4,2026-06-30 12:30:00,30,completed,
1034,2026-06-23 12:20:00,260,6,10,2026-06-30 13:30:00,30,completed,
1035,2026-06-23 12:30:00,485,2,1,2026-06-26 12:00:00,30,completed,
1036,2026-06-23 12:35:00,486,3,12,2026-06-29 08:30:00,30,cancelled,Patient cancelled in advance; rescheduling was offered.
1037,2026-06-23 12:50:00,431,4,10,2026-06-30 09:00:00,30,completed,
1038,2026-06-23 13:15:00,487,5,7,2026-06-25 10:00:00,30,completed,
1039,2026-06-23 13:20:00,33,4,11,2026-06-25 16:30:00,30,completed,
1040,2026-06-23 13:25:00,157,3,1,2026-06-30 15:00:00,30,completed,
1041,2026-06-23 13:30:00,488,1,7,2026-06-29 16:00:00,30,no_show,Patient did not attend; follow-up contact is required.
1042,2026-06-23 13:50:00,489,2,14,2026-07-02 09:00:00,30,no_show,Patient did not attend; follow-up contact is required.
1043,2026-06-23 14:10:00,395,1,14,2026-06-30 10:30:00,30,completed,
1044,2026-06-23 14:10:00,490,4,1,2026-06-30 15:30:00,30,completed,
1045,2026-06-23 15:00:00,491,6,6,2026-06-23 16:00:00,30,completed,
1046,2026-06-23 15:05:00,411,5,1,2026-06-30 09:00:00,30,completed,
1047,2026-06-23 15:55:00,492,5,3,2026-06-30 10:00:00,30,completed,
1048,2026-06-23 16:05:00,493,6,9,2026-06-30 16:00:00,30,completed,
1049,2026-06-23 16:15:00,494,4,5,2026-07-01 15:30:00,30,cancelled,Patient cancelled in advance; rescheduling was offered.
1050,2026-06-23 16:35:00,495,3,12,2026-06-25 09:30:00,30,completed,
1051,2026-06-23 16:45:00,496,2,1,2026-06-29 13:30:00,30,completed,
1052,2026-06-23 18:55:00,220,6,10,2026-06-30 11:30:00,30,completed,
1053,2026-06-24 08:55:00,238,1,3,2026-06-26 11:30:00,30,cancelled,Patient cancelled in advance; rescheduling was offered.
1054,2026-06-24 09:35:00,497,3,12,2026-06-29 13:30:00,30,completed,
1055,2026-06-24 09:50:00,408,3,10,2026-07-01 15:00:00,30,completed,
1056,2026-06-24 09:50:00,236,1,8,2026-07-02 08:00:00,30,completed,
1057,2026-06-24 10:25:00,203,3,3,2026-06-24 13:30:00,30,completed,
1058,2026-06-24 13:05:00,344,5,3,2026-07-03 16:00:00,30,completed,
1059,2026-06-24 13:45:00,404,6,1,2026-06-29 13:30:00,30,cancelled,Patient cancelled in advance; rescheduling was offered.
1060,2026-06-24 14:25:00,498,3,12,2026-06-26 09:00:00,30,no_show,Patient did not attend; follow-up contact is required.
1061,2026-06-24 14:55:00,499,4,2,2026-06-29 10:30:00,30,completed,
1062,2026-06-24 15:25:00,310,5,10,2026-06-26 14:00:00,30,completed,
1063,2026-06-24 15:25:00,437,2,7,2026-06-29 16:00:00,30,completed,
1064,2026-06-24 15:30:00,477,2,7,2026-07-01 11:00:00,30,cancelled,Patient cancelled in advance; rescheduling was offered.
1065,2026-06-24 16:35:00,364,1,8,2026-07-02 10:00:00,30,completed,
1066,2026-06-24 16:55:00,272,2,7,2026-07-01 08:30:00,30,completed,
1067,2026-06-24 17:20:00,500,5,3,2026-07-02 16:00:00,30,completed,
1068,2026-06-25 08:15:00,388,2,14,2026-07-03 08:00:00,30,completed,
1069,2026-06-25 08:35:00,240,4,10,2026-07-02 13:30:00,30,completed,
1070,2026-06-25 08:40:00,209,5,7,2026-06-25 09:00:00,30,completed,
1071,2026-06-25 08:50:00,501,5,3,2026-06-26 08:30:00,30,completed,
1072,2026-06-25 08:50:00,332,1,3,2026-07-03 08:30:00,30,completed,
1073,2026-06-25 09:15:00,259,4,11,2026-07-03 10:30:00,30,completed,
1074,2026-06-25 09:20:00,502,2,7,2026-07-02 15:30:00,30,completed,
1075,2026-06-25 09:30:00,209,5,10,2026-06-30 16:30:00,30,completed,
1076,2026-06-25 09:50:00,503,6,1,2026-07-01 13:00:00,30,completed,
1077,2026-06-25 10:20:00,504,6,6,2026-06-25 14:00:00,30,cancelled,Patient cancelled in advance; rescheduling was offered.
1078,2026-06-25 10:35:00,505,1,7,2026-06-29 09:30:00,30,completed,
1079,2026-06-25 10:50:00,506,6,9,2026-07-02 15:30:00,30,completed,
1080,2026-06-25 11:05:00,507,1,7,2026-07-01 12:00:00,30,completed,
1081,2026-06-25 11:15:00,257,4,10,2026-06-29 09:00:00,30,cancelled,Patient cancelled in advance; rescheduling was offered.
1082,2026-06-25 11:25:00,370,2,7,2026-07-01 16:00:00,30,completed,
1083,2026-06-25 11:35:00,508,4,2,2026-07-02 13:00:00,30,completed,
1084,2026-06-25 11:40:00,296,4,10,2026-07-02 11:30:00,30,completed,
1085,2026-06-25 12:35:00,315,2,13,2026-07-01 13:30:00,30,completed,
1086,2026-06-25 13:05:00,509,6,6,2026-06-25 16:00:00,30,completed,
1087,2026-06-25 14:00:00,510,4,2,2026-06-26 11:00:00,30,completed,
1088,2026-06-25 14:35:00,511,5,9,2026-07-02 14:00:00,30,cancelled,Patient cancelled in advance; rescheduling was offered.
1089,2026-06-25 15:10:00,512,1,4,2026-06-26 15:00:00,30,completed,
1090,2026-06-25 17:55:00,513,3,12,2026-07-02 09:00:00,30,completed,
1091,2026-06-25 19:00:00,514,6,9,2026-06-26 14:30:00,30,completed,
1092,2026-06-25 20:25:00,422,3,10,2026-06-26 08:30:00,30,completed,
1093,2026-06-26 08:10:00,509,5,7,2026-06-29 09:30:00,30,completed,
1094,2026-06-26 08:10:00,515,4,2,2026-06-29 15:30:00,30,completed,
1095,2026-06-26 08:15:00,516,4,2,2026-07-02 16:00:00,30,completed,
1096,2026-06-26 08:15:00,394,1,14,2026-07-03 10:30:00,30,completed,
1097,2026-06-26 08:20:00,517,4,2,2026-07-02 10:00:00,30,completed,
1098,2026-06-26 08:45:00,89,1,3,2026-06-30 14:00:00,30,completed,
1099,2026-06-26 09:05:00,518,5,6,2026-06-29 15:30:00,30,completed,
1100,2026-06-26 09:10:00,519,4,1,2026-07-02 09:00:00,30,completed,
1101,2026-06-26 09:15:00,501,3,12,2026-06-29 15:00:00,30,completed,
1102,2026-06-26 10:15:00,520,1,8,2026-07-03 13:30:00,30,completed,
1103,2026-06-26 10:30:00,521,4,5,2026-06-29 09:30:00,30,completed,
1104,2026-06-26 10:40:00,522,3,12,2026-07-02 10:30:00,30,completed,
1105,2026-06-26 10:55:00,523,6,1,2026-07-01 15:30:00,30,completed,
1106,2026-06-26 11:25:00,524,5,3,2026-06-29 14:30:00,30,cancelled,Patient cancelled in advance; rescheduling was offered.
1107,2026-06-26 11:35:00,525,2,14,2026-07-03 09:30:00,30,completed,
1108,2026-06-26 11:55:00,161,5,5,2026-07-06 14:30:00,30,completed,
1109,2026-06-26 12:00:00,526,1,7,2026-07-03 15:00:00,30,completed,
1110,2026-06-26 12:15:00,373,6,10,2026-06-26 15:30:00,30,cancelled,Patient cancelled in advance; rescheduling was offered.
1111,2026-06-26 12:40:00,331,2,10,2026-07-03 16:30:00,30,completed,
1112,2026-06-26 12:55:00,527,5,7,2026-06-30 08:00:00,30,completed,
1113,2026-06-26 13:55:00,528,2,8,2026-06-30 09:00:00,30,completed,
1114,2026-06-26 14:05:00,529,5,7,2026-06-29 08:00:00,30,completed,
1115,2026-06-26 14:20:00,530,1,3,2026-06-26 15:30:00,30,completed,
1116,2026-06-26 14:20:00,435,3,10,2026-07-02 15:30:00,30,completed,
1117,2026-06-26 15:30:00,188,4,10,2026-06-29 11:30:00,30,no_show,Patient did not attend; follow-up contact is required.
1118,2026-06-26 15:45:00,531,6,1,2026-06-30 09:00:00,30,completed,
1119,2026-06-26 15:55:00,530,1,7,2026-06-30 13:00:00,30,completed,
1120,2026-06-26 16:25:00,184,5,3,2026-06-30 15:30:00,30,completed,
1121,2026-06-26 16:30:00,532,6,1,2026-06-29 16:00:00,30,completed,
1122,2026-06-27 07:15:00,283,3,3,2026-07-01 15:30:00,30,completed,
1123,2026-06-27 07:35:00,201,5,3,2026-07-02 15:00:00,30,completed,
1124,2026-06-27 09:35:00,460,3,12,2026-07-03 08:30:00,30,completed,
1125,2026-06-27 10:35:00,533,1,3,2026-07-01 11:00:00,30,completed,
1126,2026-06-27 12:55:00,534,6,6,2026-06-29 13:00:00,30,completed,
1127,2026-06-27 16:00:00,535,3,12,2026-06-30 10:00:00,30,completed,
1128,2026-06-27 20:45:00,536,2,8,2026-07-02 11:30:00,30,completed,
1129,2026-06-28 20:20:00,384,4,10,2026-07-02 08:30:00,30,completed,
1130,2026-06-29 08:10:00,472,1,14,2026-07-06 10:00:00,30,completed,
1131,2026-06-29 08:45:00,498,3,12,2026-07-06 08:00:00,30,completed,
1132,2026-06-29 08:55:00,371,5,7,2026-07-01 14:30:00,30,completed,
1133,2026-06-29 09:20:00,537,6,6,2026-06-29 10:00:00,30,no_show,Patient did not attend; follow-up contact is required.
1134,2026-06-29 09:45:00,487,5,10,2026-07-02 10:00:00,30,completed,
1135,2026-06-29 09:45:00,302,2,14,2026-07-02 14:00:00,30,no_show,Patient did not attend; follow-up contact is required.
1136,2026-06-29 09:45:00,202,1,3,2026-07-03 16:00:00,30,no_show,Patient did not attend; follow-up contact is required.
1137,2026-06-29 10:10:00,491,2,7,2026-07-02 08:00:00,30,completed,
1138,2026-06-29 10:20:00,178,3,10,2026-07-06 15:30:00,30,completed,
1139,2026-06-29 11:10:00,207,4,2,2026-07-02 15:00:00,30,completed,
1140,2026-06-29 11:15:00,538,6,2,2026-07-06 08:30:00,30,completed,
1141,2026-06-29 11:50:00,391,4,2,2026-07-07 16:30:00,30,completed,
1142,2026-06-29 12:00:00,539,6,9,2026-07-03 09:30:00,30,completed,
1143,2026-06-29 12:05:00,386,1,7,2026-07-02 13:00:00,30,completed,
1144,2026-06-29 12:15:00,447,6,15,2026-07-02 09:00:00,30,completed,
1145,2026-06-29 12:15:00,470,1,10,2026-07-08 14:30:00,30,completed,
1146,2026-06-29 12:25:00,510,1,9,2026-07-02 14:00:00,30,completed,
1147,2026-06-29 13:00:00,306,1,7,2026-07-07 10:30:00,30,completed,
1148,2026-06-29 13:30:00,413,3,12,2026-07-02 13:30:00,30,completed,
1149,2026-06-29 13:45:00,177,5,3,2026-07-03 11:00:00,30,completed,
1150,2026-06-29 13:50:00,440,4,10,2026-07-06 11:30:00,30,no_show,Patient did not attend; follow-up contact is required.
1151,2026-06-29 14:00:00,540,4,2,2026-07-01 10:00:00,30,completed,
1152,2026-06-29 14:05:00,541,2,7,2026-07-03 14:00:00,30,completed,
1153,2026-06-29 14:15:00,471,3,1,2026-07-03 08:00:00,30,completed,
1154,2026-06-29 14:35:00,339,3,3,2026-07-03 10:00:00,30,completed,
1155,2026-06-29 14:50:00,419,5,7,2026-07-06 15:30:00,30,completed,
1156,2026-06-29 15:05:00,389,6,9,2026-07-06 12:00:00,30,completed,
1157,2026-06-29 15:10:00,345,5,3,2026-07-08 15:30:00,30,completed,
1158,2026-06-29 15:20:00,476,1,10,2026-07-02 11:30:00,30,completed,
1159,2026-06-29 15:25:00,464,6,1,2026-07-03 15:30:00,30,completed,
1160,2026-06-29 15:30:00,542,4,2,2026-07-08 09:00:00,30,completed,
1161,2026-06-29 15:35:00,400,1,3,2026-07-02 15:00:00,30,completed,
1162,2026-06-29 15:55:00,543,4,2,2026-07-07 09:30:00,30,cancelled,Patient cancelled in advance; rescheduling was offered.
1163,2026-06-29 16:10:00,474,3,12,2026-07-01 09:30:00,30,completed,
1164,2026-06-29 16:10:00,485,2,7,2026-07-03 11:00:00,30,completed,
1165,2026-06-29 16:35:00,149,3,13,2026-07-03 11:00:00,30,completed,
1166,2026-06-29 16:35:00,544,4,1,2026-07-06 15:00:00,30,completed,
1167,2026-06-29 17:10:00,414,3,3,2026-07-07 16:00:00,30,completed,
1168,2026-06-29 19:55:00,448,4,1,2026-07-03 08:30:00,30,completed,
1169,2026-06-29 20:35:00,478,3,4,2026-07-06 16:30:00,30,cancelled,Patient cancelled in advance; rescheduling was offered.
1170,2026-06-30 08:25:00,188,4,10,2026-07-02 09:30:00,30,no_show,Patient did not attend; follow-up contact is required.
1171,2026-06-30 08:40:00,415,3,1,2026-07-09 08:30:00,30,cancelled,Patient cancelled in advance; rescheduling was offered.
1172,2026-06-30 08:50:00,430,2,13,2026-07-03 15:00:00,30,completed,
1173,2026-06-30 09:20:00,462,1,10,2026-07-02 09:30:00,30,completed,
1174,2026-06-30 09:25:00,545,1,8,2026-07-06 08:30:00,30,completed,
1175,2026-06-30 09:50:00,546,4,2,2026-07-09 08:30:00,30,completed,
1176,2026-06-30 10:25:00,547,4,2,2026-07-02 14:00:00,30,completed,
1177,2026-06-30 10:25:00,548,4,2,2026-07-07 15:00:00,30,completed,
1178,2026-06-30 11:00:00,356,5,7,2026-07-02 12:00:00,30,completed,
1179,2026-06-30 11:15:00,549,5,3,2026-07-01 16:00:00,30,completed,
1180,2026-06-30 11:50:00,380,5,7,2026-07-03 15:00:00,30,completed,
1181,2026-06-30 12:45:00,512,1,10,2026-07-06 08:00:00,30,completed,
1182,2026-06-30 13:00:00,361,1,3,2026-07-06 13:30:00,30,completed,
1183,2026-06-30 13:05:00,348,2,1,2026-06-30 16:30:00,30,no_show,Patient did not attend; follow-up contact is required.
1184,2026-06-30 13:15:00,550,2,1,2026-07-01 12:00:00,30,completed,
1185,2026-06-30 13:15:00,551,4,1,2026-07-03 08:00:00,30,cancelled,Patient cancelled in advance; rescheduling was offered.
1186,2026-06-30 13:25:00,552,5,3,2026-07-06 10:30:00,30,completed,
1187,2026-06-30 13:30:00,322,3,13,2026-07-03 15:00:00,30,completed,
1188,2026-06-30 13:40:00,553,4,2,2026-07-03 15:30:00,30,completed,
1189,2026-06-30 13:55:00,554,5,3,2026-07-03 14:00:00,30,completed,
1190,2026-06-30 14:05:00,449,5,1,2026-07-03 13:30:00,30,completed,
1191,2026-06-30 14:05:00,555,4,5,2026-07-07 15:30:00,30,completed,
1192,2026-06-30 14:50:00,429,1,3,2026-07-07 09:00:00,30,completed,
1193,2026-06-30 15:10:00,504,2,7,2026-07-07 14:00:00,30,completed,
1194,2026-06-30 15:50:00,529,5,10,2026-07-03 13:00:00,30,completed,
1195,2026-06-30 19:20:00,488,2,7,2026-07-06 09:30:00,30,completed,
1196,2026-07-01 08:10:00,524,5,3,2026-07-02 10:30:00,30,completed,
1197,2026-07-01 10:40:00,459,3,12,2026-07-01 13:00:00,30,completed,
1198,2026-07-01 11:05:00,556,2,8,2026-07-06 10:30:00,30,completed,
1199,2026-07-01 11:05:00,557,4,1,2026-07-08 14:30:00,30,no_show,Patient did not attend; follow-up contact is required.
1200,2026-07-01 11:40:00,558,3,12,2026-07-06 09:30:00,30,completed,
1201,2026-07-01 11:45:00,521,6,10,2026-07-09 09:00:00,30,completed,
1202,2026-07-01 13:10:00,559,6,1,2026-07-08 14:30:00,30,completed,
1203,2026-07-01 13:20:00,560,6,1,2026-07-06 10:00:00,30,completed,
1204,2026-07-01 13:35:00,561,1,3,2026-07-07 14:00:00,30,completed,
1205,2026-07-01 14:05:00,453,4,1,2026-07-09 16:00:00,30,completed,
1206,2026-07-01 14:15:00,562,6,2,2026-07-07 11:30:00,30,completed,
1207,2026-07-01 14:20:00,318,3,1,2026-07-03 16:30:00,30,completed,
1208,2026-07-01 14:40:00,563,6,2,2026-07-08 15:00:00,30,cancelled,Patient cancelled in advance; rescheduling was offered.
1209,2026-07-01 15:20:00,420,1,3,2026-07-02 16:00:00,30,completed,
1210,2026-07-01 15:20:00,564,2,1,2026-07-09 13:00:00,30,completed,
1211,2026-07-01 15:35:00,481,2,7,2026-07-03 13:00:00,30,completed,
1212,2026-07-01 16:00:00,184,4,10,2026-07-02 16:30:00,30,completed,
1213,2026-07-01 16:05:00,565,2,7,2026-07-07 10:30:00,30,completed,
1214,2026-07-01 16:40:00,566,5,3,2026-07-03 10:00:00,30,completed,
1215,2026-07-01 16:40:00,412,1,7,2026-07-08 16:00:00,30,completed,
1216,2026-07-02 08:10:00,567,3,12,2026-07-07 09:30:00,30,completed,
1217,2026-07-02 08:15:00,568,1,4,2026-07-08 11:00:00,30,completed,
1218,2026-07-02 08:20:00,288,5,10,2026-07-09 11:30:00,30,completed,
1219,2026-07-02 08:40:00,569,6,1,2026-07-07 08:00:00,30,completed,
1220,2026-07-02 08:55:00,86,3,4,2026-07-07 13:30:00,30,no_show,Patient did not attend; follow-up contact is required.
1221,2026-07-02 09:50:00,570,6,1,2026-07-07 14:00:00,30,completed,
1222,2026-07-02 10:45:00,463,6,9,2026-07-06 16:00:00,30,completed,
1223,2026-07-02 11:05:00,571,5,9,2026-07-06 13:30:00,30,completed,
1224,2026-07-02 11:15:00,486,3,12,2026-07-08 09:00:00,30,completed,
1225,2026-07-02 11:20:00,292,4,11,2026-07-07 12:30:00,30,completed,
1226,2026-07-02 11:20:00,572,4,2,2026-07-07 16:00:00,30,completed,
1227,2026-07-02 11:20:00,573,4,2,2026-07-10 14:30:00,30,cancelled,Patient cancelled in advance; rescheduling was offered.
1228,2026-07-02 11:35:00,157,3,10,2026-07-02 12:00:00,30,completed,
1229,2026-07-02 11:45:00,574,1,3,2026-07-07 12:00:00,30,completed,
1230,2026-07-02 11:55:00,575,4,2,2026-07-06 13:30:00,30,completed,
1231,2026-07-02 12:25:00,230,1,3,2026-07-06 11:30:00,30,completed,
1232,2026-07-02 12:25:00,398,2,7,2026-07-08 11:00:00,30,completed,
1233,2026-07-02 12:30:00,576,2,14,2026-07-08 09:00:00,30,completed,
1234,2026-07-02 13:00:00,324,1,3,2026-07-10 09:30:00,30,completed,
1235,2026-07-02 13:05:00,577,3,12,2026-07-07 08:00:00,30,completed,
1236,2026-07-02 13:10:00,578,6,6,2026-07-02 13:30:00,30,completed,
1237,2026-07-02 13:25:00,534,6,9,2026-07-06 10:30:00,30,completed,
1238,2026-07-02 13:45:00,469,6,15,2026-07-08 10:30:00,30,completed,
1239,2026-07-02 14:25:00,474,3,12,2026-07-08 10:30:00,30,completed,
1240,2026-07-02 15:00:00,579,4,2,2026-07-03 14:30:00,30,completed,
1241,2026-07-02 15:20:00,580,2,7,2026-07-07 09:00:00,30,completed,
1242,2026-07-02 15:50:00,444,1,4,2026-07-07 15:00:00,30,completed,
1243,2026-07-02 16:10:00,581,4,2,2026-07-07 14:30:00,30,completed,
1244,2026-07-02 16:15:00,582,5,3,2026-07-08 08:30:00,30,cancelled,Patient cancelled in advance; rescheduling was offered.
1245,2026-07-02 16:20:00,583,1,13,2026-07-10 15:30:00,30,cancelled,Patient cancelled in advance; rescheduling was offered.
1246,2026-07-02 16:45:00,385,5,3,2026-07-10 16:00:00,30,completed,
1247,2026-07-02 19:40:00,494,4,5,2026-07-09 15:30:00,30,completed,
1248,2026-07-03 08:00:00,509,5,1,2026-07-10 09:30:00,30,completed,
1249,2026-07-03 08:35:00,584,3,12,2026-07-06 11:00:00,30,completed,
1250,2026-07-03 08:45:00,518,5,7,2026-07-09 15:00:00,30,completed,
1251,2026-07-03 09:25:00,585,4,2,2026-07-07 08:30:00,30,completed,
1252,2026-07-03 09:35:00,586,2,8,2026-07-06 08:00:00,30,completed,
1253,2026-07-03 09:45:00,587,4,2,2026-07-10 12:30:00,30,completed,
1254,2026-07-03 10:45:00,588,3,12,2026-07-08 13:30:00,30,cancelled,Patient cancelled in advance; rescheduling was offered.
1255,2026-07-03 11:40:00,535,3,1,2026-07-10 09:30:00,30,completed,
1256,2026-07-03 11:55:00,589,1,2,2026-07-06 15:00:00,30,completed,
1257,2026-07-03 12:00:00,395,1,8,2026-07-06 15:30:00,30,completed,
1258,2026-07-03 12:00:00,234,1,5,2026-07-10 14:30:00,30,completed,
1259,2026-07-03 12:20:00,590,2,2,2026-07-06 13:00:00,30,cancelled,Patient cancelled in advance; rescheduling was offered.
1260,2026-07-03 12:20:00,437,2,7,2026-07-08 14:00:00,30,completed,
1261,2026-07-03 12:45:00,591,1,3,2026-07-08 10:00:00,30,completed,
1262,2026-07-03 13:00:00,592,5,6,2026-07-06 08:30:00,30,completed,
1263,2026-07-03 13:20:00,593,2,7,2026-07-08 12:00:00,30,no_show,Patient did not attend; follow-up contact is required.
1264,2026-07-03 13:35:00,205,4,10,2026-07-06 15:30:00,30,completed,
1265,2026-07-03 14:05:00,594,4,2,2026-07-07 14:00:00,30,completed,
1266,2026-07-03 14:15:00,372,4,11,2026-07-08 08:30:00,30,completed,
1267,2026-07-03 14:45:00,595,2,1,2026-07-07 12:00:00,30,completed,
1268,2026-07-03 14:50:00,519,3,12,2026-07-08 15:00:00,30,completed,
1269,2026-07-03 15:00:00,596,1,13,2026-07-08 08:30:00,30,completed,
1270,2026-07-03 15:35:00,510,1,2,2026-07-08 08:00:00,30,completed,
1271,2026-07-03 15:45:00,597,4,2,2026-07-10 15:00:00,30,completed,
1272,2026-07-03 16:10:00,598,6,2,2026-07-08 16:00:00,30,completed,
1273,2026-07-03 16:55:00,599,2,8,2026-07-09 09:30:00,30,completed,
1274,2026-07-03 17:30:00,532,6,15,2026-07-09 10:00:00,30,no_show,Patient did not attend; follow-up contact is required.
1275,2026-07-04 18:10:00,517,4,10,2026-07-08 11:30:00,30,completed,
1276,2026-07-04 19:00:00,507,1,7,2026-07-09 11:00:00,30,completed,
1277,2026-07-04 19:55:00,537,6,6,2026-07-06 09:00:00,30,completed,
1278,2026-07-05 07:55:00,506,6,10,2026-07-14 13:30:00,30,completed,
1279,2026-07-05 20:10:00,459,3,12,2026-07-09 10:00:00,30,completed,
1280,2026-07-06 07:55:00,600,5,1,2026-07-13 16:30:00,30,completed,
1281,2026-07-06 08:00:00,528,2,10,2026-07-10 10:30:00,30,completed,
1282,2026-07-06 08:05:00,451,5,3,2026-07-10 15:00:00,30,completed,
1283,2026-07-06 08:15:00,586,1,14,2026-07-09 08:00:00,30,completed,
1284,2026-07-06 08:35:00,601,6,15,2026-07-07 09:30:00,30,completed,
1285,2026-07-06 08:40:00,407,5,4,2026-07-15 15:30:00,30,completed,
1286,2026-07-06 09:15:00,525,2,14,2026-07-10 11:00:00,30,completed,
1287,2026-07-06 10:15:00,207,4,10,2026-07-10 14:00:00,30,cancelled,Patient cancelled in advance; rescheduling was offered.
1288,2026-07-06 10:20:00,602,5,9,2026-07-09 14:00:00,30,completed,
1289,2026-07-06 10:20:00,603,5,4,2026-07-09 16:30:00,30,completed,
1290,2026-07-06 10:30:00,604,5,1,2026-07-13 09:00:00,30,completed,
1291,2026-07-06 10:30:00,488,2,7,2026-07-14 08:00:00,30,completed,
1292,2026-07-06 10:35:00,605,1,7,2026-07-13 08:30:00,30,completed,
1293,2026-07-06 11:10:00,530,1,7,2026-07-10 12:00:00,30,completed,
1294,2026-07-06 11:25:00,502,4,10,2026-07-10 10:00:00,30,completed,
1295,2026-07-06 11:25:00,550,5,9,2026-07-15 09:00:00,30,completed,
1296,2026-07-06 11:35:00,483,5,3,2026-07-09 08:30:00,30,completed,
1297,2026-07-06 11:45:00,420,1,10,2026-07-14 16:30:00,30,completed,
1298,2026-07-06 11:55:00,579,4,1,2026-07-10 16:00:00,30,completed,
1299,2026-07-06 12:25:00,606,1,9,2026-07-10 11:00:00,30,completed,
1300,2026-07-06 12:30:00,230,1,7,2026-07-14 15:00:00,30,completed,
1301,2026-07-06 12:35:00,377,2,7,2026-07-10 15:30:00,30,completed,
1302,2026-07-06 12:55:00,526,1,1,2026-07-09 09:30:00,30,completed,
1303,2026-07-06 13:00:00,511,5,9,2026-07-09 09:30:00,30,completed,
1304,2026-07-06 13:05:00,508,2,7,2026-07-16 09:00:00,30,completed,
1305,2026-07-06 13:10:00,496,2,2,2026-07-14 12:30:00,30,completed,
1306,2026-07-06 13:15:00,607,1,3,2026-07-08 13:00:00,30,completed,
1307,2026-07-06 13:20:00,608,3,12,2026-07-13 09:00:00,30,completed,
1308,2026-07-06 14:00:00,431,5,7,2026-07-07 14:00:00,30,completed,
1309,2026-07-06 14:15:00,386,1,7,2026-07-13 09:30:00,30,completed,
1310,2026-07-06 14:30:00,427,2,2,2026-07-13 13:30:00,30,completed,
1311,2026-07-06 14:30:00,497,4,10,2026-07-14 16:00:00,30,completed,
1312,2026-07-06 14:35:00,403,3,4,2026-07-14 09:30:00,30,completed,
1313,2026-07-06 14:40:00,609,4,1,2026-07-10 09:00:00,30,completed,
1314,2026-07-06 14:45:00,477,2,7,2026-07-13 16:00:00,30,completed,
1315,2026-07-06 14:50:00,610,4,5,2026-07-13 16:00:00,30,completed,
1316,2026-07-06 15:30:00,369,4,11,2026-07-15 15:00:00,30,completed,
1317,2026-07-06 15:45:00,516,3,12,2026-07-14 11:00:00,30,completed,
1318,2026-07-06 16:50:00,481,2,7,2026-07-09 14:00:00,30,completed,
1319,2026-07-06 20:00:00,476,1,10,2026-07-09 10:00:00,30,completed,
1320,2026-07-07 08:15:00,577,3,12,2026-07-13 10:30:00,30,completed,
1321,2026-07-07 08:50:00,556,6,10,2026-07-09 12:00:00,30,completed,
1322,2026-07-07 08:50:00,487,5,1,2026-07-13 12:00:00,30,completed,
1323,2026-07-07 09:35:00,611,5,3,2026-07-07 11:30:00,30,completed,
1324,2026-07-07 09:35:00,612,5,3,2026-07-13 13:30:00,30,completed,
1325,2026-07-07 09:45:00,613,4,2,2026-07-08 16:00:00,30,completed,
1326,2026-07-07 09:55:00,614,1,3,2026-07-16 09:00:00,30,completed,
1327,2026-07-07 09:55:00,495,3,3,2026-07-16 13:00:00,30,completed,
1328,2026-07-07 10:00:00,615,6,6,2026-07-08 13:30:00,30,completed,
1329,2026-07-07 10:30:00,590,2,2,2026-07-14 12:00:00,30,completed,
1330,2026-07-07 10:40:00,616,1,7,2026-07-13 14:30:00,30,completed,
1331,2026-07-07 11:05:00,617,3,12,2026-07-09 11:30:00,30,completed,
1332,2026-07-07 11:10:00,513,4,10,2026-07-14 11:30:00,30,completed,
1333,2026-07-07 11:55:00,618,2,7,2026-07-09 15:00:00,30,completed,
1334,2026-07-07 12:10:00,408,3,1,2026-07-10 13:30:00,30,completed,
1335,2026-07-07 13:15:00,619,1,14,2026-07-09 13:30:00,30,completed,
1336,2026-07-07 13:30:00,620,4,2,2026-07-14 10:00:00,30,no_show,Patient did not attend; follow-up contact is required.
1337,2026-07-07 13:40:00,545,1,10,2026-07-09 15:00:00,30,cancelled,Patient cancelled in advance; rescheduling was offered.
1338,2026-07-07 14:20:00,621,6,1,2026-07-16 13:00:00,30,completed,
1339,2026-07-07 14:25:00,622,4,2,2026-07-09 08:00:00,30,completed,
1340,2026-07-07 14:30:00,623,5,7,2026-07-13 14:30:00,30,completed,
1341,2026-07-07 14:45:00,624,5,3,2026-07-13 11:00:00,30,completed,
1342,2026-07-07 15:05:00,625,1,3,2026-07-13 12:00:00,30,completed,
1343,2026-07-07 15:10:00,626,5,3,2026-07-16 11:00:00,30,completed,
1344,2026-07-07 15:45:00,627,4,1,2026-07-10 12:00:00,30,completed,
1345,2026-07-07 16:20:00,422,1,3,2026-07-15 11:30:00,30,completed,
1346,2026-07-07 16:25:00,539,6,2,2026-07-13 09:00:00,30,completed,
1347,2026-07-08 07:10:00,500,4,10,2026-07-14 15:30:00,30,completed,
1348,2026-07-08 08:00:00,628,6,1,2026-07-15 11:00:00,30,completed,
1349,2026-07-08 08:20:00,92,4,11,2026-07-16 14:30:00,30,completed,
1350,2026-07-08 08:50:00,544,5,7,2026-07-10 13:30:00,30,completed,
1351,2026-07-08 09:20:00,629,2,7,2026-07-10 14:30:00,30,completed,
1352,2026-07-08 09:20:00,630,6,1,2026-07-15 09:00:00,30,completed,
1353,2026-07-08 10:30:00,631,6,1,2026-07-15 10:00:00,30,completed,
1354,2026-07-08 11:15:00,440,2,10,2026-07-14 15:30:00,30,completed,
1355,2026-07-08 11:30:00,632,2,14,2026-07-13 09:00:00,30,completed,
1356,2026-07-08 11:40:00,318,3,2,2026-07-10 11:00:00,30,no_show,Patient did not attend; follow-up contact is required.
1357,2026-07-08 11:55:00,633,6,2,2026-07-14 15:30:00,30,completed,
1358,2026-07-08 12:30:00,634,2,7,2026-07-09 16:00:00,30,completed,
1359,2026-07-08 12:55:00,536,1,14,2026-07-14 10:30:00,30,cancelled,Patient cancelled in advance; rescheduling was offered.
1360,2026-07-08 13:00:00,635,5,7,2026-07-14 14:00:00,30,completed,
1361,2026-07-08 13:15:00,478,3,4,2026-07-16 14:30:00,30,completed,
1362,2026-07-08 13:20:00,636,4,1,2026-07-16 11:30:00,30,completed,
1363,2026-07-08 13:25:00,637,6,1,2026-07-10 13:30:00,30,completed,
1364,2026-07-08 13:35:00,397,5,3,2026-07-13 15:30:00,30,cancelled,Patient cancelled in advance; rescheduling was offered.
1365,2026-07-08 14:15:00,638,1,7,2026-07-14 09:30:00,30,completed,
1366,2026-07-08 14:55:00,520,1,10,2026-07-10 10:30:00,30,completed,
1367,2026-07-08 15:00:00,470,4,10,2026-07-14 16:30:00,30,completed,
1368,2026-07-08 16:15:00,639,6,6,2026-07-08 16:30:00,30,completed,
1369,2026-07-08 16:30:00,375,4,11,2026-07-15 12:00:00,30,completed,
1370,2026-07-08 16:40:00,640,6,2,2026-07-10 13:00:00,30,completed,
1371,2026-07-08 16:55:00,641,1,3,2026-07-14 13:30:00,30,completed,
1372,2026-07-09 08:00:00,642,6,6,2026-07-09 15:30:00,30,completed,
1373,2026-07-09 08:20:00,643,2,6,2026-07-09 08:30:00,30,completed,
1374,2026-07-09 08:30:00,644,1,3,2026-07-09 15:30:00,30,completed,
1375,2026-07-09 08:30:00,645,2,1,2026-07-16 16:00:00,30,cancelled,Patient cancelled in advance; rescheduling was offered.
1376,2026-07-09 08:45:00,643,2,10,2026-07-10 08:00:00,30,completed,
1377,2026-07-09 09:10:00,646,4,1,2026-07-16 12:00:00,30,completed,
1378,2026-07-09 09:20:00,647,1,9,2026-07-16 16:00:00,30,completed,
1379,2026-07-09 09:35:00,504,2,10,2026-07-14 09:00:00,30,completed,
1380,2026-07-09 09:35:00,648,2,14,2026-07-17 08:00:00,30,completed,
1381,2026-07-09 09:45:00,649,5,4,2026-07-13 10:30:00,30,completed,
1382,2026-07-09 09:45:00,449,5,7,2026-07-14 15:30:00,30,completed,
1383,2026-07-09 10:35:00,650,6,1,2026-07-15 08:30:00,30,completed,
1384,2026-07-09 10:45:00,473,5,3,2026-07-14 12:00:00,30,completed,
1385,2026-07-09 10:45:00,651,6,9,2026-07-15 12:00:00,30,completed,
1386,2026-07-09 11:10:00,503,1,3,2026-07-13 11:00:00,30,completed,
1387,2026-07-09 11:25:00,492,2,3,2026-07-15 13:00:00,30,no_show,Patient did not attend; follow-up contact is required.
1388,2026-07-09 12:00:00,652,3,12,2026-07-14 08:00:00,30,completed,
1389,2026-07-09 12:10:00,653,1,13,2026-07-14 08:00:00,30,completed,
1390,2026-07-09 12:20:00,654,5,7,2026-07-14 11:00:00,30,completed,
1391,2026-07-09 12:40:00,277,2,13,2026-07-15 10:30:00,30,completed,
1392,2026-07-09 13:15:00,543,4,2,2026-07-14 15:00:00,30,cancelled,Patient cancelled in advance; rescheduling was offered.
1393,2026-07-09 13:45:00,523,5,3,2026-07-10 11:30:00,30,completed,
1394,2026-07-09 13:50:00,229,4,11,2026-07-09 14:00:00,30,completed,
1395,2026-07-09 14:20:00,592,5,7,2026-07-10 10:30:00,30,completed,
1396,2026-07-09 14:45:00,655,2,7,2026-07-20 12:00:00,30,completed,
1397,2026-07-09 15:30:00,618,2,8,2026-07-13 10:30:00,30,completed,
1398,2026-07-09 15:35:00,656,1,13,2026-07-15 15:30:00,30,completed,
1399,2026-07-09 15:40:00,185,5,3,2026-07-13 09:30:00,30,completed,
1400,2026-07-09 15:40:00,657,4,1,2026-07-14 13:30:00,30,completed,
1401,2026-07-09 15:40:00,339,3,10,2026-07-17 08:00:00,30,cancelled,Patient cancelled in advance; rescheduling was offered.
1402,2026-07-09 16:25:00,563,6,2,2026-07-16 08:00:00,30,completed,
1403,2026-07-09 17:35:00,548,5,7,2026-07-13 08:00:00,30,completed,
1404,2026-07-10 07:40:00,639,1,7,2026-07-17 10:30:00,30,completed,
1405,2026-07-10 07:40:00,538,1,7,2026-07-17 13:30:00,30,completed,
1406,2026-07-10 08:25:00,391,1,7,2026-07-16 11:00:00,30,completed,
1407,2026-07-10 09:00:00,247,5,4,2026-07-17 10:30:00,30,completed,
1408,2026-07-10 09:45:00,658,2,8,2026-07-16 10:00:00,30,completed,
1409,2026-07-10 09:45:00,622,1,7,2026-07-17 16:00:00,30,completed,
1410,2026-07-10 10:15:00,659,4,2,2026-07-15 10:30:00,30,completed,
1411,2026-07-10 10:20:00,660,1,3,2026-07-17 15:00:00,30,completed,
1412,2026-07-10 10:25:00,311,5,3,2026-07-17 08:30:00,30,completed,
1413,2026-07-10 10:35:00,537,2,8,2026-07-16 13:30:00,30,completed,
1414,2026-07-10 10:55:00,661,1,7,2026-07-15 14:30:00,30,completed,
1415,2026-07-10 11:20:00,662,1,13,2026-07-16 14:00:00,30,completed,
1416,2026-07-10 12:10:00,663,4,1,2026-07-14 09:00:00,30,completed,
1417,2026-07-10 12:20:00,664,5,3,2026-07-14 09:00:00,30,cancelled,Patient cancelled in advance; rescheduling was offered.
1418,2026-07-10 12:40:00,627,3,12,2026-07-13 13:00:00,30,completed,
1419,2026-07-10 12:45:00,665,5,3,2026-07-17 15:30:00,30,completed,
1420,2026-07-10 13:00:00,584,3,10,2026-07-15 16:00:00,30,completed,
1421,2026-07-10 13:35:00,571,5,10,2026-07-15 15:00:00,30,completed,
1422,2026-07-10 13:55:00,494,4,10,2026-07-16 15:00:00,30,completed,
1423,2026-07-10 14:00:00,560,3,12,2026-07-20 10:00:00,30,completed,
1424,2026-07-10 15:15:00,666,4,2,2026-07-16 14:00:00,30,cancelled,Patient cancelled in advance; rescheduling was offered.
1425,2026-07-10 15:25:00,667,1,3,2026-07-15 13:30:00,30,completed,
1426,2026-07-10 15:25:00,668,5,4,2026-07-17 15:00:00,30,completed,
1427,2026-07-10 15:40:00,559,2,7,2026-07-15 14:30:00,30,completed,
1428,2026-07-10 16:00:00,472,1,8,2026-07-17 09:00:00,30,completed,
1429,2026-07-10 16:20:00,669,2,8,2026-07-14 10:00:00,30,completed,
1430,2026-07-10 16:35:00,432,4,11,2026-07-15 11:30:00,30,completed,
1431,2026-07-10 16:55:00,475,5,3,2026-07-15 16:00:00,30,completed,
1432,2026-07-10 19:35:00,670,5,3,2026-07-16 08:30:00,30,completed,
1433,2026-07-10 20:20:00,671,5,3,2026-07-16 13:30:00,30,completed,
1434,2026-07-11 16:30:00,672,6,9,2026-07-16 15:30:00,30,completed,
1435,2026-07-11 17:40:00,673,1,3,2026-07-13 15:30:00,30,completed,
1436,2026-07-12 10:05:00,486,3,10,2026-07-15 15:00:00,30,completed,
1437,2026-07-12 11:15:00,554,5,4,2026-07-14 15:00:00,30,completed,
1438,2026-07-12 14:20:00,674,3,12,2026-07-21 10:00:00,30,completed,
1439,2026-07-12 18:15:00,675,1,3,2026-07-16 12:00:00,30,completed,
1440,2026-07-13 08:00:00,676,2,13,2026-07-17 15:00:00,30,completed,
1441,2026-07-13 08:15:00,568,1,10,2026-07-15 09:30:00,30,no_show,Patient did not attend; follow-up contact is required.
1442,2026-07-13 08:20:00,677,6,2,2026-07-20 10:30:00,30,completed,
1443,2026-07-13 08:25:00,678,1,3,2026-07-17 08:00:00,30,completed,
1444,2026-07-13 08:55:00,542,3,12,2026-07-17 10:30:00,30,completed,
1445,2026-07-13 09:00:00,240,5,3,2026-07-15 13:30:00,30,completed,
1446,2026-07-13 09:00:00,583,1,3,2026-07-21 08:00:00,30,completed,
1447,2026-07-13 09:05:00,565,6,10,2026-07-20 13:30:00,30,completed,
1448,2026-07-13 09:10:00,533,1,13,2026-07-21 15:00:00,30,cancelled,Patient cancelled in advance; rescheduling was offered.
1449,2026-07-13 09:15:00,634,2,7,2026-07-21 13:30:00,30,completed,
1450,2026-07-13 09:40:00,679,4,2,2026-07-16 11:00:00,30,no_show,Patient did not attend; follow-up contact is required.
1451,2026-07-13 10:35:00,680,4,2,2026-07-16 15:30:00,30,cancelled,Patient cancelled in advance; rescheduling was offered.
1452,2026-07-13 10:45:00,468,5,4,2026-07-17 16:30:00,30,no_show,Patient did not attend; follow-up contact is required.
1453,2026-07-13 10:55:00,681,5,3,2026-07-17 14:00:00,30,completed,
1454,2026-07-13 10:55:00,619,1,1,2026-07-21 14:30:00,30,no_show,Patient did not attend; follow-up contact is required.
1455,2026-07-13 11:00:00,519,3,12,2026-07-17 08:30:00,30,completed,
1456,2026-07-13 11:00:00,510,2,8,2026-07-17 09:30:00,30,completed,
1457,2026-07-13 11:05:00,441,5,4,2026-07-17 12:30:00,30,completed,
1458,2026-07-13 11:05:00,169,4,11,2026-07-22 15:00:00,30,completed,
1459,2026-07-13 11:10:00,574,1,1,2026-07-22 08:30:00,30,completed,
1460,2026-07-13 11:15:00,580,6,10,2026-07-15 16:00:00,30,completed,
1461,2026-07-13 11:40:00,682,1,3,2026-07-16 08:00:00,30,completed,
1462,2026-07-13 11:40:00,683,1,3,2026-07-16 10:00:00,30,completed,
1463,2026-07-13 11:40:00,431,2,8,2026-07-20 09:30:00,30,completed,
1464,2026-07-13 11:45:00,207,4,10,2026-07-16 12:30:00,30,completed,
1465,2026-07-13 12:00:00,684,2,8,2026-07-21 09:30:00,30,completed,
1466,2026-07-13 12:05:00,685,6,2,2026-07-16 11:00:00,30,completed,
1467,2026-07-13 12:10:00,686,6,1,2026-07-15 09:30:00,30,completed,
1468,2026-07-13 12:20:00,687,6,2,2026-07-21 11:30:00,30,completed,
1469,2026-07-13 12:30:00,688,4,2,2026-07-20 16:00:00,30,cancelled,Patient cancelled in advance; rescheduling was offered.
1470,2026-07-13 12:35:00,557,4,1,2026-07-15 16:00:00,30,completed,
1471,2026-07-13 13:05:00,385,5,7,2026-07-23 11:00:00,30,completed,
1472,2026-07-13 13:15:00,689,1,3,2026-07-15 10:30:00,30,completed,
1473,2026-07-13 13:25:00,690,6,2,2026-07-14 11:30:00,30,completed,
1474,2026-07-13 13:30:00,691,4,5,2026-07-15 14:30:00,30,completed,
1475,2026-07-13 13:30:00,523,5,7,2026-07-17 11:30:00,30,completed,
1476,2026-07-13 13:30:00,609,2,7,2026-07-20 11:00:00,30,completed,
1477,2026-07-13 14:00:00,234,1,1,2026-07-14 13:00:00,30,completed,
1478,2026-07-13 14:05:00,33,4,11,2026-07-15 13:30:00,30,completed,
1479,2026-07-13 14:05:00,177,5,4,2026-07-20 14:30:00,30,completed,
1480,2026-07-13 14:10:00,601,2,14,2026-07-17 11:00:00,30,completed,
1481,2026-07-13 14:20:00,564,2,7,2026-07-14 14:00:00,30,completed,
1482,2026-07-13 14:30:00,318,3,2,2026-07-17 16:30:00,30,completed,
1483,2026-07-13 14:40:00,692,6,15,2026-07-20 08:00:00,30,completed,
1484,2026-07-13 15:00:00,593,2,7,2026-07-17 14:00:00,30,completed,
1485,2026-07-13 15:35:00,597,4,10,2026-07-17 10:30:00,30,completed,
1486,2026-07-13 15:55:00,693,1,8,2026-07-15 08:00:00,30,completed,
1487,2026-07-13 16:00:00,694,5,3,2026-07-17 09:30:00,30,completed,
1488,2026-07-13 16:00:00,485,5,3,2026-07-21 15:00:00,30,completed,
1489,2026-07-13 16:10:00,695,6,9,2026-07-16 09:00:00,30,completed,
1490,2026-07-13 16:10:00,581,4,10,2026-07-17 10:00:00,30,completed,
1491,2026-07-13 16:10:00,353,4,2,2026-07-22 12:30:00,30,completed,
1492,2026-07-13 16:20:00,602,4,10,2026-07-16 10:30:00,30,no_show,Patient did not attend; follow-up contact is required.
1493,2026-07-13 16:25:00,629,2,14,2026-07-15 09:00:00,30,completed,
1494,2026-07-14 07:15:00,696,5,7,2026-07-21 16:00:00,30,completed,
1495,2026-07-14 08:00:00,697,5,4,2026-07-17 11:00:00,30,completed,
1496,2026-07-14 08:35:00,698,4,5,2026-07-20 15:30:00,30,completed,
1497,2026-07-14 09:40:00,699,1,3,2026-07-22 09:00:00,30,completed,
1498,2026-07-14 10:00:00,442,5,3,2026-07-20 15:00:00,30,completed,
1499,2026-07-14 10:00:00,663,1,8,2026-07-22 10:00:00,30,completed,
1500,2026-07-14 10:15:00,669,2,7,2026-07-22 16:00:00,30,completed,
1501,2026-07-14 10:55:00,700,1,7,2026-07-20 09:30:00,30,completed,
1502,2026-07-14 11:00:00,701,6,1,2026-07-20 16:30:00,30,completed,
1503,2026-07-14 11:05:00,545,6,10,2026-07-23 16:00:00,30,completed,
1504,2026-07-14 11:10:00,586,1,8,2026-07-20 10:30:00,30,completed,
1505,2026-07-14 11:15:00,516,3,12,2026-07-20 08:30:00,30,completed,
1506,2026-07-14 11:25:00,702,2,13,2026-07-15 15:30:00,30,completed,
1507,2026-07-14 12:10:00,703,5,7,2026-07-20 08:30:00,30,completed,
1508,2026-07-14 12:10:00,515,4,10,2026-07-21 15:30:00,30,completed,
1509,2026-07-14 12:25:00,423,1,3,2026-07-20 08:00:00,30,no_show,Patient did not attend; follow-up contact is required.
1510,2026-07-14 13:15:00,520,6,10,2026-07-21 12:00:00,30,completed,
1511,2026-07-14 13:20:00,234,1,7,2026-07-22 11:30:00,30,completed,
1512,2026-07-14 13:50:00,594,3,3,2026-07-20 13:30:00,30,cancelled,Patient cancelled in advance; rescheduling was offered.
1513,2026-07-14 13:55:00,506,6,1,2026-07-21 12:30:00,30,completed,
1514,2026-07-14 14:40:00,618,4,10,2026-07-21 10:30:00,30,completed,
1515,2026-07-14 15:55:00,554,4,1,2026-07-15 15:30:00,30,completed,
1516,2026-07-14 16:10:00,704,6,1,2026-07-16 08:30:00,30,completed,
1517,2026-07-14 16:35:00,705,1,8,2026-07-20 13:00:00,30,completed,
1518,2026-07-14 17:05:00,470,3,12,2026-07-16 10:00:00,30,completed,
1519,2026-07-15 10:15:00,518,5,10,2026-07-21 14:30:00,30,completed,
1520,2026-07-15 10:30:00,599,2,14,2026-07-20 08:00:00,30,completed,
1521,2026-07-15 10:35:00,482,4,11,2026-07-21 16:30:00,30,completed,
1522,2026-07-15 10:45:00,521,6,1,2026-07-17 13:30:00,30,completed,
1523,2026-07-15 11:05:00,576,5,3,2026-07-16 15:00:00,30,completed,
1524,2026-07-15 11:35:00,706,4,5,2026-07-17 11:00:00,30,completed,
1525,2026-07-15 11:40:00,421,5,3,2026-07-21 10:30:00,30,completed,
1526,2026-07-15 11:45:00,408,3,10,2026-07-20 08:00:00,30,completed,
1527,2026-07-15 11:50:00,500,5,7,2026-07-20 16:00:00,30,completed,
1528,2026-07-15 12:10:00,707,4,2,2026-07-17 09:30:00,30,completed,
1529,2026-07-15 12:40:00,649,5,10,2026-07-21 14:00:00,30,completed,
1530,2026-07-15 12:55:00,708,4,1,2026-07-15 16:30:00,30,completed,
1531,2026-07-15 13:25:00,709,2,7,2026-07-22 10:30:00,30,completed,
1532,2026-07-15 13:50:00,710,6,1,2026-07-22 14:00:00,30,completed,
1533,2026-07-15 14:00:00,667,3,12,2026-07-20 14:30:00,30,completed,
1534,2026-07-15 14:35:00,483,5,7,2026-07-20 12:00:00,30,completed,
1535,2026-07-15 15:35:00,711,4,1,2026-07-23 15:00:00,30,cancelled,Patient cancelled in advance; rescheduling was offered.
1536,2026-07-15 16:15:00,712,1,3,2026-07-22 14:00:00,30,completed,
1537,2026-07-15 16:40:00,206,1,4,2026-07-16 15:30:00,30,completed,
1538,2026-07-15 16:50:00,540,1,3,2026-07-21 13:30:00,30,completed,
1539,2026-07-15 18:10:00,713,6,1,2026-07-16 10:30:00,30,completed,
1540,2026-07-15 20:45:00,714,6,1,2026-07-22 11:30:00,30,completed,
1541,2026-07-16 08:00:00,715,1,4,2026-07-22 12:30:00,30,completed,
1542,2026-07-16 08:10:00,522,3,3,2026-07-20 16:00:00,30,completed,
1543,2026-07-16 08:15:00,335,4,11,2026-07-24 13:30:00,30,completed,
1544,2026-07-16 09:20:00,716,6,2,2026-07-20 10:00:00,30,completed,
1545,2026-07-16 09:30:00,717,5,4,2026-07-21 13:00:00,30,completed,
1546,2026-07-16 09:30:00,718,2,7,2026-07-21 14:30:00,30,completed,
1547,2026-07-16 09:35:00,695,6,2,2026-07-20 11:00:00,30,completed,
1548,2026-07-16 10:45:00,719,2,8,2026-07-22 08:30:00,30,completed,
1549,2026-07-16 10:55:00,720,4,1,2026-07-21 13:30:00,30,completed,
1550,2026-07-16 11:10:00,651,6,10,2026-07-21 10:30:00,30,no_show,Patient did not attend; follow-up contact is required.
1551,2026-07-16 11:15:00,721,1,8,2026-07-23 09:30:00,30,completed,
1552,2026-07-16 11:15:00,568,1,10,2026-07-24 09:30:00,30,completed,
1553,2026-07-16 12:50:00,640,2,8,2026-07-22 14:00:00,30,completed,
1554,2026-07-16 13:20:00,722,5,3,2026-07-22 11:00:00,30,completed,
1555,2026-07-16 13:35:00,693,4,10,2026-07-21 12:00:00,30,cancelled,Patient cancelled in advance; rescheduling was offered.
1556,2026-07-16 13:40:00,723,1,14,2026-07-22 15:00:00,30,no_show,Patient did not attend; follow-up contact is required.
1557,2026-07-16 14:10:00,724,4,2,2026-07-21 10:00:00,30,completed,
1558,2026-07-16 14:45:00,725,4,5,2026-07-17 13:00:00,30,completed,
1559,2026-07-16 14:50:00,726,4,2,2026-07-16 16:00:00,30,completed,
1560,2026-07-16 15:20:00,92,4,10,2026-07-21 11:30:00,30,completed,
1561,2026-07-16 16:30:00,672,6,15,2026-07-21 08:00:00,30,completed,
1562,2026-07-16 20:05:00,727,6,2,2026-07-20 15:30:00,30,cancelled,Patient cancelled in advance; rescheduling was offered.
1563,2026-07-17 08:20:00,561,1,13,2026-07-20 14:30:00,30,completed,
1564,2026-07-17 10:25:00,728,4,2,2026-07-23 11:00:00,30,completed,
1565,2026-07-17 10:30:00,729,4,2,2026-07-27 15:30:00,30,completed,
1566,2026-07-17 10:35:00,730,4,1,2026-07-23 15:30:00,30,completed,
1567,2026-07-17 11:05:00,731,4,2,2026-07-22 09:00:00,30,completed,
1568,2026-07-17 11:10:00,732,6,1,2026-07-21 14:00:00,30,completed,
1569,2026-07-17 11:25:00,686,6,15,2026-07-22 09:30:00,30,completed,
1570,2026-07-17 11:50:00,733,4,2,2026-07-22 11:30:00,30,completed,
1571,2026-07-17 12:00:00,706,4,10,2026-07-21 14:00:00,30,completed,
1572,2026-07-17 12:20:00,734,6,1,2026-07-22 13:30:00,30,completed,
1573,2026-07-17 12:55:00,735,4,5,2026-07-22 10:00:00,30,completed,
1574,2026-07-17 13:05:00,563,2,7,2026-07-20 14:00:00,30,cancelled,Patient cancelled in advance; rescheduling was offered.
1575,2026-07-17 13:50:00,736,3,12,2026-07-21 08:30:00,30,completed,
1576,2026-07-17 14:05:00,737,5,3,2026-07-24 15:00:00,30,completed,
1577,2026-07-17 14:35:00,738,5,7,2026-07-20 11:00:00,30,completed,
1578,2026-07-17 14:40:00,564,4,10,2026-07-22 08:00:00,30,completed,
1579,2026-07-17 14:50:00,620,4,2,2026-07-24 15:00:00,30,completed,
1580,2026-07-17 14:55:00,504,2,14,2026-07-20 15:00:00,30,completed,
1581,2026-07-17 15:15:00,623,5,10,2026-07-22 12:00:00,30,completed,
1582,2026-07-17 16:05:00,739,3,3,2026-07-22 11:00:00,30,completed,
1583,2026-07-17 16:05:00,654,2,14,2026-07-27 09:00:00,30,completed,
1584,2026-07-17 16:10:00,665,5,7,2026-07-23 14:00:00,30,completed,
1585,2026-07-17 16:50:00,740,6,9,2026-07-20 14:00:00,30,completed,
1586,2026-07-18 07:45:00,559,2,10,2026-07-22 10:00:00,30,cancelled,Patient cancelled in advance; rescheduling was offered.
1587,2026-07-18 14:25:00,741,4,1,2026-07-24 16:30:00,30,completed,
1588,2026-07-18 16:05:00,681,5,10,2026-07-24 11:00:00,30,completed,
1589,2026-07-18 17:10:00,656,6,1,2026-07-24 11:30:00,30,completed,
1590,2026-07-18 20:40:00,742,6,1,2026-07-22 13:00:00,30,no_show,Patient did not attend; follow-up contact is required.
1591,2026-07-19 07:45:00,597,1,14,2026-07-21 09:00:00,30,completed,
1592,2026-07-19 08:00:00,543,4,2,2026-07-29 08:00:00,30,completed,
1593,2026-07-19 12:55:00,89,1,4,2026-07-24 10:00:00,30,completed,
1594,2026-07-19 15:45:00,641,6,10,2026-07-20 11:30:00,30,completed,
1595,2026-07-19 16:05:00,496,6,9,2026-07-28 10:30:00,30,completed,
1596,2026-07-20 08:15:00,659,4,10,2026-07-24 08:00:00,30,completed,
1597,2026-07-20 08:15:00,743,4,1,2026-07-28 16:00:00,30,completed,
1598,2026-07-20 08:50:00,692,6,10,2026-07-21 10:00:00,30,completed,
1599,2026-07-20 08:55:00,744,2,8,2026-07-23 08:00:00,30,completed,
1600,2026-07-20 08:55:00,475,5,1,2026-07-28 15:00:00,30,completed,
1601,2026-07-20 09:50:00,647,1,10,2026-07-24 10:30:00,30,completed,
1602,2026-07-20 10:10:00,488,2,1,2026-07-22 08:00:00,30,completed,
1603,2026-07-20 10:15:00,539,6,15,2026-07-23 09:30:00,30,completed,
1604,2026-07-20 10:30:00,550,5,1,2026-07-22 10:30:00,30,completed,
1605,2026-07-20 10:30:00,713,5,7,2026-07-22 15:30:00,30,completed,
1606,2026-07-20 10:40:00,745,3,3,2026-07-28 13:30:00,30,cancelled,Patient cancelled in advance; rescheduling was offered.
1607,2026-07-20 10:45:00,499,4,11,2026-07-24 14:00:00,30,completed,
1608,2026-07-20 11:30:00,621,1,7,2026-07-24 16:00:00,30,completed,
1609,2026-07-20 11:55:00,636,1,7,2026-07-21 11:30:00,30,completed,
1610,2026-07-20 11:55:00,609,4,10,2026-07-22 12:00:00,30,completed,
1611,2026-07-20 12:00:00,746,1,7,2026-07-24 15:00:00,30,completed,
1612,2026-07-20 12:05:00,691,4,10,2026-07-22 15:30:00,30,completed,
1613,2026-07-20 12:05:00,747,3,13,2026-07-23 10:00:00,30,completed,
1614,2026-07-20 12:10:00,690,2,7,2026-07-28 10:00:00,30,completed,
1615,2026-07-20 12:35:00,668,5,10,2026-07-28 14:30:00,30,completed,
1616,2026-07-20 12:50:00,748,3,1,2026-07-28 09:30:00,30,completed,
1617,2026-07-20 12:55:00,544,5,3,2026-07-27 16:00:00,30,completed,
1618,2026-07-20 13:15:00,449,5,7,2026-07-27 14:30:00,30,completed,
1619,2026-07-20 13:15:00,472,1,14,2026-07-29 09:30:00,30,completed,
1620,2026-07-20 13:20:00,749,1,8,2026-07-28 08:30:00,30,completed,
1621,2026-07-20 13:35:00,630,6,1,2026-07-23 11:30:00,30,completed,
1622,2026-07-20 13:40:00,471,3,3,2026-07-27 14:00:00,30,completed,
1623,2026-07-20 14:40:00,577,4,10,2026-07-24 12:00:00,30,completed,
1624,2026-07-20 15:30:00,750,4,1,2026-07-21 11:00:00,30,completed,
1625,2026-07-20 16:05:00,702,2,10,2026-07-27 10:30:00,30,completed,
1626,2026-07-20 16:20:00,751,4,1,2026-07-27 15:00:00,30,completed,
1627,2026-07-20 16:25:00,708,4,10,2026-07-27 14:00:00,30,completed,
1628,2026-07-20 16:55:00,508,2,7,2026-07-22 11:30:00,30,completed,
1629,2026-07-20 16:55:00,492,2,3,2026-07-27 13:00:00,30,completed,
1630,2026-07-20 19:30:00,285,4,2,2026-07-24 11:30:00,30,completed,
1631,2026-07-21 08:05:00,752,3,2,2026-07-28 15:30:00,30,no_show,Patient did not attend; follow-up contact is required.
1632,2026-07-21 08:50:00,371,5,3,2026-07-27 10:00:00,30,completed,
1633,2026-07-21 09:30:00,688,4,2,2026-07-24 16:00:00,30,completed,
1634,2026-07-21 09:55:00,661,1,7,2026-07-24 13:30:00,30,completed,
1635,2026-07-21 10:30:00,432,4,10,2026-07-24 08:30:00,30,completed,
1636,2026-07-21 10:40:00,575,4,11,2026-07-21 14:30:00,30,completed,
1637,2026-07-21 11:05:00,753,1,3,2026-07-23 08:30:00,30,completed,
1638,2026-07-21 11:10:00,754,3,3,2026-07-27 15:30:00,30,completed,
1639,2026-07-21 11:40:00,755,2,8,2026-07-30 08:00:00,30,completed,
1640,2026-07-21 13:05:00,756,5,7,2026-07-27 11:00:00,30,completed,
1641,2026-07-21 13:05:00,500,5,8,2026-07-27 13:00:00,30,completed,
1642,2026-07-21 13:10:00,667,3,10,2026-07-23 09:30:00,30,completed,
1643,2026-07-21 13:20:00,757,4,2,2026-07-23 08:00:00,30,completed,
1644,2026-07-21 13:40:00,549,1,13,2026-07-28 11:30:00,30,completed,
1645,2026-07-21 14:10:00,540,1,7,2026-07-27 16:00:00,30,completed,
1646,2026-07-21 14:55:00,758,6,1,2026-07-23 15:30:00,30,completed,
1647,2026-07-21 15:45:00,666,4,2,2026-07-24 11:00:00,30,completed,
1648,2026-07-21 15:50:00,515,4,10,2026-07-30 15:00:00,30,completed,
1649,2026-07-21 16:00:00,542,6,10,2026-07-30 15:00:00,30,completed,
1650,2026-07-22 08:10:00,626,5,7,2026-07-28 15:30:00,30,completed,
1651,2026-07-22 09:40:00,759,2,7,2026-07-28 13:30:00,30,completed,
1652,2026-07-22 09:40:00,760,4,2,2026-07-29 08:30:00,30,completed,
1653,2026-07-22 10:15:00,517,3,3,2026-07-29 11:30:00,30,completed,
1654,2026-07-22 10:30:00,687,3,12,2026-07-27 08:00:00,30,completed,
1655,2026-07-22 10:40:00,761,6,1,2026-07-23 09:00:00,30,completed,
1656,2026-07-22 10:40:00,762,1,4,2026-07-30 08:30:00,30,completed,
1657,2026-07-22 10:50:00,763,6,1,2026-07-27 14:30:00,30,completed,
1658,2026-07-22 11:15:00,764,2,7,2026-07-28 14:30:00,30,completed,
1659,2026-07-22 11:40:00,765,6,2,2026-07-30 14:00:00,30,completed,
1660,2026-07-22 12:10:00,766,6,9,2026-07-24 15:30:00,30,completed,
1661,2026-07-22 12:25:00,767,6,1,2026-07-27 16:00:00,30,completed,
1662,2026-07-22 12:40:00,768,1,1,2026-07-28 10:00:00,30,completed,
1663,2026-07-22 12:55:00,769,2,2,2026-07-27 11:30:00,30,completed,
1664,2026-07-22 13:20:00,692,1,14,2026-07-27 08:00:00,30,cancelled,Patient cancelled in advance; rescheduling was offered.
1665,2026-07-22 13:25:00,770,3,3,2026-07-28 14:30:00,30,completed,
1666,2026-07-22 13:40:00,771,1,14,2026-07-30 09:30:00,30,completed,
1667,2026-07-22 14:10:00,725,5,10,2026-07-28 12:00:00,30,completed,
1668,2026-07-22 14:50:00,468,5,4,2026-07-28 16:30:00,30,completed,
1669,2026-07-22 15:15:00,698,4,10,2026-07-30 15:30:00,30,completed,
1670,2026-07-22 15:35:00,566,5,4,2026-07-27 09:00:00,30,completed,
1671,2026-07-22 15:40:00,772,2,7,2026-07-29 16:00:00,30,completed,
1672,2026-07-22 16:40:00,773,6,6,2026-07-24 15:00:00,30,completed,
1673,2026-07-22 16:45:00,533,3,13,2026-07-30 15:30:00,30,completed,
1674,2026-07-22 16:50:00,662,1,1,2026-07-29 15:00:00,30,completed,
1675,2026-07-23 08:00:00,774,5,7,2026-07-24 10:00:00,30,completed,
1676,2026-07-23 08:00:00,482,4,10,2026-07-28 09:00:00,30,completed,
1677,2026-07-23 08:45:00,775,6,1,2026-07-28 08:30:00,30,completed,
1678,2026-07-23 09:05:00,753,3,12,2026-07-31 09:30:00,30,completed,
1679,2026-07-23 09:20:00,614,5,4,2026-07-28 14:00:00,30,completed,
1680,2026-07-23 09:40:00,776,4,2,2026-07-27 14:30:00,30,completed,
1681,2026-07-23 10:00:00,777,2,8,2026-07-23 10:30:00,30,completed,
1682,2026-07-23 10:35:00,778,1,2,2026-07-23 13:30:00,30,completed,
1683,2026-07-23 10:45:00,552,5,4,2026-07-29 15:00:00,30,completed,
1684,2026-07-23 11:35:00,572,4,11,2026-07-28 14:00:00,30,completed,
1685,2026-07-23 11:40:00,779,2,13,2026-07-30 15:30:00,30,completed,
1686,2026-07-23 11:50:00,703,1,14,2026-07-24 08:00:00,30,no_show,Patient did not attend; follow-up contact is required.
1687,2026-07-23 12:05:00,780,6,2,2026-07-29 11:30:00,30,completed,
1688,2026-07-23 12:10:00,671,5,4,2026-07-28 13:30:00,30,completed,
1689,2026-07-23 12:25:00,693,4,10,2026-07-23 13:00:00,30,completed,
1690,2026-07-23 13:25:00,781,5,7,2026-07-24 09:00:00,30,completed,
1691,2026-07-23 14:00:00,782,6,1,2026-07-23 14:30:00,30,completed,
1692,2026-07-23 14:05:00,596,1,3,2026-07-31 09:30:00,30,completed,
1693,2026-07-23 14:10:00,696,4,1,2026-07-29 15:30:00,30,completed,
1694,2026-07-23 14:10:00,497,3,3,2026-07-30 14:00:00,30,completed,
1695,2026-07-23 15:00:00,783,6,1,2026-07-27 10:30:00,30,completed,
1696,2026-07-23 15:10:00,784,3,12,2026-07-27 09:30:00,30,completed,
1697,2026-07-23 15:15:00,785,2,6,2026-07-23 15:30:00,30,completed,
1698,2026-07-23 15:25:00,607,1,4,2026-07-28 08:00:00,30,completed,
1699,2026-07-23 15:55:00,597,1,10,2026-07-29 09:00:00,30,completed,
1700,2026-07-23 16:10:00,247,5,10,2026-07-30 10:30:00,30,completed,
1701,2026-07-23 16:25:00,786,5,7,2026-07-28 10:30:00,30,completed,
1702,2026-07-23 16:40:00,787,6,2,2026-07-27 12:30:00,30,completed,
1703,2026-07-23 16:45:00,788,1,9,2026-07-31 15:30:00,30,completed,
1704,2026-07-23 18:10:00,789,2,6,2026-07-24 15:00:00,30,completed,
1705,2026-07-23 20:15:00,677,2,7,2026-07-27 08:00:00,30,completed,
1706,2026-07-24 08:35:00,663,1,14,2026-07-28 14:00:00,30,completed,
1707,2026-07-24 08:35:00,655,2,14,2026-07-30 10:30:00,30,completed,
1708,2026-07-24 08:50:00,790,6,15,2026-07-30 09:00:00,30,completed,
1709,2026-07-24 10:55:00,774,5,7,2026-07-28 09:30:00,30,completed,
1710,2026-07-24 11:00:00,738,5,7,2026-07-27 08:00:00,30,completed,
1711,2026-07-24 11:20:00,420,3,3,2026-07-31 11:00:00,30,completed,
1712,2026-07-24 11:55:00,791,3,12,2026-07-31 13:30:00,30,completed,
1713,2026-07-24 12:40:00,473,5,4,2026-07-27 15:30:00,30,completed,
1714,2026-07-24 13:05:00,792,4,1,2026-07-28 15:00:00,30,completed,
1715,2026-07-24 13:10:00,714,6,10,2026-07-28 10:00:00,30,completed,
1716,2026-07-24 13:10:00,684,2,8,2026-07-28 11:00:00,30,completed,
1717,2026-07-24 13:55:00,747,3,10,2026-07-28 10:30:00,30,completed,
1718,2026-07-24 13:55:00,778,1,14,2026-07-29 13:00:00,30,completed,
1719,2026-07-24 14:10:00,723,2,14,2026-07-27 14:30:00,30,completed,
1720,2026-07-24 14:10:00,793,1,3,2026-07-27 15:00:00,30,completed,
1721,2026-07-24 15:50:00,794,1,4,2026-07-28 11:00:00,30,completed,
1722,2026-07-24 15:55:00,789,2,10,2026-07-30 09:30:00,30,completed,
1723,2026-07-24 15:55:00,795,4,2,2026-07-30 11:30:00,30,completed,
1724,2026-07-24 16:20:00,758,5,7,2026-07-31 08:30:00,30,completed,
1725,2026-07-24 16:50:00,504,2,8,2026-07-31 08:00:00,30,completed,
1726,2026-07-25 07:50:00,705,1,10,2026-07-29 16:30:00,30,no_show,Patient did not attend; follow-up contact is required.
1727,2026-07-25 14:50:00,676,2,13,2026-07-28 08:30:00,30,completed,
1728,2026-07-25 17:15:00,796,5,4,2026-07-29 14:00:00,30,completed,
1729,2026-07-26 08:05:00,699,1,10,2026-07-31 11:30:00,30,completed,
1730,2026-07-26 09:00:00,721,1,1,2026-08-04 14:30:00,30,completed,
1731,2026-07-26 15:50:00,712,3,12,2026-07-31 08:00:00,30,completed,
1732,2026-07-26 16:15:00,695,3,12,2026-07-29 09:30:00,30,completed,
1733,2026-07-26 17:30:00,686,1,14,2026-07-30 11:00:00,30,completed,
1734,2026-07-26 20:40:00,742,4,2,2026-07-27 16:30:00,30,no_show,Patient did not attend; follow-up contact is required.
1735,2026-07-26 20:45:00,717,5,1,2026-07-31 11:30:00,30,completed,
1736,2026-07-26 20:50:00,621,1,14,2026-08-03 08:00:00,30,completed,
1737,2026-07-27 08:20:00,711,4,1,2026-07-31 16:00:00,30,completed,
1738,2026-07-27 08:40:00,561,1,3,2026-08-05 15:30:00,30,completed,
1739,2026-07-27 08:55:00,481,5,3,2026-08-03 15:00:00,30,completed,
1740,2026-07-27 09:10:00,773,2,8,2026-08-03 10:30:00,30,completed,
1741,2026-07-27 10:35:00,734,1,14,2026-08-05 10:30:00,30,completed,
1742,2026-07-27 11:10:00,797,5,7,2026-07-31 15:00:00,30,cancelled,Patient cancelled in advance; rescheduling was offered.
1743,2026-07-27 11:25:00,757,4,10,2026-08-03 09:00:00,30,cancelled,Patient cancelled in advance; rescheduling was offered.
1744,2026-07-27 11:30:00,798,4,1,2026-07-28 14:30:00,30,completed,
1745,2026-07-27 11:35:00,728,5,7,2026-08-03 11:00:00,30,completed,
1746,2026-07-27 11:40:00,799,1,8,2026-08-04 09:00:00,30,completed,
1747,2026-07-27 11:45:00,756,5,7,2026-07-31 13:30:00,30,completed,
1748,2026-07-27 11:50:00,800,3,13,2026-07-29 13:30:00,30,completed,
1749,2026-07-27 12:05:00,801,6,1,2026-07-28 11:30:00,30,completed,
1750,2026-07-27 12:10:00,802,5,4,2026-08-03 16:00:00,30,completed,
1751,2026-07-27 12:15:00,453,5,3,2026-08-03 09:30:00,30,completed,
1752,2026-07-27 12:15:00,706,4,1,2026-08-03 12:00:00,30,completed,
1753,2026-07-27 12:50:00,661,6,10,2026-07-28 13:00:00,30,completed,
1754,2026-07-27 12:55:00,599,2,10,2026-08-03 09:00:00,30,completed,
1755,2026-07-27 13:10:00,432,4,10,2026-07-30 14:30:00,30,completed,
1756,2026-07-27 13:30:00,803,6,1,2026-08-03 08:00:00,30,completed,
1757,2026-07-27 13:55:00,259,4,11,2026-07-29 16:30:00,30,cancelled,Patient cancelled in advance; rescheduling was offered.
1758,2026-07-27 14:15:00,423,1,3,2026-07-31 14:30:00,30,completed,
1759,2026-07-27 14:40:00,761,6,15,2026-07-31 08:00:00,30,completed,
1760,2026-07-27 14:55:00,776,4,10,2026-07-31 12:00:00,30,no_show,Patient did not attend; follow-up contact is required.
1761,2026-07-27 15:00:00,669,2,10,2026-08-06 14:30:00,30,no_show,Patient did not attend; follow-up contact is required.
1762,2026-07-27 15:30:00,804,4,2,2026-07-30 10:00:00,30,completed,
1763,2026-07-27 15:30:00,177,5,1,2026-08-04 16:30:00,30,completed,
1764,2026-07-27 16:05:00,766,6,10,2026-07-30 12:00:00,30,completed,
1765,2026-07-27 16:35:00,656,2,7,2026-08-03 09:30:00,30,completed,
1766,2026-07-28 08:00:00,805,3,3,2026-08-04 14:30:00,30,completed,
1767,2026-07-28 08:10:00,744,2,8,2026-07-30 13:00:00,30,completed,
1768,2026-07-28 08:20:00,806,3,12,2026-08-03 10:00:00,30,completed,
1769,2026-07-28 08:30:00,692,1,14,2026-08-05 08:00:00,30,completed,
1770,2026-07-28 08:50:00,807,5,7,2026-08-04 15:30:00,30,completed,
1771,2026-07-28 09:15:00,808,4,1,2026-08-03 11:30:00,30,completed,
1772,2026-07-28 09:25:00,749,1,8,2026-07-30 13:30:00,30,completed,
1773,2026-07-28 09:40:00,595,5,3,2026-08-03 08:30:00,30,completed,
1774,2026-07-28 09:45:00,809,4,2,2026-08-05 14:30:00,30,completed,
1775,2026-07-28 10:15:00,810,4,2,2026-07-31 11:00:00,30,completed,
1776,2026-07-28 10:55:00,811,3,3,2026-08-05 15:30:00,30,completed,
1777,2026-07-28 11:00:00,812,4,2,2026-08-06 16:00:00,30,completed,
1778,2026-07-28 11:35:00,285,6,10,2026-08-04 14:00:00,30,completed,
1779,2026-07-28 11:55:00,742,4,2,2026-08-03 14:30:00,30,completed,
1780,2026-07-28 11:55:00,813,2,7,2026-08-03 15:30:00,30,completed,
1781,2026-07-28 12:05:00,429,1,13,2026-07-31 08:00:00,30,cancelled,Patient cancelled in advance; rescheduling was offered.
1782,2026-07-28 13:05:00,814,2,14,2026-08-05 10:30:00,30,completed,
1783,2026-07-28 13:25:00,815,5,7,2026-08-05 15:00:00,30,no_show,Patient did not attend; follow-up contact is required.
1784,2026-07-28 13:30:00,735,4,10,2026-07-30 12:00:00,30,completed,
1785,2026-07-28 14:20:00,816,2,7,2026-08-04 14:30:00,30,completed,
1786,2026-07-28 14:30:00,663,6,1,2026-08-04 11:00:00,30,completed,
1787,2026-07-28 14:35:00,817,3,12,2026-08-05 10:30:00,30,completed,
1788,2026-07-28 14:40:00,730,4,2,2026-07-31 16:30:00,30,completed,
1789,2026-07-28 14:45:00,818,1,8,2026-07-30 15:00:00,30,cancelled,Patient cancelled in advance; rescheduling was offered.
1790,2026-07-28 14:50:00,819,6,1,2026-07-31 13:30:00,30,completed,
1791,2026-07-28 15:50:00,820,5,3,2026-08-03 14:00:00,30,completed,
1792,2026-07-28 15:50:00,821,6,1,2026-08-05 14:30:00,30,completed,
1793,2026-07-28 15:55:00,822,5,3,2026-08-05 11:00:00,30,completed,
1794,2026-07-28 16:05:00,823,1,8,2026-08-05 13:30:00,30,completed,
1795,2026-07-28 16:15:00,824,6,9,2026-07-31 14:00:00,30,completed,
1796,2026-07-28 16:20:00,825,3,12,2026-07-30 10:30:00,30,completed,
1797,2026-07-28 16:50:00,785,2,7,2026-08-04 11:00:00,30,no_show,Patient did not attend; follow-up contact is required.
1798,2026-07-29 08:10:00,826,2,8,2026-08-06 08:00:00,30,completed,
1799,2026-07-29 08:25:00,827,4,1,2026-08-05 10:30:00,30,completed,
1800,2026-07-29 09:05:00,828,1,8,2026-08-03 10:00:00,30,completed,
1801,2026-07-29 10:05:00,829,4,1,2026-07-29 15:00:00,30,completed,
1802,2026-07-29 10:20:00,830,5,3,2026-07-30 15:00:00,30,completed,
1803,2026-07-29 10:40:00,831,6,9,2026-08-04 15:00:00,30,completed,
1804,2026-07-29 11:05:00,832,4,1,2026-08-03 12:30:00,30,completed,
1805,2026-07-29 11:50:00,496,4,10,2026-08-05 10:00:00,30,completed,
1806,2026-07-29 12:20:00,833,4,2,2026-08-05 15:30:00,30,completed,
1807,2026-07-29 14:05:00,385,6,10,2026-08-05 15:00:00,30,completed,
1808,2026-07-29 15:05:00,834,3,12,2026-07-31 15:00:00,30,cancelled,Patient cancelled in advance; rescheduling was offered.
1809,2026-07-29 15:25:00,775,3,12,2026-07-30 09:00:00,30,no_show,Patient did not attend; follow-up contact is required.
1810,2026-07-29 15:35:00,659,4,10,2026-08-05 16:30:00,30,completed,
1811,2026-07-29 15:50:00,835,4,2,2026-07-30 16:30:00,30,completed,
1812,2026-07-29 15:55:00,696,5,7,2026-08-04 14:00:00,30,completed,
1813,2026-07-29 16:00:00,603,5,3,2026-07-31 16:00:00,30,completed,
1814,2026-07-29 16:20:00,836,4,5,2026-07-31 15:00:00,30,completed,
1815,2026-07-29 16:30:00,793,6,10,2026-08-03 11:30:00,30,completed,
1816,2026-07-30 08:05:00,763,2,7,2026-08-06 15:00:00,30,completed,
1817,2026-07-30 08:10:00,837,6,9,2026-08-03 10:30:00,30,completed,
1818,2026-07-30 08:35:00,838,1,3,2026-08-06 15:00:00,30,completed,
1819,2026-07-30 08:40:00,780,2,7,2026-08-03 14:00:00,30,completed,
1820,2026-07-30 08:40:00,607,1,1,2026-08-05 12:00:00,30,completed,
1821,2026-07-30 09:10:00,839,6,1,2026-08-06 11:30:00,30,completed,
1822,2026-07-30 09:20:00,840,5,3,2026-08-04 09:30:00,30,completed,
1823,2026-07-30 09:25:00,841,4,2,2026-08-05 16:00:00,30,completed,
1824,2026-07-30 09:40:00,790,2,14,2026-08-04 09:00:00,30,completed,
1825,2026-07-30 10:00:00,842,5,7,2026-08-04 11:30:00,30,completed,
1826,2026-07-30 10:30:00,843,3,12,2026-08-06 09:30:00,30,completed,
1827,2026-07-30 11:10:00,781,5,10,2026-08-04 10:30:00,30,cancelled,Patient cancelled in advance; rescheduling was offered.
1828,2026-07-30 12:40:00,475,5,10,2026-08-04 12:30:00,30,completed,
1829,2026-07-30 13:20:00,844,6,1,2026-07-31 10:00:00,30,cancelled,Patient cancelled in advance; rescheduling was offered.
1830,2026-07-30 13:20:00,845,1,13,2026-08-06 11:30:00,30,completed,
1831,2026-07-30 14:05:00,846,6,9,2026-08-03 13:30:00,30,completed,
1832,2026-07-30 14:15:00,847,1,8,2026-08-03 11:30:00,30,completed,
1833,2026-07-30 15:30:00,848,4,1,2026-08-06 11:00:00,30,completed,
1834,2026-07-30 15:40:00,849,2,7,2026-07-31 09:30:00,30,completed,
1835,2026-07-30 16:05:00,850,4,2,2026-08-03 09:30:00,30,completed,
1836,2026-07-30 16:10:00,851,6,2,2026-08-03 10:00:00,30,completed,
1837,2026-07-30 16:20:00,688,4,10,2026-07-31 14:00:00,30,completed,
1838,2026-07-30 16:45:00,852,3,1,2026-08-06 14:30:00,30,completed,
1839,2026-07-30 19:30:00,853,6,9,2026-08-03 14:30:00,30,completed,
1840,2026-07-30 20:55:00,746,1,10,2026-08-07 16:30:00,30,completed,
1841,2026-07-31 08:00:00,854,5,1,2026-08-04 11:00:00,30,completed,
1842,2026-07-31 08:05:00,710,3,3,2026-08-04 15:30:00,30,completed,
1843,2026-07-31 08:10:00,855,5,9,2026-08-06 10:30:00,30,completed,
1844,2026-07-31 09:15:00,856,4,5,2026-08-10 15:30:00,30,completed,
1845,2026-07-31 09:25:00,705,4,10,2026-08-03 10:00:00,30,completed,
1846,2026-07-31 09:50:00,857,4,1,2026-08-03 15:30:00,30,completed,
1847,2026-07-31 10:10:00,858,3,1,2026-08-07 11:30:00,30,no_show,Patient did not attend; follow-up contact is required.
1848,2026-07-31 12:20:00,859,2,7,2026-08-04 08:00:00,30,completed,
1849,2026-07-31 12:50:00,860,1,2,2026-08-03 14:00:00,30,no_show,Patient did not attend; follow-up contact is required.
1850,2026-07-31 12:55:00,407,4,5,2026-08-07 14:30:00,30,completed,
1851,2026-07-31 14:30:00,791,3,1,2026-08-03 08:00:00,30,completed,
1852,2026-07-31 15:00:00,861,5,1,2026-08-07 16:00:00,30,completed,
1853,2026-07-31 15:05:00,862,1,1,2026-08-10 15:00:00,30,completed,
1854,2026-07-31 15:25:00,863,1,1,2026-08-03 09:30:00,30,completed,
1855,2026-07-31 16:05:00,864,5,3,2026-08-05 16:00:00,30,completed,
1856,2026-07-31 17:00:00,603,4,10,2026-08-05 15:00:00,30,completed,
1857,2026-07-31 20:55:00,865,2,1,2026-08-06 09:30:00,30,completed,
1858,2026-08-01 13:05:00,866,1,1,2026-08-04 16:00:00,30,completed,
1859,2026-08-01 14:25:00,867,3,4,2026-08-03 09:30:00,30,completed,
1860,2026-08-01 15:10:00,868,1,3,2026-08-03 15:30:00,30,completed,
1861,2026-08-02 07:30:00,767,3,12,2026-08-05 08:00:00,30,completed,
1862,2026-08-02 08:45:00,630,1,3,2026-08-05 09:30:00,30,completed,
1863,2026-08-02 15:15:00,869,6,1,2026-08-03 13:00:00,30,completed,
1864,2026-08-02 16:40:00,747,3,10,2026-08-04 12:00:00,30,completed,
1865,2026-08-03 07:15:00,752,3,2,2026-08-05 09:30:00,30,completed,
1866,2026-08-03 08:25:00,870,4,2,2026-08-05 14:00:00,30,completed,
1867,2026-08-03 08:25:00,871,5,3,2026-08-06 11:30:00,30,completed,
1868,2026-08-03 08:30:00,872,2,7,2026-08-05 15:00:00,30,cancelled,Patient cancelled in advance; rescheduling was offered.
1869,2026-08-03 08:40:00,789,6,1,2026-08-05 12:30:00,30,completed,
1870,2026-08-03 08:45:00,566,5,1,2026-08-05 10:00:00,30,completed,
1871,2026-08-03 09:30:00,753,3,10,2026-08-05 12:30:00,30,completed,
1872,2026-08-03 09:35:00,873,6,2,2026-08-04 09:30:00,30,completed,
1873,2026-08-03 09:45:00,874,2,2,2026-08-03 12:00:00,30,completed,
1874,2026-08-03 10:00:00,711,4,10,2026-08-05 13:30:00,30,completed,
1875,2026-08-03 10:10:00,668,4,2,2026-08-05 11:30:00,30,completed,
1876,2026-08-03 10:15:00,828,2,14,2026-08-05 08:30:00,30,completed,
1877,2026-08-03 10:15:00,875,6,15,2026-08-05 09:30:00,30,completed,
1878,2026-08-03 10:30:00,626,1,7,2026-08-06 10:00:00,30,completed,
1879,2026-08-03 10:50:00,824,6,15,2026-08-06 08:30:00,30,completed,
1880,2026-08-03 11:10:00,758,2,14,2026-08-04 15:30:00,30,completed,
1881,2026-08-03 11:10:00,876,5,6,2026-08-05 10:30:00,30,completed,
1882,2026-08-03 11:30:00,739,3,13,2026-08-05 14:00:00,30,completed,
1883,2026-08-03 11:35:00,662,1,9,2026-08-04 08:00:00,30,completed,
1884,2026-08-03 11:40:00,726,4,11,2026-08-05 12:00:00,30,completed,
1885,2026-08-03 11:55:00,877,5,7,2026-08-04 08:30:00,30,completed,
1886,2026-08-03 12:05:00,878,2,1,2026-08-04 12:00:00,30,completed,
1887,2026-08-03 12:05:00,879,4,2,2026-08-04 15:00:00,30,completed,
1888,2026-08-03 12:55:00,880,5,5,2026-08-05 14:30:00,30,completed,
1889,2026-08-03 13:10:00,774,5,10,2026-08-04 08:00:00,30,completed,
1890,2026-08-03 13:25:00,832,1,8,2026-08-04 10:30:00,30,completed,
1891,2026-08-03 14:05:00,660,1,4,2026-08-05 15:00:00,30,cancelled,Patient cancelled in advance; rescheduling was offered.
1892,2026-08-03 14:10:00,784,3,1,2026-08-04 11:30:00,30,completed,
1893,2026-08-03 14:10:00,881,1,3,2026-08-06 09:00:00,30,completed,
1894,2026-08-03 14:15:00,834,3,12,2026-08-04 09:30:00,30,completed,
1895,2026-08-03 14:35:00,552,5,10,2026-08-05 13:00:00,30,completed,
1896,2026-08-03 15:25:00,882,2,7,2026-08-05 13:00:00,30,completed,
1897,2026-08-03 16:10:00,682,5,4,2026-08-03 16:30:00,30,completed,
1898,2026-08-03 16:10:00,748,1,8,2026-08-04 13:00:00,30,completed,
1899,2026-08-03 16:20:00,691,5,3,2026-08-05 13:30:00,30,completed,
1900,2026-08-03 16:50:00,794,1,10,2026-08-04 15:00:00,30,completed,
1901,2026-08-03 16:55:00,775,3,12,2026-08-06 08:00:00,30,completed,
1902,2026-08-04 07:25:00,757,4,10,2026-08-07 11:00:00,30,completed,
1903,2026-08-04 08:05:00,867,3,10,2026-08-07 14:00:00,30,completed,
1904,2026-08-04 09:20:00,765,2,14,2026-08-06 10:00:00,30,completed,
1905,2026-08-04 09:25:00,883,5,6,2026-08-05 09:30:00,30,completed,
1906,2026-08-04 09:25:00,788,1,10,2026-08-06 08:30:00,30,completed,
1907,2026-08-04 09:45:00,884,6,9,2026-08-06 10:30:00,30,completed,
1908,2026-08-04 10:15:00,885,2,8,2026-08-07 10:30:00,30,completed,
1909,2026-08-04 10:25:00,873,3,12,2026-08-06 13:00:00,30,completed,
1910,2026-08-04 10:50:00,830,1,7,2026-08-06 16:00:00,30,completed,
1911,2026-08-04 11:35:00,886,5,3,2026-08-06 15:00:00,30,completed,
1912,2026-08-04 11:40:00,762,4,10,2026-08-06 10:00:00,30,completed,
1913,2026-08-04 11:50:00,887,2,7,2026-08-07 09:00:00,30,completed,
1914,2026-08-04 12:20:00,888,3,12,2026-08-06 15:00:00,30,completed,
1915,2026-08-04 12:30:00,889,4,1,2026-08-07 16:30:00,30,completed,
1916,2026-08-04 12:55:00,890,4,1,2026-08-05 11:00:00,30,completed,
1917,2026-08-04 12:55:00,891,6,1,2026-08-05 14:00:00,30,cancelled,Patient cancelled in advance; rescheduling was offered.
1918,2026-08-04 12:55:00,808,4,10,2026-08-06 09:30:00,30,cancelled,Patient cancelled in advance; rescheduling was offered.
1919,2026-08-04 12:55:00,892,1,3,2026-08-06 14:00:00,30,completed,
1920,2026-08-04 12:55:00,893,5,3,2026-08-06 16:00:00,30,completed,
1921,2026-08-04 13:05:00,894,2,7,2026-08-06 11:30:00,30,completed,
1922,2026-08-04 13:30:00,728,5,7,2026-08-06 09:30:00,30,completed,
1923,2026-08-04 13:45:00,810,2,7,2026-08-05 14:00:00,30,completed,
1924,2026-08-04 13:50:00,748,1,14,2026-08-07 08:00:00,30,completed,
1925,2026-08-04 13:55:00,895,5,3,2026-08-05 08:30:00,30,completed,
1926,2026-08-04 14:30:00,896,4,2,2026-08-06 12:30:00,30,completed,
1927,2026-08-04 14:35:00,468,5,3,2026-08-06 14:00:00,30,cancelled,Patient cancelled in advance; rescheduling was offered.
1928,2026-08-04 15:05:00,897,6,1,2026-08-06 08:00:00,30,completed,
1929,2026-08-04 15:35:00,683,1,13,2026-08-07 10:30:00,30,completed,
1930,2026-08-04 15:40:00,898,3,12,2026-08-07 09:30:00,30,completed,
1931,2026-08-04 15:40:00,899,4,5,2026-08-07 16:00:00,30,completed,
1932,2026-08-04 15:45:00,900,1,7,2026-08-07 09:30:00,30,completed,
1933,2026-08-04 15:50:00,901,6,1,2026-08-05 09:00:00,30,completed,
1934,2026-08-04 16:05:00,523,5,3,2026-08-07 10:30:00,30,cancelled,Patient cancelled in advance; rescheduling was offered.
1935,2026-08-04 16:25:00,902,4,1,2026-08-05 09:30:00,30,no_show,Patient did not attend; follow-up contact is required.
1936,2026-08-04 16:55:00,903,6,9,2026-08-05 08:00:00,30,completed,
1937,2026-08-04 17:20:00,904,4,1,2026-08-06 12:00:00,30,completed,
1938,2026-08-05 07:25:00,816,2,8,2026-08-07 14:00:00,30,completed,
1939,2026-08-05 08:25:00,716,4,2,2026-08-06 11:30:00,30,completed,
1940,2026-08-05 08:45:00,866,2,1,2026-08-07 10:00:00,30,completed,
1941,2026-08-05 09:00:00,905,1,7,2026-08-07 13:00:00,30,completed,
1942,2026-08-05 09:50:00,906,1,3,2026-08-07 14:00:00,30,completed,
1943,2026-08-05 10:15:00,907,6,9,2026-08-07 10:00:00,30,completed,
1944,2026-08-05 10:20:00,851,3,12,2026-08-07 08:00:00,30,completed,
1945,2026-08-05 10:25:00,908,2,8,2026-08-07 15:30:00,30,completed,
1946,2026-08-05 10:35:00,785,2,7,2026-08-07 12:00:00,30,cancelled,Patient cancelled in advance; rescheduling was offered.
1947,2026-08-05 10:40:00,774,5,10,2026-08-06 13:30:00,30,completed,
1948,2026-08-05 10:40:00,791,1,7,2026-08-07 15:00:00,30,completed,
1949,2026-08-05 11:25:00,909,5,7,2026-08-06 08:30:00,30,completed,
1950,2026-08-05 12:30:00,771,1,8,2026-08-10 09:30:00,30,cancelled,Patient cancelled in advance; rescheduling was offered.
1951,2026-08-05 12:45:00,910,5,7,2026-08-07 15:00:00,30,completed,
1952,2026-08-05 12:50:00,911,2,8,2026-08-10 08:00:00,30,completed,
1953,2026-08-05 12:50:00,912,1,3,2026-08-10 08:30:00,30,completed,
1954,2026-08-05 13:10:00,913,5,3,2026-08-07 11:30:00,30,completed,
1955,2026-08-05 13:15:00,914,4,1,2026-08-07 13:30:00,30,completed,
1956,2026-08-05 14:05:00,797,2,7,2026-08-06 13:30:00,30,completed,
1957,2026-08-05 14:10:00,793,6,10,2026-08-07 09:30:00,30,completed,
1958,2026-08-05 14:15:00,869,6,2,2026-08-07 13:30:00,30,completed,
1959,2026-08-05 15:05:00,689,3,13,2026-08-07 15:30:00,30,completed,
1960,2026-08-05 15:20:00,515,5,7,2026-08-07 14:00:00,30,cancelled,Patient cancelled in advance; rescheduling was offered.
1961,2026-08-05 15:25:00,821,3,12,2026-08-10 10:00:00,30,completed,
1962,2026-08-05 15:25:00,915,1,3,2026-08-10 11:00:00,30,completed,
1963,2026-08-05 15:55:00,849,2,7,2026-08-07 08:00:00,30,completed,
1964,2026-08-05 16:05:00,799,4,10,2026-08-07 10:00:00,30,completed,
1965,2026-08-05 16:10:00,429,1,13,2026-08-10 13:00:00,30,completed,
1966,2026-08-05 16:45:00,916,5,4,2026-08-07 09:00:00,30,completed,
1967,2026-08-06 08:10:00,917,5,3,2026-08-07 09:30:00,30,completed,
1968,2026-08-06 08:55:00,676,2,13,2026-08-10 14:00:00,30,completed,
1969,2026-08-06 09:45:00,918,6,6,2026-08-06 13:00:00,30,completed,
1970,2026-08-06 09:55:00,919,4,2,2026-08-07 08:00:00,30,completed,
1971,2026-08-06 10:05:00,747,3,12,2026-08-10 08:30:00,30,completed,
1972,2026-08-06 10:10:00,865,6,15,2026-08-07 15:00:00,30,completed,
1973,2026-08-06 10:10:00,920,1,3,2026-08-11 15:30:00,30,completed,
1974,2026-08-06 10:35:00,671,5,5,2026-08-07 12:30:00,30,completed,
1975,2026-08-06 11:10:00,863,6,15,2026-08-06 13:30:00,30,completed,
1976,2026-08-06 11:25:00,623,4,2,2026-08-06 14:00:00,30,completed,
1977,2026-08-06 11:50:00,921,1,8,2026-08-10 15:30:00,30,completed,
1978,2026-08-06 12:00:00,922,5,3,2026-08-07 08:00:00,30,no_show,Patient did not attend; follow-up contact is required.
1979,2026-08-06 13:05:00,923,2,7,2026-08-06 16:00:00,30,completed,
1980,2026-08-06 13:25:00,924,4,2,2026-08-07 15:00:00,30,completed,
1981,2026-08-06 13:35:00,925,1,3,2026-08-11 14:00:00,30,completed,
1982,2026-08-06 13:50:00,926,2,8,2026-08-10 10:30:00,30,completed,
1983,2026-08-06 13:55:00,828,2,1,2026-08-10 09:30:00,30,completed,
1984,2026-08-06 14:15:00,892,1,1,2026-08-07 16:00:00,30,completed,
1985,2026-08-06 14:25:00,903,6,15,2026-08-11 09:30:00,30,cancelled,Patient cancelled in advance; rescheduling was offered.
1986,2026-08-06 14:35:00,927,3,12,2026-08-10 13:30:00,30,completed,
1987,2026-08-06 15:10:00,722,5,4,2026-08-07 16:30:00,30,cancelled,Patient cancelled in advance; rescheduling was offered.
1988,2026-08-06 15:25:00,802,5,1,2026-08-10 15:30:00,30,cancelled,Patient cancelled in advance; rescheduling was offered.
1989,2026-08-06 15:55:00,834,3,1,2026-08-07 15:00:00,30,completed,
1990,2026-08-06 16:25:00,893,4,1,2026-08-07 09:00:00,30,completed,
1991,2026-08-06 16:35:00,928,1,3,2026-08-11 11:00:00,30,completed,
1992,2026-08-06 16:40:00,830,4,10,2026-08-07 15:30:00,30,cancelled,Patient cancelled in advance; rescheduling was offered.
1993,2026-08-07 08:10:00,929,4,2,2026-08-10 11:30:00,30,completed,
1994,2026-08-07 08:30:00,930,4,2,2026-08-07 09:30:00,30,completed,
1995,2026-08-07 08:30:00,931,1,3,2026-08-12 15:30:00,30,completed,
1996,2026-08-07 09:00:00,932,4,1,2026-08-10 09:00:00,30,completed,
1997,2026-08-07 10:30:00,933,3,12,2026-08-11 08:30:00,30,completed,
1998,2026-08-07 10:30:00,879,2,14,2026-08-11 09:00:00,30,completed,
1999,2026-08-07 10:45:00,934,4,1,2026-08-07 14:00:00,30,completed,
2000,2026-08-07 10:45:00,935,1,8,2026-08-12 08:30:00,30,completed,
2001,2026-08-07 10:55:00,936,5,7,2026-08-10 14:30:00,30,completed,
2002,2026-08-07 11:10:00,937,4,2,2026-08-11 16:30:00,30,completed,
2003,2026-08-07 11:50:00,870,5,8,2026-08-10 11:30:00,30,completed,
2004,2026-08-07 12:00:00,938,4,1,2026-08-07 13:00:00,30,completed,
2005,2026-08-07 12:55:00,939,4,1,2026-08-10 10:00:00,30,completed,
2006,2026-08-07 12:55:00,940,4,1,2026-08-11 12:00:00,30,completed,
2007,2026-08-07 13:50:00,941,2,7,2026-08-10 16:00:00,30,completed,
2008,2026-08-07 13:50:00,897,1,8,2026-08-11 08:30:00,30,cancelled,Patient cancelled in advance; rescheduling was offered.
2009,2026-08-07 14:15:00,942,4,2,2026-08-10 15:00:00,30,completed,
2010,2026-08-07 14:35:00,943,2,7,2026-08-10 12:00:00,30,completed,
2011,2026-08-07 15:10:00,817,3,12,2026-08-10 15:00:00,30,completed,
2012,2026-08-07 15:10:00,882,5,7,2026-08-12 13:30:00,30,completed,
2013,2026-08-07 15:40:00,944,5,3,2026-08-10 16:00:00,30,completed,
2014,2026-08-07 16:05:00,812,4,10,2026-08-10 14:30:00,30,completed,
2015,2026-08-07 16:15:00,945,1,2,2026-08-12 10:00:00,30,completed,
2016,2026-08-07 16:40:00,946,2,7,2026-08-11 13:00:00,30,completed,
2017,2026-08-07 16:40:00,805,3,1,2026-08-12 14:00:00,30,completed,
2018,2026-08-07 16:50:00,857,5,7,2026-08-10 10:00:00,30,completed,
2019,2026-08-07 18:20:00,806,3,1,2026-08-11 12:30:00,30,completed,
2020,2026-08-07 19:35:00,803,1,7,2026-08-11 10:00:00,30,completed,
2021,2026-08-08 12:15:00,947,4,1,2026-08-10 16:30:00,30,no_show,Patient did not attend; follow-up contact is required.
2022,2026-08-08 14:55:00,660,5,4,2026-08-11 08:00:00,30,no_show,Patient did not attend; follow-up contact is required.
2023,2026-08-08 19:10:00,831,4,10,2026-08-12 15:30:00,30,completed,
2024,2026-08-08 19:30:00,839,3,12,2026-08-11 10:00:00,30,completed,
2025,2026-08-08 20:40:00,948,6,1,2026-08-11 14:00:00,30,completed,
2026,2026-08-09 08:35:00,949,3,12,2026-08-12 09:00:00,30,completed,
2027,2026-08-09 10:40:00,820,5,10,2026-08-12 10:00:00,30,completed,
2028,2026-08-09 11:10:00,950,2,6,2026-08-11 11:00:00,30,completed,
2029,2026-08-10 07:10:00,549,1,3,2026-08-13 11:00:00,30,completed,
2030,2026-08-10 07:15:00,951,5,4,2026-08-12 15:30:00,30,completed,
2031,2026-08-10 08:00:00,815,5,7,2026-08-10 09:00:00,30,completed,
2032,2026-08-10 08:15:00,732,2,13,2026-08-11 14:00:00,30,completed,
2033,2026-08-10 08:45:00,859,2,10,2026-08-12 16:00:00,30,completed,
2034,2026-08-10 08:50:00,785,2,7,2026-08-11 16:00:00,30,completed,
2035,2026-08-10 08:50:00,765,2,8,2026-08-12 08:30:00,30,completed,
2036,2026-08-10 09:00:00,952,6,1,2026-08-11 12:00:00,30,completed,
2037,2026-08-10 09:15:00,883,5,7,2026-08-12 16:00:00,30,completed,
2038,2026-08-10 09:35:00,733,4,11,2026-08-12 12:30:00,30,completed,
2039,2026-08-10 09:45:00,708,5,3,2026-08-11 16:00:00,30,completed,
2040,2026-08-10 09:45:00,953,4,1,2026-08-12 11:00:00,30,completed,
2041,2026-08-10 09:50:00,954,6,9,2026-08-11 08:00:00,30,completed,
2042,2026-08-10 10:20:00,857,4,1,2026-08-11 15:30:00,30,completed,
2043,2026-08-10 10:20:00,285,1,7,2026-08-12 14:30:00,30,completed,
2044,2026-08-10 10:40:00,865,6,10,2026-08-11 09:00:00,30,completed,
2045,2026-08-10 10:45:00,847,1,10,2026-08-11 12:00:00,30,completed,
2046,2026-08-10 10:45:00,872,2,7,2026-08-12 15:00:00,30,completed,
2047,2026-08-10 10:50:00,955,1,6,2026-08-11 16:30:00,30,completed,
2048,2026-08-10 11:10:00,846,6,10,2026-08-12 13:00:00,30,completed,
2049,2026-08-10 11:30:00,809,4,10,2026-08-11 13:30:00,30,completed,
2050,2026-08-10 11:40:00,886,1,10,2026-08-11 13:30:00,30,cancelled,Patient cancelled in advance; rescheduling was offered.
2051,2026-08-10 11:40:00,956,4,2,2026-08-12 08:00:00,30,completed,
2052,2026-08-10 11:40:00,661,1,3,2026-08-12 11:30:00,30,completed,
2053,2026-08-10 11:55:00,867,3,10,2026-08-12 08:30:00,30,completed,
2054,2026-08-10 12:10:00,810,2,10,2026-08-11 15:30:00,30,completed,
2055,2026-08-10 12:15:00,796,5,5,2026-08-11 10:30:00,30,completed,
2056,2026-08-10 12:15:00,848,6,2,2026-08-11 14:30:00,30,completed,
2057,2026-08-10 12:20:00,957,1,1,2026-08-12 08:00:00,30,completed,
2058,2026-08-10 12:30:00,958,1,7,2026-08-12 10:30:00,30,completed,
2059,2026-08-10 12:30:00,959,6,9,2026-08-13 10:00:00,30,completed,
2060,2026-08-10 13:10:00,797,4,10,2026-08-12 08:30:00,30,cancelled,Patient cancelled in advance; rescheduling was offered.
2061,2026-08-10 13:25:00,813,2,8,2026-08-12 10:00:00,30,completed,
2062,2026-08-10 13:35:00,960,4,2,2026-08-12 14:30:00,30,completed,
2063,2026-08-10 13:35:00,707,4,11,2026-08-13 09:30:00,30,completed,
2064,2026-08-10 13:50:00,748,1,10,2026-08-11 15:00:00,30,completed,
2065,2026-08-10 13:55:00,961,1,6,2026-08-10 14:30:00,30,completed,
2066,2026-08-10 14:05:00,721,1,7,2026-08-13 15:30:00,30,completed,
2067,2026-08-10 14:30:00,823,1,14,2026-08-13 09:00:00,30,completed,
2068,2026-08-10 14:35:00,962,6,1,2026-08-10 15:30:00,30,completed,
2069,2026-08-10 14:40:00,876,5,7,2026-08-11 11:00:00,30,completed,
2070,2026-08-10 14:50:00,963,4,2,2026-08-13 11:30:00,30,completed,
2071,2026-08-10 15:00:00,849,2,10,2026-08-12 16:30:00,30,completed,
2072,2026-08-10 15:05:00,964,1,14,2026-08-13 13:00:00,30,completed,
2073,2026-08-10 15:25:00,918,5,7,2026-08-12 14:30:00,30,completed,
2074,2026-08-10 15:30:00,656,2,10,2026-08-13 10:30:00,30,cancelled,Patient cancelled in advance; rescheduling was offered.
2075,2026-08-10 15:40:00,696,4,10,2026-08-13 15:30:00,30,completed,
2076,2026-08-10 15:45:00,965,5,7,2026-08-12 10:30:00,30,completed,
2077,2026-08-10 15:45:00,966,3,1,2026-08-13 09:30:00,30,completed,
2078,2026-08-10 15:55:00,909,1,14,2026-08-14 08:00:00,30,completed,
2079,2026-08-10 16:00:00,621,1,10,2026-08-13 08:00:00,30,completed,
2080,2026-08-10 16:00:00,822,5,10,2026-08-13 15:00:00,30,no_show,Patient did not attend; follow-up contact is required.
2081,2026-08-10 16:05:00,890,4,10,2026-08-11 08:00:00,30,completed,
2082,2026-08-10 16:35:00,967,3,3,2026-08-12 10:30:00,30,completed,
2083,2026-08-10 16:45:00,968,6,1,2026-08-11 12:30:00,30,completed,
2084,2026-08-10 16:55:00,842,5,10,2026-08-11 13:00:00,30,completed,
2085,2026-08-10 17:35:00,762,2,7,2026-08-12 14:00:00,30,completed,
2086,2026-08-10 18:55:00,969,6,1,2026-08-11 11:30:00,30,completed,
2087,2026-08-10 19:45:00,852,3,10,2026-08-12 11:30:00,30,completed,
2088,2026-08-10 20:40:00,907,6,10,2026-08-13 15:30:00,30,completed,
2089,2026-08-11 08:30:00,970,6,1,2026-08-13 09:30:00,30,completed,
2090,2026-08-11 08:30:00,971,1,7,2026-08-13 14:30:00,30,completed,
2091,2026-08-11 08:35:00,972,6,1,2026-08-13 14:30:00,30,cancelled,Patient cancelled in advance; rescheduling was offered.
2092,2026-08-11 08:40:00,973,2,14,2026-08-13 11:00:00,30,completed,
2093,2026-08-11 09:15:00,961,6,9,2026-08-13 13:30:00,30,completed,
2094,2026-08-11 09:35:00,974,3,1,2026-08-12 15:00:00,30,completed,
2095,2026-08-11 09:35:00,939,2,7,2026-08-13 09:30:00,30,completed,
2096,2026-08-11 09:50:00,865,3,10,2026-08-13 13:30:00,30,no_show,Patient did not attend; follow-up contact is required.
2097,2026-08-11 10:20:00,737,3,4,2026-08-13 09:00:00,30,completed,
2098,2026-08-11 10:25:00,975,4,1,2026-08-12 16:30:00,30,completed,
2099,2026-08-11 10:40:00,799,4,1,2026-08-14 15:30:00,30,completed,
2100,2026-08-11 10:45:00,741,3,3,2026-08-12 13:00:00,30,completed,
2101,2026-08-11 11:00:00,976,4,2,2026-08-12 09:00:00,30,completed,
2102,2026-08-11 11:55:00,950,2,8,2026-08-13 08:00:00,30,completed,
2103,2026-08-11 12:15:00,977,4,2,2026-08-12 16:00:00,30,completed,
2104,2026-08-11 12:55:00,934,3,12,2026-08-13 10:00:00,30,completed,
2105,2026-08-11 13:05:00,968,5,7,2026-08-13 10:00:00,30,cancelled,Patient cancelled in advance; rescheduling was offered.
2106,2026-08-11 13:15:00,978,4,1,2026-08-13 10:30:00,30,completed,
2107,2026-08-11 13:50:00,979,1,6,2026-08-12 16:30:00,30,completed,
2108,2026-08-11 14:00:00,980,5,7,2026-08-13 12:00:00,30,no_show,Patient did not attend; follow-up contact is required.
2109,2026-08-11 14:05:00,981,5,1,2026-08-12 12:00:00,30,completed,
2110,2026-08-11 14:50:00,826,2,8,2026-08-13 14:00:00,30,completed,
2111,2026-08-11 15:00:00,982,1,3,2026-08-14 09:30:00,30,completed,
2112,2026-08-11 15:15:00,983,6,1,2026-08-13 11:30:00,30,completed,
2113,2026-08-11 15:55:00,905,6,10,2026-08-13 16:00:00,30,completed,
2114,2026-08-11 16:05:00,751,5,3,2026-08-12 09:00:00,30,completed,
2115,2026-08-11 16:05:00,544,5,4,2026-08-12 11:30:00,30,completed,
2116,2026-08-11 16:50:00,984,5,6,2026-08-12 08:30:00,30,completed,
2117,2026-08-11 19:30:00,985,1,8,2026-08-14 10:30:00,30,completed,
2118,2026-08-12 07:25:00,986,1,14,2026-08-14 13:30:00,30,completed,
2119,2026-08-12 08:10:00,987,3,3,2026-08-13 16:00:00,30,completed,
2120,2026-08-12 08:35:00,988,4,1,2026-08-14 09:30:00,30,completed,
2121,2026-08-12 09:15:00,989,5,4,2026-08-13 09:30:00,30,completed,
2122,2026-08-12 09:15:00,933,3,10,2026-08-14 12:00:00,30,completed,
2123,2026-08-12 10:05:00,990,6,6,2026-08-12 10:30:00,30,completed,
2124,2026-08-12 10:55:00,991,6,6,2026-08-14 16:00:00,30,completed,
2125,2026-08-12 11:00:00,836,5,4,2026-08-14 15:30:00,30,completed,
2126,2026-08-12 11:00:00,820,5,7,2026-08-14 16:00:00,30,completed,
2127,2026-08-12 11:15:00,992,3,12,2026-08-14 08:30:00,30,completed,
2128,2026-08-12 11:50:00,993,1,7,2026-08-14 15:00:00,30,completed,
2129,2026-08-12 11:55:00,994,4,2,2026-08-14 08:00:00,30,completed,
2130,2026-08-12 11:55:00,995,4,2,2026-08-14 12:00:00,30,completed,
2131,2026-08-12 12:10:00,724,4,11,2026-08-13 11:00:00,30,completed,
2132,2026-08-12 12:15:00,912,1,1,2026-08-12 12:30:00,30,completed,
2133,2026-08-12 12:30:00,996,2,7,2026-08-13 16:00:00,30,completed,
2134,2026-08-12 12:30:00,944,4,10,2026-08-14 08:30:00,30,completed,
2135,2026-08-12 13:50:00,830,6,10,2026-08-13 15:00:00,30,completed,
2136,2026-08-12 14:20:00,997,4,2,2026-08-13 13:00:00,30,completed,
2137,2026-08-12 14:35:00,998,6,1,2026-08-13 12:00:00,30,completed,
2138,2026-08-12 14:50:00,999,6,15,2026-08-14 09:00:00,30,completed,
2139,2026-08-12 14:50:00,1000,1,3,2026-08-14 16:00:00,30,completed,
2140,2026-08-12 15:05:00,1001,1,3,2026-08-17 14:30:00,30,completed,
2141,2026-08-12 15:15:00,1002,3,3,2026-08-14 14:30:00,30,completed,
2142,2026-08-12 16:00:00,1003,2,8,2026-08-14 09:00:00,30,completed,
2143,2026-08-12 16:40:00,1004,1,8,2026-08-17 08:30:00,30,cancelled,Patient cancelled in advance; rescheduling was offered.
2144,2026-08-13 08:05:00,1005,4,1,2026-08-14 09:00:00,30,completed,
2145,2026-08-13 08:15:00,1006,4,1,2026-08-13 10:00:00,30,completed,
2146,2026-08-13 08:40:00,705,5,3,2026-08-14 13:00:00,30,completed,
2147,2026-08-13 08:50:00,1007,3,1,2026-08-14 14:00:00,30,completed,
2148,2026-08-13 09:45:00,1008,5,1,2026-08-17 08:00:00,30,completed,
2149,2026-08-13 10:05:00,1009,3,12,2026-08-14 10:00:00,30,completed,
2150,2026-08-13 10:35:00,915,2,10,2026-08-13 12:30:00,30,no_show,Patient did not attend; follow-up contact is required.
2151,2026-08-13 11:50:00,1010,5,2,2026-08-14 09:30:00,30,completed,
2152,2026-08-13 12:15:00,1011,2,7,2026-08-14 11:00:00,30,completed,
2153,2026-08-13 12:20:00,981,5,10,2026-08-14 14:30:00,30,completed,
2154,2026-08-13 12:25:00,889,6,15,2026-08-14 11:00:00,30,completed,
2155,2026-08-13 12:25:00,1012,3,12,2026-08-14 15:30:00,30,completed,
2156,2026-08-13 12:30:00,1013,2,7,2026-08-14 13:00:00,30,completed,
2157,2026-08-13 12:35:00,1014,1,14,2026-08-18 08:30:00,30,completed,
2158,2026-08-13 12:40:00,848,6,9,2026-08-14 08:00:00,30,completed,
2159,2026-08-13 13:35:00,1015,2,1,2026-08-13 15:30:00,30,completed,
2160,2026-08-13 13:45:00,886,4,10,2026-08-13 14:00:00,30,completed,
2161,2026-08-13 14:20:00,1016,5,3,2026-08-17 09:30:00,30,completed,
2162,2026-08-13 14:45:00,1017,2,8,2026-08-14 14:00:00,30,completed,
2163,2026-08-13 15:00:00,900,1,10,2026-08-13 16:30:00,30,no_show,Patient did not attend; follow-up contact is required.
2164,2026-08-13 15:20:00,827,1,3,2026-08-17 16:00:00,30,completed,
2165,2026-08-13 15:40:00,1018,4,1,2026-08-14 14:00:00,30,cancelled,Patient cancelled in advance; rescheduling was offered.
2166,2026-08-13 16:00:00,1019,5,6,2026-08-14 14:00:00,30,completed,
2167,2026-08-13 16:30:00,940,2,8,2026-08-14 15:30:00,30,completed,
2168,2026-08-13 16:30:00,1020,1,8,2026-08-17 10:00:00,30,completed,
2169,2026-08-13 16:35:00,852,5,7,2026-08-14 08:00:00,30,completed,
2170,2026-08-13 16:50:00,987,3,10,2026-08-14 12:30:00,30,completed,
2171,2026-08-13 16:50:00,919,1,8,2026-08-18 10:00:00,30,completed,
2172,2026-08-14 08:25:00,909,1,10,2026-08-17 08:00:00,30,completed,
2173,2026-08-14 08:35:00,1021,5,7,2026-08-17 11:00:00,30,completed,
2174,2026-08-14 08:40:00,698,5,3,2026-08-14 11:00:00,30,completed,
2175,2026-08-14 09:45:00,1003,2,7,2026-08-17 11:00:00,30,cancelled,Patient cancelled in advance; rescheduling was offered.
2176,2026-08-14 09:50:00,1022,2,7,2026-08-18 09:00:00,30,completed,
2177,2026-08-14 09:50:00,1023,1,9,2026-08-18 14:00:00,30,completed,
2178,2026-08-14 09:55:00,737,3,10,2026-08-17 12:30:00,30,completed,
2179,2026-08-14 10:15:00,1024,6,15,2026-08-17 08:30:00,30,completed,
2180,2026-08-14 10:30:00,1025,4,1,2026-08-14 11:00:00,30,completed,
2181,2026-08-14 10:35:00,1026,6,15,2026-08-17 10:30:00,30,completed,
2182,2026-08-14 10:55:00,926,2,14,2026-08-17 08:00:00,30,completed,
2183,2026-08-14 10:55:00,1027,4,2,2026-08-17 11:00:00,30,completed,
2184,2026-08-14 11:10:00,967,3,12,2026-08-18 08:00:00,30,completed,
2185,2026-08-14 11:15:00,743,3,3,2026-08-17 10:00:00,30,completed,
2186,2026-08-14 11:35:00,1028,5,3,2026-08-18 13:30:00,30,completed,
2187,2026-08-14 11:40:00,714,1,3,2026-08-17 13:30:00,30,completed,
2188,2026-08-14 12:00:00,823,1,14,2026-08-18 11:30:00,30,completed,
2189,2026-08-14 13:05:00,956,4,2,2026-08-14 13:30:00,30,completed,
2190,2026-08-14 13:10:00,975,4,2,2026-08-14 14:30:00,30,completed,
2191,2026-08-14 13:15:00,751,4,10,2026-08-17 15:30:00,30,completed,
2192,2026-08-14 14:15:00,1029,4,5,2026-08-17 09:00:00,30,completed,
2193,2026-08-14 14:25:00,888,3,3,2026-08-18 09:30:00,30,completed,
2194,2026-08-14 14:40:00,972,6,1,2026-08-17 12:30:00,30,completed,
2195,2026-08-14 14:50:00,943,2,10,2026-08-18 16:00:00,30,completed,
2196,2026-08-14 14:55:00,1002,3,10,2026-08-17 12:00:00,30,completed,
2197,2026-08-14 15:05:00,1030,4,1,2026-08-17 12:00:00,30,completed,
2198,2026-08-14 15:30:00,862,1,9,2026-08-19 13:00:00,30,completed,
2199,2026-08-14 15:40:00,1031,5,7,2026-08-17 13:00:00,30,completed,
2200,2026-08-14 15:40:00,998,5,7,2026-08-17 15:00:00,30,completed,
2201,2026-08-14 16:30:00,1032,4,2,2026-08-17 08:00:00,30,completed,
2202,2026-08-15 07:35:00,1033,1,6,2026-08-17 12:00:00,30,no_show,Patient did not attend; follow-up contact is required.
2203,2026-08-15 08:40:00,1034,2,6,2026-08-17 16:30:00,30,completed,
2204,2026-08-15 12:30:00,1012,4,10,2026-08-18 14:00:00,30,completed,
2205,2026-08-15 12:40:00,1035,5,3,2026-08-17 08:30:00,30,no_show,Patient did not attend; follow-up contact is required.
2206,2026-08-16 11:00:00,695,3,3,2026-08-18 10:30:00,30,completed,
2207,2026-08-16 12:55:00,492,5,3,2026-08-19 08:00:00,30,completed,
2208,2026-08-16 13:40:00,961,6,10,2026-08-17 08:00:00,30,completed,
2209,2026-08-16 17:40:00,1018,2,1,2026-08-18 15:00:00,30,no_show,Patient did not attend; follow-up contact is required.
2210,2026-08-17 07:15:00,1036,2,14,2026-08-19 09:00:00,30,completed,
2211,2026-08-17 07:45:00,954,6,15,2026-08-19 09:00:00,30,completed,
2212,2026-08-17 08:05:00,1037,3,12,2026-08-17 08:30:00,30,completed,
2213,2026-08-17 08:05:00,689,3,13,2026-08-19 10:30:00,30,completed,
2214,2026-08-17 08:30:00,760,4,11,2026-08-19 08:00:00,30,completed,
2215,2026-08-17 08:35:00,932,1,9,2026-08-18 15:00:00,30,completed,
2216,2026-08-17 08:35:00,939,2,1,2026-08-20 10:00:00,30,completed,
2217,2026-08-17 08:40:00,1038,4,1,2026-08-18 09:00:00,30,completed,
2218,2026-08-17 09:20:00,809,4,1,2026-08-19 16:30:00,30,completed,
2219,2026-08-17 09:25:00,872,2,10,2026-08-18 13:30:00,30,cancelled,Patient cancelled in advance; rescheduling was offered.
2220,2026-08-17 09:30:00,1024,1,14,2026-08-19 08:00:00,30,completed,
2221,2026-08-17 09:30:00,935,1,14,2026-08-20 10:30:00,30,completed,
2222,2026-08-17 09:35:00,1039,5,3,2026-08-19 10:00:00,30,completed,
2223,2026-08-17 09:50:00,846,6,2,2026-08-18 15:00:00,30,completed,
2224,2026-08-17 09:55:00,1040,1,4,2026-08-19 10:00:00,30,completed,
2225,2026-08-17 10:00:00,879,4,1,2026-08-17 15:00:00,30,completed,
2226,2026-08-17 10:05:00,994,4,10,2026-08-18 16:30:00,30,completed,
2227,2026-08-17 10:20:00,1041,2,14,2026-08-18 10:00:00,30,completed,
2228,2026-08-17 11:30:00,702,4,2,2026-08-19 11:00:00,30,cancelled,Patient cancelled in advance; rescheduling was offered.
2229,2026-08-17 11:30:00,1042,5,1,2026-08-19 15:30:00,30,completed,
2230,2026-08-17 11:45:00,1043,5,3,2026-08-19 14:00:00,30,completed,
2231,2026-08-17 12:15:00,799,4,2,2026-08-17 16:30:00,30,completed,
2232,2026-08-17 13:20:00,1044,1,3,2026-08-18 16:00:00,30,completed,
2233,2026-08-17 13:20:00,803,1,10,2026-08-19 10:30:00,30,completed,
2234,2026-08-17 13:20:00,842,5,10,2026-08-19 11:00:00,30,completed,
2235,2026-08-17 13:20:00,1045,1,2,2026-08-20 15:00:00,30,completed,
2236,2026-08-17 13:35:00,976,3,12,2026-08-19 09:00:00,30,completed,
2237,2026-08-17 14:10:00,995,2,14,2026-08-17 15:00:00,30,completed,
2238,2026-08-17 14:20:00,813,2,10,2026-08-18 12:00:00,30,completed,
2239,2026-08-17 14:30:00,984,5,7,2026-08-19 11:30:00,30,completed,
2240,2026-08-17 14:35:00,1025,1,9,2026-08-20 14:00:00,30,completed,
2241,2026-08-17 14:40:00,708,5,7,2026-08-18 16:00:00,30,completed,
2242,2026-08-17 15:05:00,1046,4,1,2026-08-19 09:30:00,30,completed,
2243,2026-08-17 15:10:00,1001,4,1,2026-08-19 15:30:00,30,completed,
2244,2026-08-17 15:25:00,1047,3,12,2026-08-19 14:00:00,30,completed,
2245,2026-08-17 15:30:00,1010,2,14,2026-08-19 10:30:00,30,completed,
2246,2026-08-17 15:45:00,1048,1,9,2026-08-19 11:00:00,30,completed,
2247,2026-08-17 15:50:00,568,4,2,2026-08-18 08:30:00,30,completed,
2248,2026-08-17 16:00:00,968,2,7,2026-08-18 14:00:00,30,completed,
2249,2026-08-17 16:20:00,914,1,3,2026-08-19 14:00:00,30,completed,
2250,2026-08-17 16:45:00,921,1,10,2026-08-18 08:00:00,30,completed,
2251,2026-08-17 18:55:00,1049,6,1,2026-08-18 13:00:00,30,completed,
2252,2026-08-17 20:55:00,896,5,3,2026-08-19 09:00:00,30,completed,
2253,2026-08-18 07:35:00,1050,3,3,2026-08-18 13:30:00,30,completed,
2254,2026-08-18 08:10:00,1051,1,4,2026-08-19 09:30:00,30,completed,
2255,2026-08-18 08:35:00,788,5,3,2026-08-19 16:00:00,30,completed,
2256,2026-08-18 08:50:00,1052,1,3,2026-08-19 15:30:00,30,completed,
2257,2026-08-18 09:05:00,143,6,10,2026-09-01 08:00:00,30,scheduled,Awaiting patient confirmation.
2258,2026-08-18 10:25:00,1053,3,12,2026-08-19 15:30:00,30,completed,
2259,2026-08-18 10:55:00,1054,5,3,2026-08-20 13:30:00,30,completed,
2260,2026-08-18 11:35:00,1055,1,3,2026-08-20 15:30:00,30,completed,
2261,2026-08-18 12:00:00,1056,5,3,2026-08-20 14:30:00,30,completed,
2262,2026-08-18 12:15:00,784,3,3,2026-08-19 08:00:00,30,completed,
2263,2026-08-18 12:45:00,1057,6,9,2026-08-19 13:30:00,30,completed,
2264,2026-08-18 13:10:00,1013,2,1,2026-08-21 10:30:00,30,completed,
2265,2026-08-18 13:20:00,942,5,3,2026-08-20 16:00:00,30,completed,
2266,2026-08-18 14:00:00,951,5,1,2026-08-18 15:30:00,30,completed,
2267,2026-08-18 14:30:00,940,2,14,2026-08-20 08:30:00,30,completed,
2268,2026-08-18 14:45:00,798,1,3,2026-08-20 09:30:00,30,completed,
2269,2026-08-18 15:55:00,1058,4,2,2026-08-19 11:30:00,30,completed,
2270,2026-08-18 15:55:00,800,3,3,2026-08-20 15:00:00,30,completed,
2271,2026-08-18 16:30:00,1059,1,4,2026-08-19 15:00:00,30,completed,
2272,2026-08-18 16:35:00,1060,2,7,2026-08-20 15:30:00,30,completed,
2273,2026-08-19 08:05:00,907,1,7,2026-08-20 08:30:00,30,completed,
2274,2026-08-19 08:05:00,1061,4,1,2026-08-21 14:00:00,30,completed,
2275,2026-08-19 08:10:00,1062,4,2,2026-08-21 15:30:00,30,completed,
2276,2026-08-19 08:10:00,1063,4,1,2026-08-21 16:00:00,30,completed,
2277,2026-08-19 09:05:00,962,6,10,2026-09-02 09:00:00,30,confirmed,Appointment confirmed by the patient.
2278,2026-08-19 09:25:00,1064,1,3,2026-08-21 11:30:00,30,completed,
2279,2026-08-19 09:30:00,971,2,8,2026-08-20 10:30:00,30,completed,
2280,2026-08-19 10:15:00,1065,3,3,2026-08-21 11:00:00,30,completed,
2281,2026-08-19 10:25:00,1066,4,5,2026-08-19 16:00:00,30,completed,
2282,2026-08-19 10:35:00,1020,1,10,2026-08-21 16:00:00,30,completed,
2283,2026-08-19 10:50:00,1067,5,3,2026-08-20 11:00:00,30,completed,
2284,2026-08-19 10:55:00,1068,5,3,2026-08-20 09:30:00,30,completed,
2285,2026-08-19 11:30:00,1069,6,2,2026-08-20 09:00:00,30,completed,
2286,2026-08-19 12:45:00,1070,1,3,2026-08-21 15:00:00,30,completed,
2287,2026-08-19 13:45:00,890,5,7,2026-09-01 09:00:00,30,scheduled,Awaiting patient confirmation.
2288,2026-08-19 13:55:00,1071,4,5,2026-08-21 09:00:00,30,completed,
2289,2026-08-19 14:15:00,1072,6,1,2026-08-20 09:30:00,30,completed,
2290,2026-08-19 14:15:00,1073,6,9,2026-08-20 15:30:00,30,no_show,Patient did not attend; follow-up contact is required.
2291,2026-08-19 15:00:00,966,3,10,2026-08-20 16:00:00,30,completed,
2292,2026-08-19 15:10:00,1074,4,2,2026-08-21 12:30:00,30,completed,
2293,2026-08-19 15:45:00,973,2,8,2026-08-20 13:30:00,30,completed,
2294,2026-08-19 16:00:00,1075,3,3,2026-08-21 08:30:00,30,completed,
2295,2026-08-19 16:00:00,361,1,7,2026-09-02 14:30:00,30,confirmed,Appointment confirmed by the patient.
2296,2026-08-19 16:05:00,1076,6,2,2026-08-20 12:00:00,30,completed,
2297,2026-08-19 16:10:00,1077,4,2,2026-08-20 11:30:00,30,completed,
2298,2026-08-19 16:10:00,983,3,12,2026-08-21 09:30:00,30,completed,
2299,2026-08-20 08:05:00,954,4,1,2026-08-21 08:00:00,30,completed,
2300,2026-08-20 08:30:00,763,5,3,2026-08-20 09:00:00,30,cancelled,Patient cancelled in advance; rescheduling was offered.
2301,2026-08-20 08:45:00,1078,1,3,2026-08-21 08:30:00,30,completed,
2302,2026-08-20 09:05:00,991,2,8,2026-08-21 09:00:00,30,completed,
2303,2026-08-20 09:10:00,1079,1,3,2026-08-21 10:30:00,30,completed,
2304,2026-08-20 09:25:00,1010,2,14,2026-08-21 11:00:00,30,completed,
2305,2026-08-20 10:30:00,1080,1,3,2026-08-21 09:30:00,30,cancelled,Patient cancelled in advance; rescheduling was offered.
2306,2026-08-20 10:35:00,1081,5,3,2026-08-21 08:30:00,30,no_show,Patient did not attend; follow-up contact is required.
2307,2026-08-20 10:35:00,809,1,7,2026-08-21 14:00:00,30,completed,
2308,2026-08-20 10:40:00,230,1,14,2026-09-01 14:30:00,30,confirmed,Appointment confirmed by the patient.
2309,2026-08-20 11:00:00,1082,6,9,2026-08-20 11:30:00,30,completed,
2310,2026-08-20 11:10:00,1083,6,6,2026-08-20 12:30:00,30,completed,
2311,2026-08-20 11:25:00,1084,1,13,2026-08-24 10:30:00,30,cancelled,Patient cancelled in advance; rescheduling was offered.
2312,2026-08-20 11:50:00,1085,4,2,2026-08-21 15:00:00,30,completed,
2313,2026-08-20 12:40:00,1086,3,12,2026-08-24 10:00:00,30,completed,
2314,2026-08-20 12:45:00,1087,2,13,2026-08-24 13:30:00,30,completed,
2315,2026-08-20 13:20:00,1088,5,3,2026-08-21 16:00:00,30,completed,
2316,2026-08-20 13:30:00,1089,3,12,2026-08-21 13:30:00,30,completed,
2317,2026-08-20 13:30:00,820,5,10,2026-09-02 09:00:00,30,scheduled,Awaiting patient confirmation.
2318,2026-08-20 14:45:00,1090,2,13,2026-08-21 14:30:00,30,completed,
2319,2026-08-20 15:10:00,813,2,10,2026-08-20 16:30:00,30,completed,
2320,2026-08-20 15:45:00,1017,1,14,2026-08-24 08:00:00,30,cancelled,Patient cancelled in advance; rescheduling was offered.
2321,2026-08-20 15:55:00,926,2,10,2026-09-01 09:30:00,30,confirmed,Appointment confirmed by the patient.
2322,2026-08-20 16:10:00,1023,6,15,2026-08-21 10:00:00,30,no_show,Patient did not attend; follow-up contact is required.
2323,2026-08-20 16:10:00,1091,3,12,2026-08-21 15:30:00,30,completed,
2324,2026-08-20 16:40:00,1092,4,5,2026-08-21 11:00:00,30,completed,
2325,2026-08-20 16:40:00,1093,4,2,2026-08-24 12:30:00,30,completed,
2326,2026-08-20 16:45:00,947,4,1,2026-09-02 15:00:00,30,confirmed,Appointment confirmed by the patient.
2327,2026-08-20 16:50:00,1094,5,7,2026-08-21 09:30:00,30,completed,
2328,2026-08-20 17:10:00,909,3,3,2026-09-02 14:30:00,30,confirmed,Appointment confirmed by the patient.
2329,2026-08-21 08:00:00,1038,5,7,2026-08-24 08:00:00,30,no_show,Patient did not attend; follow-up contact is required.
2330,2026-08-21 08:10:00,1095,5,3,2026-08-21 15:00:00,30,completed,
2331,2026-08-21 08:25:00,1096,4,2,2026-08-24 09:00:00,30,completed,
2332,2026-08-21 09:10:00,1097,4,1,2026-08-21 16:30:00,30,completed,
2333,2026-08-21 09:15:00,874,4,2,2026-08-25 15:30:00,30,completed,
2334,2026-08-21 09:20:00,1098,5,3,2026-08-24 14:30:00,30,completed,
2335,2026-08-21 09:30:00,1053,3,1,2026-08-24 14:30:00,30,completed,
2336,2026-08-21 09:40:00,1099,4,2,2026-08-21 12:00:00,30,completed,
2337,2026-08-21 09:50:00,1100,6,6,2026-08-25 15:30:00,30,completed,
2338,2026-08-21 10:20:00,300,3,12,2026-09-01 08:00:00,30,confirmed,Appointment confirmed by the patient.
2339,2026-08-21 10:35:00,551,4,1,2026-09-03 11:30:00,30,scheduled,Awaiting patient confirmation.
2340,2026-08-21 11:00:00,1049,6,15,2026-08-24 08:30:00,30,completed,
2341,2026-08-21 11:00:00,1060,2,10,2026-08-24 10:30:00,30,completed,
2342,2026-08-21 11:20:00,1101,1,9,2026-08-24 09:30:00,30,completed,
2343,2026-08-21 11:35:00,1048,4,10,2026-08-24 14:00:00,30,completed,
2344,2026-08-21 11:40:00,1039,4,1,2026-08-24 15:00:00,30,completed,
2345,2026-08-21 11:40:00,675,1,13,2026-09-02 08:30:00,30,confirmed,Appointment confirmed by the patient.
2346,2026-08-21 11:45:00,1055,4,10,2026-08-21 14:30:00,30,completed,
2347,2026-08-21 11:45:00,344,5,10,2026-09-04 11:30:00,30,confirmed,Appointment confirmed by the patient.
2348,2026-08-21 11:55:00,1102,1,8,2026-08-24 14:00:00,30,completed,
2349,2026-08-21 12:05:00,1103,2,8,2026-08-24 09:00:00,30,completed,
2350,2026-08-21 12:25:00,1104,5,9,2026-08-24 16:00:00,30,completed,
2351,2026-08-21 12:40:00,868,1,4,2026-08-25 13:30:00,30,completed,
2352,2026-08-21 13:00:00,97,1,7,2026-09-02 16:00:00,30,confirmed,Appointment confirmed by the patient.
2353,2026-08-21 13:10:00,1105,4,1,2026-08-25 11:30:00,30,cancelled,Patient cancelled in advance; rescheduling was offered.
2354,2026-08-21 13:10:00,629,4,1,2026-09-03 10:00:00,30,confirmed,Appointment confirmed by the patient.
2355,2026-08-21 13:45:00,1106,1,7,2026-08-24 12:00:00,30,no_show,Patient did not attend; follow-up contact is required.
2356,2026-08-21 14:20:00,967,3,12,2026-08-24 08:30:00,30,completed,
2357,2026-08-21 14:30:00,1004,1,14,2026-08-24 15:30:00,30,completed,
2358,2026-08-21 16:00:00,177,2,7,2026-09-02 09:00:00,30,confirmed,Appointment confirmed by the patient.
2359,2026-08-21 16:15:00,1088,5,7,2026-08-24 10:00:00,30,completed,
2360,2026-08-21 16:40:00,1107,6,9,2026-08-25 14:30:00,30,completed,
2361,2026-08-21 16:55:00,436,5,3,2026-09-01 14:00:00,30,confirmed,Appointment confirmed by the patient.
2362,2026-08-21 17:20:00,1108,4,2,2026-08-24 08:30:00,30,completed,
2363,2026-08-21 18:20:00,1109,4,2,2026-08-25 13:00:00,30,completed,
2364,2026-08-21 19:00:00,1110,2,8,2026-08-24 11:00:00,30,cancelled,Patient cancelled in advance; rescheduling was offered.
2365,2026-08-21 20:35:00,1111,5,7,2026-08-24 11:00:00,30,cancelled,Patient cancelled in advance; rescheduling was offered.
2366,2026-08-22 07:45:00,167,2,14,2026-09-04 09:00:00,30,scheduled,Awaiting patient confirmation.
2367,2026-08-22 09:10:00,727,6,2,2026-09-04 12:30:00,30,confirmed,Appointment confirmed by the patient.
2368,2026-08-22 10:10:00,383,4,2,2026-09-03 09:00:00,30,confirmed,Appointment confirmed by the patient.
2369,2026-08-22 10:20:00,1027,1,7,2026-08-25 09:00:00,30,completed,
2370,2026-08-22 11:30:00,1112,5,3,2026-08-24 09:00:00,30,completed,
2371,2026-08-22 20:45:00,1052,1,10,2026-08-25 13:00:00,30,completed,
2372,2026-08-23 13:20:00,1073,6,1,2026-08-24 08:00:00,30,completed,
2373,2026-08-23 14:00:00,916,5,5,2026-08-26 13:00:00,30,no_show,Patient did not attend; follow-up contact is required.
2374,2026-08-23 16:20:00,835,4,11,2026-08-25 08:00:00,30,cancelled,Patient cancelled in advance; rescheduling was offered.
2375,2026-08-23 16:50:00,211,6,10,2026-09-04 11:30:00,30,confirmed,Appointment confirmed by the patient.
2376,2026-08-23 17:00:00,1055,3,12,2026-08-25 10:30:00,30,completed,
2377,2026-08-23 17:10:00,708,5,10,2026-08-25 15:00:00,30,completed,
2378,2026-08-23 19:15:00,270,5,10,2026-09-01 16:30:00,30,confirmed,Appointment confirmed by the patient.
2379,2026-08-24 07:55:00,1113,1,3,2026-08-26 14:00:00,30,completed,
2380,2026-08-24 08:20:00,1114,1,3,2026-08-25 10:30:00,30,completed,
2381,2026-08-24 08:25:00,1069,2,14,2026-08-26 10:30:00,30,completed,
2382,2026-08-24 08:35:00,1115,2,2,2026-08-26 13:30:00,30,completed,
2383,2026-08-24 09:00:00,1116,2,8,2026-08-26 08:00:00,30,completed,
2384,2026-08-24 09:20:00,1117,1,7,2026-08-26 15:30:00,30,cancelled,Patient cancelled in advance; rescheduling was offered.
2385,2026-08-24 09:25:00,1118,6,9,2026-08-26 15:30:00,30,completed,
2386,2026-08-24 09:35:00,1070,1,4,2026-09-03 10:30:00,30,scheduled,Awaiting patient confirmation.
2387,2026-08-24 09:40:00,716,3,3,2026-08-25 14:30:00,30,completed,
2388,2026-08-24 09:40:00,1007,3,3,2026-08-26 15:30:00,30,completed,
2389,2026-08-24 09:45:00,1119,4,2,2026-08-24 10:00:00,30,completed,
2390,2026-08-24 09:50:00,1020,1,1,2026-08-25 11:30:00,30,completed,
2391,2026-08-24 10:05:00,794,4,2,2026-08-25 15:00:00,30,completed,
2392,2026-08-24 10:10:00,1120,5,3,2026-08-26 16:00:00,30,completed,
2393,2026-08-24 10:15:00,555,5,4,2026-09-04 16:00:00,30,confirmed,Appointment confirmed by the patient.
2394,2026-08-24 10:20:00,837,5,3,2026-08-26 11:00:00,30,completed,
2395,2026-08-24 10:25:00,918,1,8,2026-09-04 10:00:00,30,scheduled,Awaiting patient confirmation.
2396,2026-08-24 10:45:00,1121,2,13,2026-08-25 14:30:00,30,completed,
2397,2026-08-24 10:45:00,141,2,1,2026-09-02 11:00:00,30,confirmed,Appointment confirmed by the patient.
2398,2026-08-24 10:55:00,1021,1,3,2026-08-25 15:00:00,30,completed,
2399,2026-08-24 11:00:00,1122,1,7,2026-08-25 14:00:00,30,completed,
2400,2026-08-24 11:20:00,1057,6,10,2026-08-27 08:00:00,30,completed,
2401,2026-08-24 11:40:00,451,5,4,2026-09-04 13:00:00,30,confirmed,Appointment confirmed by the patient.
2402,2026-08-24 11:45:00,952,3,12,2026-09-02 09:30:00,30,confirmed,Appointment confirmed by the patient.
2403,2026-08-24 12:35:00,1097,4,2,2026-08-25 11:00:00,30,completed,
2404,2026-08-24 12:35:00,170,1,3,2026-09-03 11:00:00,30,scheduled,Awaiting patient confirmation.
2405,2026-08-24 12:40:00,1123,4,2,2026-08-25 16:00:00,30,completed,
2406,2026-08-24 13:15:00,832,1,8,2026-09-01 10:30:00,30,confirmed,Appointment confirmed by the patient.
2407,2026-08-24 13:15:00,761,2,14,2026-09-04 10:30:00,30,confirmed,Appointment confirmed by the patient.
2408,2026-08-24 13:20:00,1037,3,3,2026-08-26 14:30:00,30,completed,
2409,2026-08-24 13:30:00,743,3,12,2026-08-26 10:00:00,30,completed,
2410,2026-08-24 13:40:00,672,6,10,2026-09-01 14:00:00,30,confirmed,Appointment confirmed by the patient.
2411,2026-08-24 13:55:00,1124,4,1,2026-08-25 16:30:00,30,completed,
2412,2026-08-24 14:05:00,1059,6,1,2026-08-26 14:00:00,30,completed,
2413,2026-08-24 14:20:00,741,3,13,2026-08-24 15:00:00,30,completed,
2414,2026-08-24 14:40:00,760,4,10,2026-08-25 14:30:00,30,completed,
2415,2026-08-24 15:00:00,798,3,12,2026-09-01 09:30:00,30,confirmed,Appointment confirmed by the patient.
2416,2026-08-24 15:45:00,1125,2,8,2026-08-26 14:00:00,30,completed,
2417,2026-08-24 16:05:00,1014,1,10,2026-08-25 16:00:00,30,completed,
2418,2026-08-24 16:05:00,1024,1,14,2026-09-04 14:00:00,30,confirmed,Appointment confirmed by the patient.
2419,2026-08-24 16:30:00,1056,5,7,2026-08-25 11:30:00,30,completed,
2420,2026-08-24 16:30:00,1126,6,1,2026-08-26 10:00:00,30,completed,
2421,2026-08-24 16:40:00,803,4,1,2026-08-25 08:30:00,30,completed,
2422,2026-08-24 16:45:00,1042,5,9,2026-08-26 10:00:00,30,completed,
2423,2026-08-24 16:50:00,1022,6,10,2026-08-25 11:30:00,30,completed,
2424,2026-08-24 17:55:00,982,1,10,2026-09-01 12:00:00,30,confirmed,Appointment confirmed by the patient.
2425,2026-08-24 18:50:00,842,2,7,2026-08-26 09:30:00,30,completed,
2426,2026-08-24 20:15:00,1005,1,3,2026-08-26 11:30:00,30,cancelled,Patient cancelled in advance; rescheduling was offered.
2427,2026-08-24 20:50:00,1068,6,10,2026-08-26 10:30:00,30,completed,
2428,2026-08-25 07:45:00,1127,1,3,2026-08-28 08:00:00,30,completed,
2429,2026-08-25 08:00:00,1084,2,13,2026-08-26 15:30:00,30,completed,
2430,2026-08-25 08:20:00,1128,4,1,2026-08-27 15:00:00,30,completed,
2431,2026-08-25 08:35:00,640,2,14,2026-09-08 08:00:00,30,confirmed,Appointment confirmed by the patient.
2432,2026-08-25 09:15:00,1129,6,1,2026-08-28 09:30:00,30,completed,
2433,2026-08-25 09:15:00,767,3,12,2026-09-04 09:00:00,30,confirmed,Appointment confirmed by the patient.
2434,2026-08-25 09:25:00,1130,4,2,2026-08-27 14:30:00,30,completed,
2435,2026-08-25 09:30:00,1131,6,1,2026-08-26 08:00:00,30,completed,
2436,2026-08-25 09:30:00,1132,5,4,2026-08-27 15:30:00,30,completed,
2437,2026-08-25 09:55:00,1080,1,3,2026-08-26 10:30:00,30,completed,
2438,2026-08-25 10:05:00,1051,1,10,2026-08-27 12:30:00,30,completed,
2439,2026-08-25 10:10:00,313,1,7,2026-09-08 09:30:00,30,confirmed,Appointment confirmed by the patient.
2440,2026-08-25 10:15:00,656,2,10,2026-09-03 11:30:00,30,confirmed,Appointment confirmed by the patient.
2441,2026-08-25 10:20:00,1133,6,2,2026-08-27 15:00:00,30,completed,
2442,2026-08-25 11:00:00,1134,4,2,2026-08-26 10:30:00,30,completed,
2443,2026-08-25 11:00:00,1060,5,7,2026-08-27 14:00:00,30,completed,
2444,2026-08-25 11:20:00,1135,6,1,2026-08-26 16:30:00,30,completed,
2445,2026-08-25 11:25:00,1114,1,10,2026-08-27 14:30:00,30,completed,
2446,2026-08-25 11:50:00,1136,4,2,2026-08-26 10:00:00,30,completed,
2447,2026-08-25 12:00:00,1137,3,12,2026-08-27 10:30:00,30,completed,
2448,2026-08-25 12:05:00,1138,5,3,2026-08-26 09:00:00,30,completed,
2449,2026-08-25 12:05:00,1072,4,2,2026-09-03 16:30:00,30,scheduled,Awaiting patient confirmation.
2450,2026-08-25 12:20:00,1139,4,1,2026-08-25 14:00:00,30,cancelled,Patient cancelled in advance; rescheduling was offered.
2451,2026-08-25 12:20:00,1140,2,14,2026-08-27 08:30:00,30,completed,
2452,2026-08-25 13:05:00,1082,6,10,2026-08-26 15:00:00,30,completed,
2453,2026-08-25 13:05:00,83,1,7,2026-09-03 13:30:00,30,confirmed,Appointment confirmed by the patient.
2454,2026-08-25 13:15:00,1095,5,10,2026-08-26 14:00:00,30,completed,
2455,2026-08-25 13:15:00,1052,1,2,2026-08-27 10:30:00,30,completed,
2456,2026-08-25 13:20:00,1141,3,12,2026-08-27 09:00:00,30,completed,
2457,2026-08-25 13:30:00,1142,1,1,2026-08-26 16:30:00,30,completed,
2458,2026-08-25 13:50:00,998,5,3,2026-09-02 14:30:00,30,scheduled,Awaiting patient confirmation.
2459,2026-08-25 14:00:00,1143,3,12,2026-08-25 15:30:00,30,completed,
2460,2026-08-25 14:00:00,49,5,10,2026-09-04 15:30:00,30,scheduled,Awaiting patient confirmation.
2461,2026-08-25 14:15:00,1144,4,1,2026-08-27 08:30:00,30,completed,
2462,2026-08-25 14:15:00,1038,5,7,2026-08-27 11:30:00,30,cancelled,Patient cancelled in advance; rescheduling was offered.
2463,2026-08-25 14:25:00,70,1,4,2026-09-08 12:30:00,30,confirmed,Appointment confirmed by the patient.
2464,2026-08-25 14:35:00,1047,3,1,2026-08-28 14:00:00,30,completed,
2465,2026-08-25 14:45:00,1145,1,3,2026-08-28 10:30:00,30,completed,
2466,2026-08-25 14:55:00,1146,2,2,2026-08-27 08:00:00,30,completed,
2467,2026-08-25 15:00:00,773,6,1,2026-09-04 09:00:00,30,confirmed,Appointment confirmed by the patient.
2468,2026-08-25 15:15:00,1004,1,10,2026-08-27 12:00:00,30,completed,
2469,2026-08-25 15:25:00,1147,2,8,2026-08-27 10:00:00,30,completed,
2470,2026-08-25 15:35:00,1148,6,1,2026-08-26 14:30:00,30,completed,
2471,2026-08-25 15:55:00,1149,1,3,2026-08-26 09:30:00,30,completed,
2472,2026-08-25 16:00:00,707,4,11,2026-09-08 16:00:00,30,scheduled,Awaiting patient confirmation.
2473,2026-08-25 16:40:00,1150,5,3,2026-08-27 09:30:00,30,completed,
2474,2026-08-25 16:50:00,1061,1,7,2026-08-26 08:00:00,30,completed,
2475,2026-08-25 16:50:00,841,4,10,2026-08-27 15:30:00,30,completed,
2476,2026-08-26 08:25:00,1151,5,7,2026-08-27 08:30:00,30,completed,
2477,2026-08-26 08:25:00,833,4,11,2026-08-27 09:30:00,30,completed,
2478,2026-08-26 08:25:00,1056,2,7,2026-08-27 13:30:00,30,completed,
2479,2026-08-26 09:15:00,1152,6,2,2026-08-27 13:00:00,30,completed,
2480,2026-08-26 09:20:00,1153,4,2,2026-08-27 10:30:00,30,completed,
2481,2026-08-26 09:45:00,1048,4,10,2026-08-26 11:00:00,30,completed,
2482,2026-08-26 09:50:00,1154,6,2,2026-08-28 12:00:00,30,completed,
2483,2026-08-26 10:35:00,1105,4,1,2026-08-27 14:00:00,30,completed,
2484,2026-08-26 11:20:00,473,5,1,2026-09-04 14:00:00,30,confirmed,Appointment confirmed by the patient.
2485,2026-08-26 11:25:00,1075,3,4,2026-09-01 12:30:00,30,confirmed,Appointment confirmed by the patient.
2486,2026-08-26 11:35:00,1155,5,1,2026-08-28 16:00:00,30,completed,
2487,2026-08-26 11:45:00,1108,4,10,2026-08-28 14:30:00,30,cancelled,Patient cancelled in advance; rescheduling was offered.
2488,2026-08-26 12:00:00,1156,6,1,2026-08-28 11:30:00,30,completed,
2489,2026-08-26 12:05:00,480,5,1,2026-09-02 11:00:00,30,confirmed,Appointment confirmed by the patient.
2490,2026-08-26 12:05:00,834,2,7,2026-09-07 14:00:00,30,confirmed,Appointment confirmed by the patient.
2491,2026-08-26 12:10:00,768,6,10,2026-09-07 14:00:00,30,confirmed,Appointment confirmed by the patient.
2492,2026-08-26 12:15:00,1157,1,2,2026-08-27 14:00:00,30,completed,
2493,2026-08-26 13:30:00,1013,2,14,2026-08-28 11:00:00,30,completed,
2494,2026-08-26 13:35:00,154,1,10,2026-09-03 15:00:00,30,confirmed,Appointment confirmed by the patient.
2495,2026-08-26 13:55:00,1046,5,3,2026-08-26 14:30:00,30,completed,
2496,2026-08-26 14:15:00,1067,5,10,2026-08-27 10:30:00,30,completed,
2497,2026-08-26 14:35:00,1085,1,8,2026-08-28 09:00:00,30,completed,
2498,2026-08-26 14:35:00,297,5,4,2026-09-09 12:00:00,30,confirmed,Appointment confirmed by the patient.
2499,2026-08-26 14:55:00,1158,5,3,2026-08-27 16:00:00,30,completed,
2500,2026-08-26 15:00:00,419,5,10,2026-09-09 15:00:00,30,confirmed,Appointment confirmed by the patient.
2501,2026-08-26 15:20:00,1046,3,12,2026-08-28 08:00:00,30,completed,
2502,2026-08-26 15:45:00,1104,6,1,2026-09-01 09:30:00,30,confirmed,Appointment confirmed by the patient.
2503,2026-08-26 15:55:00,159,1,3,2026-09-01 09:30:00,30,confirmed,Appointment confirmed by the patient.
2504,2026-08-26 16:00:00,1082,6,10,2026-08-28 11:00:00,30,completed,
2505,2026-08-26 16:40:00,710,3,10,2026-09-09 14:00:00,30,confirmed,Appointment confirmed by the patient.
2506,2026-08-26 16:45:00,865,2,14,2026-09-07 10:30:00,30,confirmed,Appointment confirmed by the patient.
2507,2026-08-26 16:50:00,1159,2,14,2026-08-27 15:30:00,30,completed,
2508,2026-08-26 19:20:00,1160,6,6,2026-08-27 16:00:00,30,completed,
2509,2026-08-27 08:00:00,1161,1,6,2026-08-28 13:00:00,30,completed,
2510,2026-08-27 08:00:00,606,6,10,2026-09-09 11:00:00,30,confirmed,Appointment confirmed by the patient.
2511,2026-08-27 08:40:00,1162,4,2,2026-08-28 11:30:00,30,completed,
2512,2026-08-27 09:25:00,1163,1,4,2026-08-31 11:30:00,30,completed,
2513,2026-08-27 09:35:00,916,5,5,2026-08-27 11:00:00,30,completed,
2514,2026-08-27 09:40:00,722,5,4,2026-09-01 13:00:00,30,scheduled,Awaiting patient confirmation.
2515,2026-08-27 10:10:00,12,5,3,2026-09-09 14:00:00,30,confirmed,Appointment confirmed by the patient.
2516,2026-08-27 10:15:00,301,2,1,2026-09-02 12:00:00,30,confirmed,Appointment confirmed by the patient.
2517,2026-08-27 10:35:00,1009,3,3,2026-09-01 11:00:00,30,confirmed,Appointment confirmed by the patient.
2518,2026-08-27 10:55:00,1164,1,3,2026-08-27 15:00:00,30,completed,
2519,2026-08-27 10:55:00,1165,1,13,2026-08-31 15:00:00,30,completed,
2520,2026-08-27 11:00:00,1147,2,10,2026-08-28 08:00:00,30,completed,
2521,2026-08-27 11:05:00,831,1,3,2026-08-28 16:00:00,30,completed,
2522,2026-08-27 11:35:00,22,5,7,2026-09-07 15:00:00,30,confirmed,Appointment confirmed by the patient.
2523,2026-08-27 12:15:00,698,5,4,2026-08-27 15:00:00,30,completed,
2524,2026-08-27 12:25:00,1166,5,3,2026-08-28 10:30:00,30,completed,
2525,2026-08-27 12:35:00,674,3,12,2026-09-02 08:00:00,30,confirmed,Appointment confirmed by the patient.
2526,2026-08-27 12:40:00,1005,1,4,2026-08-28 11:30:00,30,no_show,Patient did not attend; follow-up contact is required.
2527,2026-08-27 12:50:00,278,5,10,2026-09-09 11:30:00,30,confirmed,Appointment confirmed by the patient.
2528,2026-08-27 13:00:00,642,1,8,2026-09-10 09:00:00,30,confirmed,Appointment confirmed by the patient.
2529,2026-08-27 13:05:00,478,3,10,2026-09-08 13:00:00,30,confirmed,Appointment confirmed by the patient.
2530,2026-08-27 13:15:00,835,4,11,2026-08-27 16:00:00,30,completed,
2531,2026-08-27 13:30:00,1167,6,9,2026-08-28 16:00:00,30,completed,
2532,2026-08-27 14:05:00,1168,2,7,2026-08-28 14:00:00,30,cancelled,Patient cancelled in advance; rescheduling was offered.
2533,2026-08-27 14:35:00,876,5,10,2026-09-10 10:30:00,30,scheduled,Awaiting patient confirmation.
2534,2026-08-27 14:55:00,107,4,11,2026-09-10 14:00:00,30,confirmed,Appointment confirmed by the patient.
2535,2026-08-27 15:00:00,1169,4,2,2026-08-27 16:30:00,30,cancelled,Patient cancelled in advance; rescheduling was offered.
2536,2026-08-27 15:10:00,750,4,10,2026-09-07 10:00:00,30,confirmed,Appointment confirmed by the patient.
2537,2026-08-27 15:45:00,1170,2,8,2026-08-28 08:30:00,30,completed,
2538,2026-08-27 16:15:00,50,1,14,2026-09-03 08:30:00,30,scheduled,Awaiting patient confirmation.
2539,2026-08-27 16:20:00,1171,5,4,2026-08-28 14:30:00,30,completed,
2540,2026-08-27 16:20:00,155,5,10,2026-09-07 09:00:00,30,scheduled,Awaiting patient confirmation.
2541,2026-08-27 17:35:00,1031,5,10,2026-09-04 16:30:00,30,scheduled,Awaiting patient confirmation.
2542,2026-08-27 18:45:00,1172,6,6,2026-08-28 10:00:00,30,completed,
2543,2026-08-27 20:00:00,678,3,4,2026-09-10 10:30:00,30,confirmed,Appointment confirmed by the patient.
2544,2026-08-28 08:05:00,1027,6,1,2026-08-28 13:30:00,30,completed,
2545,2026-08-28 08:05:00,423,1,10,2026-09-07 15:30:00,30,confirmed,Appointment confirmed by the patient.
2546,2026-08-28 08:10:00,930,6,9,2026-09-08 15:00:00,30,scheduled,Awaiting patient confirmation.
2547,2026-08-28 08:15:00,830,3,12,2026-09-09 08:30:00,30,scheduled,Awaiting patient confirmation.
2548,2026-08-28 08:20:00,1173,5,7,2026-08-31 12:00:00,30,completed,
2549,2026-08-28 08:25:00,442,5,4,2026-09-09 12:30:00,30,confirmed,Appointment confirmed by the patient.
2550,2026-08-28 08:35:00,1174,6,6,2026-08-28 14:30:00,30,completed,
2551,2026-08-28 08:40:00,1175,4,2,2026-09-02 16:00:00,30,confirmed,Appointment confirmed by the patient.
2552,2026-08-28 08:50:00,1150,5,10,2026-08-28 10:00:00,30,completed,
2553,2026-08-28 09:00:00,216,3,10,2026-09-10 16:00:00,30,scheduled,Awaiting patient confirmation.
2554,2026-08-28 09:10:00,609,4,1,2026-09-08 08:00:00,30,confirmed,Appointment confirmed by the patient.
2555,2026-08-28 09:45:00,1120,5,1,2026-08-28 12:30:00,30,completed,
2556,2026-08-28 09:55:00,953,5,7,2026-09-07 09:30:00,30,scheduled,Awaiting patient confirmation.
2557,2026-08-28 10:00:00,1103,2,10,2026-08-28 15:30:00,30,completed,
2558,2026-08-28 10:20:00,1110,2,8,2026-08-31 10:30:00,30,completed,
2559,2026-08-28 10:25:00,1150,5,1,2026-08-31 08:00:00,30,completed,
2560,2026-08-28 10:25:00,1176,4,1,2026-08-31 13:30:00,30,completed,
2561,2026-08-28 10:40:00,806,1,14,2026-09-08 08:30:00,30,confirmed,Appointment confirmed by the patient.
2562,2026-08-28 10:50:00,1177,1,1,2026-08-31 10:00:00,30,completed,
2563,2026-08-28 10:50:00,646,1,7,2026-09-07 16:00:00,30,scheduled,Awaiting patient confirmation.
2564,2026-08-28 11:10:00,74,2,1,2026-09-09 10:30:00,30,scheduled,Awaiting patient confirmation.
2565,2026-08-28 11:10:00,668,5,8,2026-09-09 15:30:00,30,confirmed,Appointment confirmed by the patient.
2566,2026-08-28 11:15:00,1178,4,2,2026-08-31 11:30:00,30,completed,
2567,2026-08-28 11:35:00,1179,3,3,2026-08-31 16:00:00,30,completed,
2568,2026-08-28 11:50:00,1073,6,1,2026-08-28 14:00:00,30,completed,
2569,2026-08-28 11:55:00,89,4,10,2026-09-11 11:00:00,30,confirmed,Appointment confirmed by the patient.
2570,2026-08-28 12:15:00,1180,6,1,2026-08-28 15:00:00,30,completed,
2571,2026-08-28 12:15:00,981,4,2,2026-09-10 15:30:00,30,confirmed,Appointment confirmed by the patient.
2572,2026-08-28 12:30:00,949,3,3,2026-08-28 16:00:00,30,completed,
2573,2026-08-28 12:40:00,1181,5,3,2026-08-28 15:00:00,30,completed,
2574,2026-08-28 12:50:00,222,2,14,2026-09-11 10:30:00,30,confirmed,Appointment confirmed by the patient.
2575,2026-08-28 13:15:00,182,2,7,2026-09-11 08:00:00,30,confirmed,Appointment confirmed by the patient.
2576,2026-08-28 13:25:00,51,2,7,2026-09-10 14:00:00,30,confirmed,Appointment confirmed by the patient.
2577,2026-08-28 13:45:00,1182,1,9,2026-08-31 14:00:00,30,completed,
2578,2026-08-28 14:00:00,855,5,10,2026-09-04 14:30:00,30,scheduled,Awaiting patient confirmation.
2579,2026-08-28 14:15:00,188,4,10,2026-09-08 11:00:00,30,scheduled,Awaiting patient confirmation.
2580,2026-08-28 14:50:00,124,6,10,2026-09-03 09:00:00,30,confirmed,Appointment confirmed by the patient.
2581,2026-08-28 15:30:00,264,6,9,2026-09-08 13:30:00,30,scheduled,Awaiting patient confirmation.
2582,2026-08-28 15:45:00,809,1,8,2026-09-07 08:30:00,30,confirmed,Appointment confirmed by the patient.
2583,2026-08-28 15:50:00,1183,1,1,2026-08-31 11:00:00,30,completed,
2584,2026-08-28 16:00:00,385,4,2,2026-09-03 08:30:00,30,confirmed,Appointment confirmed by the patient.
2585,2026-08-28 16:00:00,931,1,4,2026-09-09 13:30:00,30,confirmed,Appointment confirmed by the patient.
2586,2026-08-28 16:10:00,537,2,10,2026-09-10 08:00:00,30,confirmed,Appointment confirmed by the patient.
2587,2026-08-28 16:35:00,1167,6,15,2026-08-31 08:00:00,30,completed,
2588,2026-08-28 16:35:00,1184,1,14,2026-08-31 08:30:00,30,completed,
2589,2026-08-28 16:50:00,172,5,7,2026-09-01 15:30:00,30,confirmed,Appointment confirmed by the patient.
2590,2026-08-28 19:40:00,1185,3,12,2026-08-31 10:30:00,30,completed,
2591,2026-08-28 20:00:00,720,2,7,2026-09-04 08:00:00,30,confirmed,Appointment confirmed by the patient.
2592,2026-08-29 08:00:00,846,3,3,2026-09-10 14:00:00,30,scheduled,Awaiting patient confirmation.
2593,2026-08-29 08:05:00,1108,4,1,2026-08-31 09:00:00,30,completed,
2594,2026-08-29 09:50:00,945,1,3,2026-08-31 13:00:00,30,completed,
2595,2026-08-29 10:15:00,1186,4,2,2026-09-03 15:30:00,30,confirmed,Appointment confirmed by the patient.
2596,2026-08-29 11:10:00,1187,2,7,2026-08-31 15:30:00,30,completed,
2597,2026-08-29 15:15:00,1143,1,3,2026-09-07 13:30:00,30,scheduled,Awaiting patient confirmation.
2598,2026-08-29 16:50:00,917,5,4,2026-09-07 11:30:00,30,scheduled,Awaiting patient confirmation.
2599,2026-08-29 17:20:00,959,5,3,2026-09-04 09:30:00,30,confirmed,Appointment confirmed by the patient.
2600,2026-08-29 17:35:00,1188,4,2,2026-09-07 13:30:00,30,confirmed,Appointment confirmed by the patient.
2601,2026-08-29 19:35:00,901,3,3,2026-09-10 11:30:00,30,confirmed,Appointment confirmed by the patient.
2602,2026-08-30 07:10:00,979,5,7,2026-09-10 14:30:00,30,confirmed,Appointment confirmed by the patient.
2603,2026-08-30 07:15:00,1041,6,10,2026-09-11 16:30:00,30,confirmed,Appointment confirmed by the patient.
2604,2026-08-30 11:50:00,645,2,1,2026-09-10 08:30:00,30,confirmed,Appointment confirmed by the patient.
2605,2026-08-30 12:10:00,1092,4,1,2026-09-09 14:30:00,30,confirmed,Appointment confirmed by the patient.
2606,2026-08-30 12:15:00,139,3,10,2026-09-03 11:30:00,30,confirmed,Appointment confirmed by the patient.
2607,2026-08-30 13:10:00,754,6,1,2026-09-09 11:30:00,30,scheduled,Awaiting patient confirmation.
2608,2026-08-30 15:50:00,448,1,7,2026-09-07 14:30:00,30,confirmed,Appointment confirmed by the patient.
2609,2026-08-30 16:40:00,294,1,10,2026-09-02 12:00:00,30,confirmed,Appointment confirmed by the patient.
2610,2026-08-30 18:45:00,1156,3,3,2026-09-01 15:30:00,30,scheduled,Awaiting patient confirmation.
2611,2026-08-30 20:50:00,1113,2,7,2026-09-08 11:00:00,30,confirmed,Appointment confirmed by the patient.
2612,2026-08-31 08:10:00,1135,2,7,2026-09-14 08:00:00,30,confirmed,Appointment confirmed by the patient.
2613,2026-08-31 08:15:00,1126,1,7,2026-09-11 14:00:00,30,confirmed,Appointment confirmed by the patient.
2614,2026-08-31 08:35:00,608,3,10,2026-09-03 08:30:00,30,confirmed,Appointment confirmed by the patient.
2615,2026-08-31 08:35:00,851,3,3,2026-09-14 08:00:00,30,confirmed,Appointment confirmed by the patient.
2616,2026-08-31 08:45:00,1107,6,10,2026-09-11 11:00:00,30,scheduled,Awaiting patient confirmation.
2617,2026-08-31 08:50:00,1137,3,12,2026-09-04 10:30:00,30,confirmed,Appointment confirmed by the patient.
2618,2026-08-31 09:00:00,1051,1,14,2026-09-04 08:30:00,30,confirmed,Appointment confirmed by the patient.
2619,2026-08-31 09:05:00,1149,2,7,2026-09-08 15:00:00,30,scheduled,Awaiting patient confirmation.
2620,2026-08-31 09:05:00,1189,4,5,2026-09-10 16:00:00,30,scheduled,Awaiting patient confirmation.
2621,2026-08-31 09:10:00,112,5,10,2026-09-10 13:30:00,30,confirmed,Appointment confirmed by the patient.
2622,2026-08-31 09:15:00,664,1,3,2026-09-07 10:30:00,30,confirmed,Appointment confirmed by the patient.
2623,2026-08-31 09:15:00,1190,4,5,2026-09-09 16:00:00,30,confirmed,Appointment confirmed by the patient.
2624,2026-08-31 09:15:00,1121,2,10,2026-09-11 13:30:00,30,confirmed,Appointment confirmed by the patient.
2625,2026-08-31 09:15:00,226,5,3,2026-09-11 15:30:00,30,confirmed,Appointment confirmed by the patient.
2626,2026-08-31 09:15:00,964,1,3,2026-09-14 08:30:00,30,scheduled,Awaiting patient confirmation.
2627,2026-08-31 09:20:00,160,6,10,2026-09-14 09:00:00,30,confirmed,Appointment confirmed by the patient.
2628,2026-08-31 09:25:00,1140,2,1,2026-09-07 13:30:00,30,scheduled,Awaiting patient confirmation.
2629,2026-08-31 09:25:00,481,5,4,2026-09-07 16:00:00,30,confirmed,Appointment confirmed by the patient.
2630,2026-08-31 09:25:00,1101,6,10,2026-09-10 08:30:00,30,scheduled,Awaiting patient confirmation.
2631,2026-08-31 09:30:00,1191,4,2,2026-09-09 09:00:00,30,confirmed,Appointment confirmed by the patient.
2632,2026-08-31 09:30:00,140,5,10,2026-09-14 09:30:00,30,confirmed,Appointment confirmed by the patient.
2633,2026-08-31 09:35:00,331,3,3,2026-09-08 11:00:00,30,confirmed,Appointment confirmed by the patient.
2634,2026-08-31 09:40:00,627,3,10,2026-09-11 15:00:00,30,confirmed,Appointment confirmed by the patient.
2635,2026-08-31 09:45:00,1192,2,7,2026-09-08 09:30:00,30,scheduled,Awaiting patient confirmation.
2636,2026-08-31 09:45:00,176,4,2,2026-09-11 16:00:00,30,confirmed,Appointment confirmed by the patient.
2637,2026-08-31 09:50:00,459,3,3,2026-09-02 13:30:00,30,confirmed,Appointment confirmed by the patient.
2638,2026-08-31 09:55:00,702,4,2,2026-09-10 11:00:00,30,confirmed,Appointment confirmed by the patient.
2639,2026-08-31 09:55:00,1167,6,10,2026-09-10 11:30:00,30,scheduled,Awaiting patient confirmation.
2640,2026-08-31 10:00:00,1061,5,7,2026-09-14 08:00:00,30,confirmed,Appointment confirmed by the patient.
2641,2026-08-31 10:05:00,1161,1,10,2026-09-07 12:00:00,30,confirmed,Appointment confirmed by the patient.
2642,2026-08-31 10:15:00,1193,5,6,2026-09-01 08:00:00,30,scheduled,Awaiting patient confirmation.
2643,2026-08-31 10:30:00,1060,5,10,2026-09-04 15:00:00,30,confirmed,Appointment confirmed by the patient.
2644,2026-08-31 10:30:00,28,4,11,2026-09-14 09:00:00,30,confirmed,Appointment confirmed by the patient.
2645,2026-08-31 10:30:00,169,4,11,2026-09-14 10:30:00,30,confirmed,Appointment confirmed by the patient.
2646,2026-08-31 10:35:00,857,4,10,2026-09-08 15:30:00,30,confirmed,Appointment confirmed by the patient.
2647,2026-08-31 10:35:00,603,4,10,2026-09-14 10:00:00,30,scheduled,Awaiting patient confirmation.
2648,2026-08-31 10:40:00,1032,4,11,2026-09-07 14:00:00,30,scheduled,Awaiting patient confirmation.
2649,2026-08-31 10:55:00,1078,6,10,2026-09-07 15:30:00,30,confirmed,Appointment confirmed by the patient.
2650,2026-08-31 11:00:00,485,5,10,2026-09-03 11:30:00,30,confirmed,Appointment confirmed by the patient.
2651,2026-08-31 11:00:00,449,5,10,2026-09-08 11:00:00,30,confirmed,Appointment confirmed by the patient.
2652,2026-08-31 11:10:00,957,4,2,2026-09-04 14:30:00,30,confirmed,Appointment confirmed by the patient.
2653,2026-08-31 11:20:00,1057,3,1,2026-09-03 14:30:00,30,confirmed,Appointment confirmed by the patient.
2654,2026-08-31 11:20:00,654,2,10,2026-09-14 09:30:00,30,scheduled,Awaiting patient confirmation.
2655,2026-08-31 11:30:00,1014,3,1,2026-09-02 13:00:00,30,confirmed,Appointment confirmed by the patient.
2656,2026-08-31 11:30:00,968,2,8,2026-09-14 10:00:00,30,confirmed,Appointment confirmed by the patient.
2657,2026-08-31 11:35:00,35,6,10,2026-09-03 11:00:00,30,scheduled,Awaiting patient confirmation.
2658,2026-08-31 11:50:00,1194,5,7,2026-09-14 11:30:00,30,scheduled,Awaiting patient confirmation.
2659,2026-08-31 11:55:00,1096,1,3,2026-09-01 13:30:00,30,scheduled,Awaiting patient confirmation.
2660,2026-08-31 11:55:00,969,1,14,2026-09-08 14:00:00,30,confirmed,Appointment confirmed by the patient.
2661,2026-08-31 12:00:00,196,2,14,2026-09-01 10:30:00,30,scheduled,Awaiting patient confirmation.
2662,2026-08-31 12:00:00,1170,2,10,2026-09-03 10:00:00,30,confirmed,Appointment confirmed by the patient.
2663,2026-08-31 12:05:00,33,6,10,2026-09-08 10:30:00,30,confirmed,Appointment confirmed by the patient.
2664,2026-08-31 12:05:00,564,4,1,2026-09-11 08:00:00,30,confirmed,Appointment confirmed by the patient.
2665,2026-08-31 12:05:00,1141,6,10,2026-09-11 09:00:00,30,confirmed,Appointment confirmed by the patient.
2666,2026-08-31 12:10:00,1042,5,10,2026-09-11 16:30:00,30,scheduled,Awaiting patient confirmation.
2667,2026-08-31 12:15:00,1178,4,10,2026-09-02 14:00:00,30,confirmed,Appointment confirmed by the patient.
2668,2026-08-31 12:20:00,1134,2,8,2026-09-10 09:00:00,30,confirmed,Appointment confirmed by the patient.
2669,2026-08-31 12:30:00,907,1,14,2026-09-11 11:00:00,30,confirmed,Appointment confirmed by the patient.
2670,2026-08-31 12:35:00,605,1,10,2026-09-10 10:30:00,30,confirmed,Appointment confirmed by the patient.
2671,2026-08-31 12:40:00,724,4,11,2026-09-09 08:00:00,30,confirmed,Appointment confirmed by the patient.
2672,2026-08-31 12:40:00,471,3,4,2026-09-11 14:30:00,30,confirmed,Appointment confirmed by the patient.
2673,2026-08-31 12:55:00,1195,1,1,2026-09-07 11:30:00,30,scheduled,Awaiting patient confirmation.
2674,2026-08-31 12:55:00,1172,5,7,2026-09-08 08:30:00,30,confirmed,Appointment confirmed by the patient.
2675,2026-08-31 13:00:00,1196,3,1,2026-09-03 10:00:00,30,confirmed,Appointment confirmed by the patient.
2676,2026-08-31 13:00:00,1180,6,1,2026-09-04 08:00:00,30,scheduled,Awaiting patient confirmation.
2677,2026-08-31 13:05:00,769,2,7,2026-09-09 12:00:00,30,confirmed,Appointment confirmed by the patient.
2678,2026-08-31 13:10:00,375,4,10,2026-09-10 14:30:00,30,confirmed,Appointment confirmed by the patient.
2679,2026-08-31 13:10:00,135,5,10,2026-09-14 10:30:00,30,scheduled,Awaiting patient confirmation.
2680,2026-08-31 13:20:00,284,5,3,2026-09-11 08:00:00,30,confirmed,Appointment confirmed by the patient.
2681,2026-08-31 13:20:00,88,2,8,2026-09-11 14:00:00,30,confirmed,Appointment confirmed by the patient.
2682,2026-08-31 13:25:00,1169,4,2,2026-09-09 08:30:00,30,confirmed,Appointment confirmed by the patient.
2683,2026-08-31 13:30:00,899,4,10,2026-09-10 15:00:00,30,scheduled,Awaiting patient confirmation.
2684,2026-08-31 13:30:00,743,6,10,2026-09-14 10:00:00,30,confirmed,Appointment confirmed by the patient.
2685,2026-08-31 13:40:00,861,5,10,2026-09-11 15:00:00,30,confirmed,Appointment confirmed by the patient.
2686,2026-08-31 13:45:00,1164,1,10,2026-09-11 15:00:00,30,scheduled,Awaiting patient confirmation.
2687,2026-08-31 13:50:00,1197,1,8,2026-09-02 10:00:00,30,scheduled,Awaiting patient confirmation.
2688,2026-08-31 13:55:00,625,1,10,2026-09-14 12:30:00,30,confirmed,Appointment confirmed by the patient.
2689,2026-08-31 13:55:00,233,5,7,2026-09-14 13:30:00,30,scheduled,Awaiting patient confirmation.
2690,2026-08-31 14:05:00,581,3,3,2026-09-04 16:00:00,30,confirmed,Appointment confirmed by the patient.
2691,2026-08-31 14:20:00,1157,1,3,2026-09-14 11:30:00,30,confirmed,Appointment confirmed by the patient.
2692,2026-08-31 14:25:00,1148,2,8,2026-09-01 08:00:00,30,scheduled,Awaiting patient confirmation.
2693,2026-08-31 14:25:00,887,2,7,2026-09-09 08:30:00,30,scheduled,Awaiting patient confirmation.
2694,2026-08-31 14:30:00,277,2,10,2026-09-07 13:00:00,30,confirmed,Appointment confirmed by the patient.
2695,2026-08-31 14:35:00,877,5,7,2026-09-09 10:00:00,30,confirmed,Appointment confirmed by the patient.
2696,2026-08-31 14:40:00,1053,6,9,2026-09-14 14:00:00,30,confirmed,Appointment confirmed by the patient.
2697,2026-08-31 14:50:00,1130,6,10,2026-09-03 12:00:00,30,confirmed,Appointment confirmed by the patient.
2698,2026-08-31 14:55:00,613,1,8,2026-09-09 09:00:00,30,scheduled,Awaiting patient confirmation.
2699,2026-08-31 15:00:00,215,3,3,2026-09-14 09:00:00,30,confirmed,Appointment confirmed by the patient.
2700,2026-08-31 15:05:00,784,3,10,2026-09-02 11:30:00,30,scheduled,Awaiting patient confirmation.
2701,2026-08-31 15:15:00,1159,1,8,2026-09-11 09:00:00,30,scheduled,Awaiting patient confirmation.
2702,2026-08-31 15:15:00,653,1,10,2026-09-14 08:00:00,30,confirmed,Appointment confirmed by the patient.
2703,2026-08-31 15:20:00,314,4,11,2026-09-08 14:30:00,30,confirmed,Appointment confirmed by the patient.
2704,2026-08-31 15:25:00,1118,6,2,2026-09-09 15:00:00,30,confirmed,Appointment confirmed by the patient.
2705,2026-08-31 15:25:00,1198,3,1,2026-09-10 12:30:00,30,scheduled,Awaiting patient confirmation.
2706,2026-08-31 15:40:00,1199,3,3,2026-09-08 13:30:00,30,confirmed,Appointment confirmed by the patient.
2707,2026-08-31 15:40:00,312,6,10,2026-09-14 15:00:00,30,scheduled,Awaiting patient confirmation.
2708,2026-08-31 15:45:00,1187,3,1,2026-09-07 12:30:00,30,confirmed,Appointment confirmed by the patient.
2709,2026-08-31 15:45:00,1022,1,7,2026-09-14 14:00:00,30,confirmed,Appointment confirmed by the patient.
2710,2026-08-31 15:50:00,1007,3,10,2026-09-04 12:30:00,30,scheduled,Awaiting patient confirmation.
2711,2026-08-31 15:50:00,911,2,14,2026-09-11 09:00:00,30,scheduled,Awaiting patient confirmation.
2712,2026-08-31 15:55:00,1082,2,14,2026-09-01 14:00:00,30,scheduled,Awaiting patient confirmation.
2713,2026-08-31 15:55:00,1056,2,10,2026-09-02 11:30:00,30,scheduled,Awaiting patient confirmation.
2714,2026-08-31 16:00:00,1021,5,10,2026-09-02 13:30:00,30,scheduled,Awaiting patient confirmation.
2715,2026-08-31 16:00:00,568,4,10,2026-09-03 08:00:00,30,confirmed,Appointment confirmed by the patient.
2716,2026-08-31 16:00:00,977,4,11,2026-09-03 15:00:00,30,confirmed,Appointment confirmed by the patient.
2717,2026-08-31 16:00:00,393,6,15,2026-09-09 09:00:00,30,confirmed,Appointment confirmed by the patient.
2718,2026-08-31 16:05:00,1200,1,1,2026-09-01 09:00:00,30,scheduled,Awaiting patient confirmation.
2719,2026-08-31 16:10:00,509,3,12,2026-09-07 09:00:00,30,confirmed,Appointment confirmed by the patient.
2720,2026-08-31 16:15:00,848,6,10,2026-09-11 10:00:00,30,confirmed,Appointment confirmed by the patient.
2721,2026-08-31 16:20:00,262,1,3,2026-09-14 15:00:00,30,scheduled,Awaiting patient confirmation.
2722,2026-08-31 16:30:00,1035,5,3,2026-09-08 09:30:00,30,confirmed,Appointment confirmed by the patient.
2723,2026-08-31 16:30:00,1153,4,11,2026-09-08 11:30:00,30,scheduled,Awaiting patient confirmation.
2724,2026-08-31 16:30:00,867,2,7,2026-09-08 13:30:00,30,confirmed,Appointment confirmed by the patient.
2725,2026-08-31 16:30:00,389,6,10,2026-09-10 12:30:00,30,confirmed,Appointment confirmed by the patient.
2726,2026-08-31 16:40:00,791,1,10,2026-09-11 10:30:00,30,scheduled,Awaiting patient confirmation.
2727,2026-08-31 16:45:00,1179,3,4,2026-09-03 13:30:00,30,confirmed,Appointment confirmed by the patient.
2728,2026-08-31 16:55:00,1028,5,10,2026-09-09 11:00:00,30,scheduled,Awaiting patient confirmation.
2729,2026-08-31 16:55:00,936,1,14,2026-09-11 15:30:00,30,scheduled,Awaiting patient confirmation.
2730,2026-08-31 16:55:00,1100,1,8,2026-09-14 10:00:00,30,scheduled,Awaiting patient confirmation.
2731,2026-08-31 17:20:00,1160,6,10,2026-09-02 16:30:00,30,scheduled,Awaiting patient confirmation.
2732,2026-08-31 18:50:00,1116,2,14,2026-09-10 10:30:00,30,confirmed,Appointment confirmed by the patient.
