id,role,first_name,last_name,phone_number,email,password_hash,registration_date,is_active
2,admin,Olena,Tkachenko,+380677014221,olena.tkachenko2@dentalcrm.test,$2b$12$JQIrL5NESxG9hGtOszgl3nspcJg9tnhPJQIrL5NESxG9hGtOszgl3,2026-04-20 09:15:00,t
3,admin,Viktoriia,Petrenko,+380986048261,viktoriia.petrenko3@dentalcrm.test,$2b$12$7pwk6/gDE8CicIS6Afqa5L8nmroXedOx7pwk6/gDE8CicIS6Afqa5,2026-04-22 11:30:00,t
4,doctor,Oleksandr,Koval,+380978408712,oleksandr.koval4@dentalcrm.test,$2b$12$qPGHqp4pOedGFJ/bEieCMi6szqkdDCTQqPGHqp4pOedGFJ/bEieCM,2026-04-24 09:00:00,t
5,doctor,Iryna,Melnyk,+380955592137,iryna.melnyk5@dentalcrm.test,$2b$12$xiXWQtpLB7zpRpcea5R8qvhYPs1K/CZrxiXWQtpLB7zpRpcea5R8q,2026-04-25 10:00:00,t
6,doctor,Nataliia,Bondarenko,+380990422488,nataliia.bondarenko6@dentalcrm.test,$2b$12$aMMe1Gq.9lhF5.py2SzygSVVq4k/C7ccaMMe1Gq.9lhF5.py2Szyg,2026-04-26 11:00:00,t
7,doctor,Andrii,Romanenko,+380976523122,andrii.romanenko7@dentalcrm.test,$2b$12$Wx0QXz6lgU9/gHtjG3o3li6VdIhdGTsgWx0QXz6lgU9/gHtjG3o3l,2026-04-27 09:00:00,t
8,doctor,Kateryna,Lysenko,+380660784678,kateryna.lysenko8@dentalcrm.test,$2b$12$sCrA8aQpCKckJ3Mo7gr2K/RJhyYSPWy/sCrA8aQpCKckJ3Mo7gr2K,2026-04-28 10:00:00,t
9,doctor,Dmytro,Savchenko,+380679659959,dmytro.savchenko9@dentalcrm.test,$2b$12$/6brBSyxKvJlgHnS07ugnIiwm5ShhcFP/6brBSyxKvJlgHnS07ugn,2026-04-29 11:00:00,t
10,patient,Olena,Kyrylenko,+380507328757,olena.kyrylenko.1140@gmail.test,$2b$12$vpm8GQhywojIrwwoXZWvZIR1gS8rk97rvpm8GQhywojIrwwoXZWvZ,2026-05-01 10:40:00,t
11,patient,Maryna,Petrenko,+380506947539,maryna.petrenko.440@gmail.test,$2b$12$LopmxYdqn1FY1DqR7TOXgpfx1ZZ7zxYGLopmxYdqn1FY1DqR7TOXg,2026-05-01 13:20:00,t
12,patient,Danylo,Kolesnyk,+380508217562,patient_12@example.local,$2b$12$YFkc/YE.PGp2EI1.tZqn.tzPfy/PA/pwYFkc/YE.PGp2EI1.tZqn.,2026-05-01 14:35:00,t
13,patient,Artem,Zadorozhnyi,+380635788995,artem.zadorozhnyi.257@gmail.test,$2b$12$ZcrPnlhITSD1mtQvqYsz7kao.nyL9GPVZcrPnlhITSD1mtQvqYsz7,2026-05-01 14:40:00,t
14,patient,Nataliia,Lazarenko,+380996438250,nataliia.lazarenko.247@ukrnet.test,$2b$12$a4oB0Y03FScNADkiChjYDAkxN29osRjTa4oB0Y03FScNADkiChjYD,2026-05-01 14:40:00,t
15,patient,Liudmyla,Kharchenko,+380927224778,liudmyla.kharchenko.996@gmail.test,$2b$12$sfFyKM9O1YbYBX6J9dqLLrowtf3DOIpdsfFyKM9O1YbYBX6J9dqLL,2026-05-01 15:00:00,t
16,patient,Oleksandr,Chernenko,+380503140350,oleksandr.chernenko.592@proton.test,$2b$12$WKPxJBHlriBfeqMuMU.e4vXL.6opdqZTWKPxJBHlriBfeqMuMU.e4,2026-05-01 15:20:00,t
17,patient,Solomiia,Hordiienko,+380977368732,solomiia.hordiienko.760@gmail.test,$2b$12$8rTdy0KdvV0yiK7BX0Pag715EZ7G7OR/8rTdy0KdvV0yiK7BX0Pag,2026-05-01 15:20:00,t
18,patient,Ruslan,Zakharchenko,+380929862953,patient_18@example.local,$2b$12$/gJfgFQl0C1eMRZW85SObQn.H3dGd56w/gJfgFQl0C1eMRZW85SOb,2026-05-01 16:10:00,t
19,patient,Mariia,Hnatiuk,+380957587220,mariia.hnatiuk.1043@gmail.test,$2b$12$GKvycpNaLnNb6C.PueLdu7ufXgg6iTPgGKvycpNaLnNb6C.PueLdu,2026-05-01 16:20:00,t
20,patient,Mykhailo,Tymoshenko,+380734326357,mykhailo.tymoshenko.606@gmail.test,$2b$12$68hBxWhg1aTHsuNDC4dOTCnwivkAjXUB68hBxWhg1aTHsuNDC4dOT,2026-05-01 16:35:00,t
21,patient,Vadym,Ostapenko,+380736289107,vadym.ostapenko.41@gmail.test,$2b$12$1GdIxBFWE6KSdd3FSM0d9ay0kj/Rz3CX1GdIxBFWE6KSdd3FSM0d9,2026-05-04 08:50:00,t
22,patient,Polina,Levchenko,+380935010361,polina.levchenko.296@gmail.test,$2b$12$jfUfzw9XvvtJihysqh3w./K5E5Vhv7CZjfUfzw9XvvtJihysqh3w.,2026-05-04 09:10:00,t
23,patient,Anna,Savchenko,+380927670602,anna.savchenko.963@gmail.test,$2b$12$r2TK81AVFsfJ5.rh5IOIs6X9Le/S9Y8mr2TK81AVFsfJ5.rh5IOIs,2026-05-04 10:30:00,t
24,patient,Stepan,Marchenko,+380509965173,stepan.marchenko.348@gmail.test,$2b$12$gEcHRXxYIU2TsrYOhOk9xVFgtZrz/J3BgEcHRXxYIU2TsrYOhOk9x,2026-05-04 10:35:00,t
25,patient,Yana,Buriak,+380669860324,iana.buriak.998@ukrnet.test,$2b$12$COOdeRRlA3PkBUeSzerOYMGkSnhNSt2SCOOdeRRlA3PkBUeSzerOY,2026-05-04 10:40:00,t
26,patient,Solomiia,Malyshko,+380967969077,solomiia.malyshko.1165@outlook.test,$2b$12$v2A8lnET0ItUNxAfcnx9FzoZw.sNWwQAv2A8lnET0ItUNxAfcnx9F,2026-05-04 10:45:00,t
27,patient,Taras,Kravchenko,+380967073719,taras.kravchenko.450@outlook.test,$2b$12$K3ZE1.nVTEes1ux2w1k1oTzw/A3JzLIaK3ZE1.nVTEes1ux2w1k1o,2026-05-04 13:50:00,t
28,patient,Artem,Ivanenko,+380968459214,artem.ivanenko.163@gmail.test,$2b$12$K5LhPfD7cNq7RMy/HJeezC0yUdUx7WPAK5LhPfD7cNq7RMy/HJeez,2026-05-04 13:55:00,t
29,patient,Roman,Polishchuk,+380927803112,roman.polishchuk.572@gmail.test,$2b$12$e0mPxPCRYJBk3nxqPuQxi2lVKS0v81Eme0mPxPCRYJBk3nxqPuQxi,2026-05-04 15:10:00,t
30,patient,Bohdana,Martyniuk,+380682849315,bohdana.martyniuk.1117@ukrnet.test,$2b$12$g4ALF4Ic2GLAbTaFUNhRPLyIv98Ld3vfg4ALF4Ic2GLAbTaFUNhRP,2026-05-04 15:25:00,t
31,patient,Sofiia,Savchenko,+380663379507,sofiia.savchenko.114@icloud.test,$2b$12$b4rUbtUuhoq2nnaAHLsX85SvH3qgid2Gb4rUbtUuhoq2nnaAHLsX8,2026-05-04 15:30:00,t
32,patient,Zoriana,Demchenko,+380919284267,zoriana.demchenko.646@gmail.test,$2b$12$pUZ/m6NUCOsJs.WHMt/yAPK29Sx.sEvapUZ/m6NUCOsJs.WHMt/yA,2026-05-04 15:40:00,t
33,patient,Artur,Yurchenko,+380942290288,artur.iurchenko.160@gmail.test,$2b$12$v820YfvbWJd7pY0lQzaVa657poz.9DlSv820YfvbWJd7pY0lQzaVa,2026-05-04 16:50:00,t
34,patient,Sofiia,Sydorenko,+380689577554,sofiia.sydorenko.28@icloud.test,$2b$12$vCqeCH7s0RgCDzLRuCxqSXx3jB3YPIZ4vCqeCH7s0RgCDzLRuCxqS,2026-05-04 16:50:00,t
35,patient,Kyrylo,Serdiuk,+380739379677,kyrylo.serdiuk.332@gmail.test,$2b$12$OlzZ2lBzFOeEX5YNl9XECJ5Lt3jU8vjCOlzZ2lBzFOeEX5YNl9XEC,2026-05-05 08:25:00,t
36,patient,Myroslava,Doroshenko,+380997006550,patient_36@example.local,$2b$12$RSSnTypfjyTFyHVvVPdVrsXxl37CTRG7RSSnTypfjyTFyHVvVPdVr,2026-05-05 09:10:00,t
37,patient,Serhii,Chernenko,+380946140625,serhii.chernenko.23@gmail.test,$2b$12$ifEb9YfL7nIRlXUF4MrSIjjj7VupStSKifEb9YfL7nIRlXUF4MrSI,2026-05-05 09:30:00,t
38,patient,Myroslava,Prykhodko,+380926491679,patient_38@example.local,$2b$12$5WuHylw6A85xgjc2xE27bkzM2Ocf5aaq5WuHylw6A85xgjc2xE27b,2026-05-05 09:35:00,t
39,patient,Liubov,Babenko,+380737272332,patient_39@example.local,$2b$12$xYCMmx9sJqPaYF/IANrHtP6i3xKSwJCixYCMmx9sJqPaYF/IANrHt,2026-05-05 10:15:00,t
40,patient,Volodymyr,Nechyporenko,+380673797237,volodymyr.nechyporenko.385@gmail.test,$2b$12$cwtzVu1U1qHbhTdPM1yoG73ik/cgFYwycwtzVu1U1qHbhTdPM1yoG,2026-05-05 11:15:00,t
41,patient,Lesia,Lysenko,+380921917462,patient_41@example.local,$2b$12$SNvuxRzLdTPeHbCLhtZUa9dK5B6LDu4FSNvuxRzLdTPeHbCLhtZUa,2026-05-05 11:25:00,t
42,patient,Sviatoslav,Stepanenko,+380955519456,sviatoslav.stepanenko.513@outlook.test,$2b$12$MmCVemYMlyVz/2lS7KSuqDYcTtmJAm9FMmCVemYMlyVz/2lS7KSuq,2026-05-05 12:35:00,t
43,patient,Kateryna,Korniienko,+380975736322,patient_43@example.local,$2b$12$32dsIKTsHyDNbZU9B3YP4hkizKpSZBmo32dsIKTsHyDNbZU9B3YP4,2026-05-05 12:45:00,t
44,patient,Maksym,Nikolaienko,+380924768040,maksym.nikolaienko.863@ukrnet.test,$2b$12$8ZrSAbfiUtKCaqXTIc3Gd5OKMwUcBmMZ8ZrSAbfiUtKCaqXTIc3Gd,2026-05-05 13:30:00,t
45,patient,Svitlana,Bilous,+380946717829,svitlana.bilous.57@gmail.test,$2b$12$/3PjGT/rznlRj.eUgDRUtxMe7SuDiCdP/3PjGT/rznlRj.eUgDRUt,2026-05-05 13:35:00,t
46,patient,Liudmyla,Samoilenko,+380978395066,patient_46@example.local,$2b$12$CfkUoamDeiRMGxhCLURi9CbnvOK39DhGCfkUoamDeiRMGxhCLURi9,2026-05-05 14:55:00,t
47,patient,Hanna,Petrenko,+380669733602,hanna.petrenko.362@gmail.test,$2b$12$nFr3boT73Y52qb9i5rTQRHbONhFh4UzanFr3boT73Y52qb9i5rTQR,2026-05-05 15:20:00,t
48,patient,Daryna,Kulyk,+380931799936,daryna.kulyk.279@icloud.test,$2b$12$3npZEXM/bdp87IaWxSaTFRXYR.Cy4T963npZEXM/bdp87IaWxSaTF,2026-05-05 15:45:00,t
49,patient,Liubov,Stepanenko,+380506737894,liubov.stepanenko.668@gmail.test,$2b$12$EpA2adGPh66WwPJArwZAHHqZZVa/.tqsEpA2adGPh66WwPJArwZAH,2026-05-05 15:50:00,t
50,patient,Heorhii,Yakovenko,+380988939621,heorhii.iakovenko.369@gmail.test,$2b$12$CzGeuiYpdlLXX99CSZKIFuPP2OKltMlRCzGeuiYpdlLXX99CSZKIF,2026-05-05 15:55:00,t
51,patient,Yuliia,Boiko,+380998041792,iuliia.boiko.778@ukrnet.test,$2b$12$hEoU7FadjzaVtL/fCy36vqpgRWBLpFfRhEoU7FadjzaVtL/fCy36v,2026-05-05 16:20:00,t
52,patient,Nazar,Lysenko,+380947318362,nazar.lysenko.120@gmail.test,$2b$12$SNpqFc/w3n7MFJ9nAUhTaJEP6kN0nDu6SNpqFc/w3n7MFJ9nAUhTa,2026-05-05 19:05:00,t
53,patient,Artur,Lysenko,+380933193785,artur.lysenko.219@outlook.test,$2b$12$12gtUeOvSE3hnYZw7e6WaJatP7Brvrvs12gtUeOvSE3hnYZw7e6Wa,2026-05-06 08:00:00,t
54,patient,Ihor,Stepanenko,+380672342475,ihor.stepanenko.1036@proton.test,$2b$12$S4Gcy0GAumXIvyTMqP6wgg.72opvLEkvS4Gcy0GAumXIvyTMqP6wg,2026-05-06 08:25:00,t
55,patient,Karyna,Vakulenko,+380507176163,karyna.vakulenko.643@outlook.test,$2b$12$xNHwl0QMy8Sz9GkhfWNSu1lJf7LEHLYdxNHwl0QMy8Sz9GkhfWNSu,2026-05-06 09:00:00,t
56,patient,Myroslava,Karpenko,+380960852475,myroslava.karpenko.783@gmail.test,$2b$12$MWzH98T.IX2qZJ.17YjKMkPqXt7si9t7MWzH98T.IX2qZJ.17YjKM,2026-05-06 09:20:00,t
57,patient,Veronika,Panchenko,+380732540584,veronika.panchenko.177@ukrnet.test,$2b$12$Oe1OGqHkEJUIumJATEfjmQ5jZ5benZjzOe1OGqHkEJUIumJATEfjm,2026-05-06 10:05:00,t
58,patient,Tymofii,Avramenko,+380920637890,tymofii.avramenko.51@ukrnet.test,$2b$12$Dmigqa7i9A89VJsDgUO47JVB3jvGQODjDmigqa7i9A89VJsDgUO47,2026-05-06 11:25:00,t
59,patient,Inna,Savchenko,+380950662364,inna.savchenko.1059@gmail.test,$2b$12$hF9Q1W/b18j6z5D0M3CeDmqXRUz/jgVkhF9Q1W/b18j6z5D0M3CeD,2026-05-06 12:25:00,t
60,patient,Kateryna,Myronenko,+380947553100,kateryna.myronenko.1003@gmail.test,$2b$12$xXUfBlcnM6HvdkkjHy4pDLjvwUU.UmgkxXUfBlcnM6HvdkkjHy4pD,2026-05-06 13:15:00,t
61,patient,Uliana,Karpenko,+380736164709,uliana.karpenko.1009@gmail.test,$2b$12$wCYnDqtMgvZJ1ks34iJFtqpIaHg4sloxwCYnDqtMgvZJ1ks34iJFt,2026-05-06 13:40:00,t
62,patient,Valentyn,Tkachenko,+380688713664,valentyn.tkachenko.811@proton.test,$2b$12$QFWwc.cSv2Jq8zyRmfMFrqZJLLu8jS/.QFWwc.cSv2Jq8zyRmfMFr,2026-05-06 14:45:00,t
63,patient,Vadym,Serdiuk,+380948154599,vadym.serdiuk.273@ukrnet.test,$2b$12$ReLdoJ7iWmx8oLVuOQLs1L0MNECm8DfUReLdoJ7iWmx8oLVuOQLs1,2026-05-06 15:10:00,t
64,patient,Vitalii,Vovk,+380672659155,vitalii.vovk.142@proton.test,$2b$12$XZW5FX9nLwbx3VwzdiEVj9phZ95IT6mnXZW5FX9nLwbx3VwzdiEVj,2026-05-06 15:20:00,t
65,patient,Daryna,Stepanenko,+380914971493,patient_65@example.local,$2b$12$aFUyN3ni0lE.tkw/BuSNaajHJZs7buhtaFUyN3ni0lE.tkw/BuSNa,2026-05-06 16:00:00,t
66,patient,Zlata,Panchenko,+380930535902,zlata.panchenko.126@gmail.test,$2b$12$IMRJeTjyN64XtqLB8v36iyuajE26ZMcjIMRJeTjyN64XtqLB8v36i,2026-05-06 16:55:00,t
67,patient,Marta,Korniienko,+380967227008,marta.korniienko.267@icloud.test,$2b$12$RN9K0CZmOeBg43LGES2.hnag5j5N0sV.RN9K0CZmOeBg43LGES2.h,2026-05-07 08:35:00,t
68,patient,Viktoriia,Kozak,+380910256917,viktoriia.kozak.484@ukrnet.test,$2b$12$1mLWn.ogVXB/MWZHJEgb1KEt2hY8QStb1mLWn.ogVXB/MWZHJEgb1,2026-05-07 09:45:00,t
69,patient,Pavlo,Klymenko,+380945544017,pavlo.klymenko.178@outlook.test,$2b$12$SkJwNd9H.oPiPPlcRnSNHRsPue6UK5/1SkJwNd9H.oPiPPlcRnSNH,2026-05-07 09:50:00,t
70,patient,Nadiia,Vakulenko,+380660620460,nadiia.vakulenko.574@ukrnet.test,$2b$12$WoKunf6bYQx28DwkqJzuKCM9tOtQu/u.WoKunf6bYQx28DwkqJzuK,2026-05-07 10:40:00,t
71,patient,Daryna,Moroz,+380986716460,daryna.moroz.147@icloud.test,$2b$12$NuKvknJmvIyQTTlamwWF8XCYwWlJLu1iNuKvknJmvIyQTTlamwWF8,2026-05-07 12:30:00,t
72,patient,Ostap,Kulyk,+380506026270,ostap.kulyk.1085@icloud.test,$2b$12$fgworPDMdSoMrP5XRSOqsNmV0vG.Xum0fgworPDMdSoMrP5XRSOqs,2026-05-07 13:50:00,t
73,patient,Yuliia,Haiduk,+380732533929,iuliia.haiduk.1013@gmail.test,$2b$12$/iGtaaW57QAA6r1bpnPhEKUoSZAJJfCO/iGtaaW57QAA6r1bpnPhE,2026-05-07 15:30:00,t
74,patient,Vadym,Pylypenko,+380998293825,patient_74@example.local,$2b$12$jdWww/g7etpEH5PhF7qE7eYGy1Pgec.SjdWww/g7etpEH5PhF7qE7,2026-05-07 16:55:00,t
75,patient,Iryna,Kozak,+380731895452,iryna.kozak.403@gmail.test,$2b$12$nEf/XPjbp727RMu0xJ9aLFRLlVseJLQinEf/XPjbp727RMu0xJ9aL,2026-05-08 08:00:00,t
76,patient,Karyna,Stepanenko,+380503888405,patient_76@example.local,$2b$12$40cwIAGGmNQOwintFizmOKxqiIAdfZnH40cwIAGGmNQOwintFizmO,2026-05-08 08:05:00,t
77,patient,Valentyn,Melnyk,+380962714340,valentyn.melnyk.54@gmail.test,$2b$12$ni8EOw9Fyqaof1oB9kcl46viL9EGjuy1ni8EOw9Fyqaof1oB9kcl4,2026-05-08 08:45:00,t
78,patient,Myron,Fedorenko,+380683341470,myron.fedorenko.283@ukrnet.test,$2b$12$fpQbPCMf.8vwk/40//J2M1pJAlpfqTqRfpQbPCMf.8vwk/40//J2M,2026-05-08 08:50:00,t
79,patient,Taras,Petrenko,+380953646832,taras.petrenko.116@gmail.test,$2b$12$Wibd6WBq6BwkFUK9uvSY4Jo4REOrdIVLWibd6WBq6BwkFUK9uvSY4,2026-05-08 11:10:00,t
80,patient,Anastasiia,Zakharchenko,+380507540681,patient_80@example.local,$2b$12$GwNlpO4BqScRkvAmmsOtHZ3q5oreJ61ZGwNlpO4BqScRkvAmmsOtH,2026-05-08 12:15:00,t
81,patient,Sviatoslav,Zakharchenko,+380945743057,patient_81@example.local,$2b$12$z316OpQynN.c9gIeBITXHulSrBbMp7Gpz316OpQynN.c9gIeBITXH,2026-05-08 13:00:00,t
82,patient,Veronika,Chernenko,+380506996236,veronika.chernenko.1141@proton.test,$2b$12$Gs8q7POWFgedXhpzZr2/dFBWlV1j9SppGs8q7POWFgedXhpzZr2/d,2026-05-08 13:30:00,t
83,patient,Marta,Mazur,+380958304330,patient_83@example.local,$2b$12$nNqO8yqsxUGjQwda0bRU.ffDuT4oc1/JnNqO8yqsxUGjQwda0bRU.,2026-05-08 13:40:00,t
84,patient,Marko,Martyniuk,+380509744098,marko.martyniuk.610@icloud.test,$2b$12$gihVuCbhJKN3RhwccUtE7FeOj5Alnd7JgihVuCbhJKN3RhwccUtE7,2026-05-08 14:20:00,t
85,patient,Maryna,Ivanenko,+380920472903,maryna.ivanenko.795@outlook.test,$2b$12$QdHViLTPpMs8ydaXFcaNiu/IxXtCkX9pQdHViLTPpMs8ydaXFcaNi,2026-05-08 15:10:00,t
86,patient,Ivan,Lazarenko,+380915791045,patient_86@example.local,$2b$12$PA8scwA4fSvjQYOyMiC9MkDpp3ZUXDOcPA8scwA4fSvjQYOyMiC9M,2026-05-08 16:20:00,t
87,patient,Roman,Zakharchenko,+380671260979,roman.zakharchenko.1019@icloud.test,$2b$12$.lIqTqc406143qiXMHRjIJAoycHGanoL.lIqTqc406143qiXMHRjI,2026-05-08 16:45:00,t
88,patient,Alina,Yurchenko,+380943933521,alina.iurchenko.578@proton.test,$2b$12$MGc0jaqz0iW.heqFRKqOPPfdzfut5bw1MGc0jaqz0iW.heqFRKqOP,2026-05-08 20:20:00,t
89,patient,Oksana,Levchenko,+380638384968,oksana.levchenko.545@gmail.test,$2b$12$4uAjqRTMGAGY6yIBp.kSIzY.9OGdAuIY4uAjqRTMGAGY6yIBp.kSI,2026-05-10 16:30:00,t
90,patient,Matvii,Pavlenko,+380730592460,matvii.pavlenko.249@ukrnet.test,$2b$12$o9Ey../k18.Cf.sRjkfjBBgSAKWzMtF0o9Ey../k18.Cf.sRjkfjB,2026-05-11 08:45:00,t
91,patient,Yeva,Rybak,+380669614866,ieva.rybak.985@gmail.test,$2b$12$OtktHEkzcixT5fZ9OUw1Hi6px3jGw62FOtktHEkzcixT5fZ9OUw1H,2026-05-11 10:30:00,t
92,patient,Mykola,Hrytsenko,+380685709278,mykola.hrytsenko.594@ukrnet.test,$2b$12$GucYsMF.dfbM41gncW//Ii3o00v.nhdqGucYsMF.dfbM41gncW//I,2026-05-11 11:05:00,t
93,patient,Artem,Melnyk,+380928912248,artem.melnyk.49@ukrnet.test,$2b$12$mO1/JWkCxhOoTYeKIH6.WdZmZyr0UvmSmO1/JWkCxhOoTYeKIH6.W,2026-05-11 11:10:00,t
94,patient,Denys,Bondarenko,+380967043348,denys.bondarenko.64@proton.test,$2b$12$VVPZinVFKggpzZwAV4Xk1i0oXvIj37y.VVPZinVFKggpzZwAV4Xk1,2026-05-11 11:45:00,t
95,patient,Liudmyla,Zhuravel,+380914691653,liudmyla.zhuravel.720@gmail.test,$2b$12$VCs26FSOqdpwZNQ1.S8cpUWrjEn0DpqVVCs26FSOqdpwZNQ1.S8cp,2026-05-11 11:55:00,t
96,patient,Mykola,Melnyk,+380992172484,mykola.melnyk.499@ukrnet.test,$2b$12$hG7v3TrUeJVj4Xic9mVRt4yE5uhtEMBMhG7v3TrUeJVj4Xic9mVRt,2026-05-11 12:25:00,t
97,patient,Bohdana,Marchenko,+380664874228,bohdana.marchenko.672@outlook.test,$2b$12$Ior8JK/EnsAjlRAIcdYCCEu/JSqYNLokIor8JK/EnsAjlRAIcdYCC,2026-05-11 13:10:00,t
98,patient,Nadiia,Nechyporenko,+380919838376,nadiia.nechyporenko.264@icloud.test,$2b$12$xlIQTmMc0O.m2LNDqr9lFZxCuilYtHnhxlIQTmMc0O.m2LNDqr9lF,2026-05-11 13:50:00,t
99,patient,Alina,Fedorenko,+380975765655,alina.fedorenko.955@ukrnet.test,$2b$12$e3OqKBf8nZGMVKrw1SKf/U/4TzMmP0M5e3OqKBf8nZGMVKrw1SKf/,2026-05-11 14:55:00,t
100,patient,Petro,Rudenko,+380933286993,petro.rudenko.185@ukrnet.test,$2b$12$ELMVI2VKCIff8C6Nf5dRCEJEM3sO8jV4ELMVI2VKCIff8C6Nf5dRC,2026-05-11 16:40:00,t
101,patient,Taras,Mazur,+380939571330,taras.mazur.1024@gmail.test,$2b$12$rvf2XupD9G3DWao6Vq9V.1CYc4INL0Nkrvf2XupD9G3DWao6Vq9V.,2026-05-11 16:50:00,t
102,patient,Vadym,Kravchenko,+380501180220,vadym.kravchenko.816@icloud.test,$2b$12$xSXVzUciCl/PHugn..QZlywuvytNtUjTxSXVzUciCl/PHugn..QZl,2026-05-12 08:10:00,t
103,patient,Vira,Zinchenko,+380673424119,vira.zinchenko.483@gmail.test,$2b$12$zkO/d2npRjlNZ/F6Mehf3KZCsyCsbx24zkO/d2npRjlNZ/F6Mehf3,2026-05-12 10:00:00,t
104,patient,Ivan,Levchenko,+380923925931,ivan.levchenko.891@icloud.test,$2b$12$M22ZioE/M6A.WSiuYBCnsnApJHG8pCNpM22ZioE/M6A.WSiuYBCns,2026-05-12 11:00:00,t
105,patient,Nataliia,Boiko,+380971854530,nataliia.boiko.422@ukrnet.test,$2b$12$aDn9W1MoyGMYDG61BUsWyZLQCjn.9GR.aDn9W1MoyGMYDG61BUsWy,2026-05-12 12:45:00,t
106,patient,Alla,Zadorozhnyi,+380730812234,alla.zadorozhnyi.670@icloud.test,$2b$12$gH1ruDqnBkBhphO6FiDCZLetZNl0CC5UgH1ruDqnBkBhphO6FiDCZ,2026-05-12 13:55:00,t
107,patient,Mykola,Zinchenko,+380937261608,mykola.zinchenko.74@ukrnet.test,$2b$12$wtP9ML1o1zcPTo.y1thn9JIETtqM89oJwtP9ML1o1zcPTo.y1thn9,2026-05-12 14:20:00,t
108,patient,Anna,Bondarenko,+380943461695,anna.bondarenko.288@gmail.test,$2b$12$RXa3Phu3vy/tvu4kkm5FQ9bakasXGptlRXa3Phu3vy/tvu4kkm5FQ,2026-05-12 16:05:00,t
109,patient,Volodymyr,Kucher,+380631912219,volodymyr.kucher.568@gmail.test,$2b$12$5BJaqSbUvdg2gyeq78hE9YlE0y6haJlJ5BJaqSbUvdg2gyeq78hE9,2026-05-13 09:45:00,t
110,patient,Uliana,Nechyporenko,+380940056329,patient_110@example.local,$2b$12$0w0LIFZRi3CXw8J3HedgtaoiBy4Fqfma0w0LIFZRi3CXw8J3Hedgt,2026-05-13 10:00:00,t
111,patient,Emiliia,Kondratiuk,+380929299083,emiliia.kondratiuk.956@gmail.test,$2b$12$d/Djbz6uRhmw8.N51wnoiH2h6LdbwhqNd/Djbz6uRhmw8.N51wnoi,2026-05-13 11:55:00,t
112,patient,Ivan,Karpenko,+380933633821,ivan.karpenko.304@proton.test,$2b$12$8/W6ONCu6nDo3VSiry4uxiidKSUaKhFE8/W6ONCu6nDo3VSiry4ux,2026-05-13 13:15:00,t
113,patient,Lev,Lytvyn,+380508027346,lev.lytvyn.306@ukrnet.test,$2b$12$TJCrFHlrEAUw3nqdDKKDbdUjV.rhwEHGTJCrFHlrEAUw3nqdDKKDb,2026-05-13 14:50:00,t
114,patient,Volodymyr,Ostapenko,+380936487713,volodymyr.ostapenko.636@outlook.test,$2b$12$T35WsZZSNKtyCeCR5v1vtqVFbSAKbPTTT35WsZZSNKtyCeCR5v1vt,2026-05-13 15:40:00,t
115,patient,Stepan,Kucher,+380930227524,stepan.kucher.730@gmail.test,$2b$12$1Iliv/Pu3xHb8b7KEUxbLYTHWKMgYUoS1Iliv/Pu3xHb8b7KEUxbL,2026-05-13 16:00:00,t
116,patient,Viktoriia,Bondarenko,+380922645721,viktoriia.bondarenko.1079@gmail.test,$2b$12$M1QUrjr12hDOOTh3/EvN6TAguylJuOjtM1QUrjr12hDOOTh3/EvN6,2026-05-13 16:45:00,t
117,patient,Nataliia,Soroka,+380664150039,nataliia.soroka.21@proton.test,$2b$12$69BMwLwJtgRV44433021geZTHY3PJnUW69BMwLwJtgRV44433021g,2026-05-13 16:45:00,t
118,patient,Veronika,Oliinyk,+380734353713,veronika.oliinyk.1040@gmail.test,$2b$12$JLzdcJo12.poB6UErwtjLY06nT5mzOdZJLzdcJo12.poB6UErwtjL,2026-05-13 17:25:00,t
119,patient,Liudmyla,Buriak,+380674353923,liudmyla.buriak.903@gmail.test,$2b$12$DhNQg5HHkKQZ6Ho6y7tD40gQPBAoCWtaDhNQg5HHkKQZ6Ho6y7tD4,2026-05-14 08:15:00,t
120,patient,Kateryna,Hnatiuk,+380993063934,kateryna.hnatiuk.491@gmail.test,$2b$12$w2MOzdRhyfsJmOLfFcv3u/F8UpWGYlS/w2MOzdRhyfsJmOLfFcv3u,2026-05-14 08:40:00,t
121,patient,Viktor,Didenko,+380984718609,viktor.didenko.502@proton.test,$2b$12$aEBZlE.XPaOM4Pba1lOylztsbIyUvgHZaEBZlE.XPaOM4Pba1lOyl,2026-05-14 09:50:00,t
122,patient,Olha,Haiduk,+380732736353,olha.haiduk.554@outlook.test,$2b$12$96F0LfVNH16RXQD/FhnOuL14hlKqw11q96F0LfVNH16RXQD/FhnOu,2026-05-14 11:00:00,t
123,patient,Mykola,Nechyporenko,+380664387087,patient_123@example.local,$2b$12$GE4O3hjaVr8RrY5raM.iNstWF4tw6x44GE4O3hjaVr8RrY5raM.iN,2026-05-14 11:05:00,t
124,patient,Artur,Haiduk,+380666267521,artur.haiduk.550@ukrnet.test,$2b$12$KoOhhpX5q2OQdzA0mzHwzpRSOoAuvrgMKoOhhpX5q2OQdzA0mzHwz,2026-05-14 11:55:00,t
125,patient,Myroslava,Hordiienko,+380984126229,myroslava.hordiienko.333@outlook.test,$2b$12$Olw59B2IQtMna4u/juS1soEqMWPOuju0Olw59B2IQtMna4u/juS1s,2026-05-14 12:50:00,t
126,patient,Svitlana,Avramenko,+380958442156,svitlana.avramenko.751@ukrnet.test,$2b$12$RgBRcyly0IAqqJtxp/7haPhffMzLBe9yRgBRcyly0IAqqJtxp/7ha,2026-05-14 12:55:00,t
127,patient,Petro,Vovk,+380675379974,petro.vovk.642@outlook.test,$2b$12$itB0AXW/D9P/ysMnlMgGZy0ukoV9qtBjitB0AXW/D9P/ysMnlMgGZ,2026-05-14 13:45:00,t
128,patient,Volodymyr,Romanenko,+380679873451,volodymyr.romanenko.930@ukrnet.test,$2b$12$cqwhyIPTZLMRIk/keNLxyVO0qZ5E4oyacqwhyIPTZLMRIk/keNLxy,2026-05-14 14:15:00,t
129,patient,Rostyslav,Velychko,+380634004866,patient_129@example.local,$2b$12$67GLEj65jgF87oFwKkB/63Wf01lMdwJM67GLEj65jgF87oFwKkB/6,2026-05-14 14:35:00,t
130,patient,Kateryna,Hrytsenko,+380665720464,kateryna.hrytsenko.562@gmail.test,$2b$12$tcOTfyd5HhcE.50tfgyzglpx5BBW.SVKtcOTfyd5HhcE.50tfgyzg,2026-05-14 14:40:00,t
131,patient,Yaroslav,Hrytsenko,+380931089774,patient_131@example.local,$2b$12$A6M47Z4.H6k5AGbSnhW.qkcL2etB9iygA6M47Z4.H6k5AGbSnhW.q,2026-05-14 16:15:00,t
132,patient,Taras,Turchyn,+380685733554,taras.turchyn.253@outlook.test,$2b$12$.xR9aPEJSeuJqgrGSfhUoED/9ymios5Z.xR9aPEJSeuJqgrGSfhUo,2026-05-14 18:00:00,t
133,patient,Viktoriia,Samoilenko,+380950909146,viktoriia.samoilenko.355@gmail.test,$2b$12$4H.a8MG1WMvqxkHkRdkmboIWRaY7jGup4H.a8MG1WMvqxkHkRdkmb,2026-05-15 08:15:00,t
134,patient,Yaroslav,Hrytsenko,+380932095870,iaroslav.hrytsenko.9@ukrnet.test,$2b$12$doyCc8zjnAVObgokK7sMz3CI4q7LMZq/doyCc8zjnAVObgokK7sMz,2026-05-15 08:20:00,t
135,patient,Marko,Dubenko,+380989339310,patient_135@example.local,$2b$12$463tuCQ6vLWGS8tqZ359COy95G76fQ6a463tuCQ6vLWGS8tqZ359C,2026-05-15 09:00:00,f
136,patient,Tetiana,Moroz,+380969872521,tetiana.moroz.1186@ukrnet.test,$2b$12$YlRl3zIb/Mg2QABBwZkXNO8BoJYPuFarYlRl3zIb/Mg2QABBwZkXN,2026-05-15 09:10:00,t
137,patient,Yana,Lytvyn,+380634335833,iana.lytvyn.621@ukrnet.test,$2b$12$ljkqOlqrLHNdPtzE18FA1PWX8tT.K7.fljkqOlqrLHNdPtzE18FA1,2026-05-15 09:40:00,t
138,patient,Artem,Sydorenko,+380973997844,artem.sydorenko.22@outlook.test,$2b$12$kOkenN6u3iUoaSQ.d0LeURWgVoiWpMn9kOkenN6u3iUoaSQ.d0LeU,2026-05-15 10:10:00,t
139,patient,Zoriana,Kapustian,+380632243567,zoriana.kapustian.809@ukrnet.test,$2b$12$OsoH0LVJ9/dQW5gf8ES6uvCB2oCK2z.zOsoH0LVJ9/dQW5gf8ES6u,2026-05-15 10:35:00,t
140,patient,Svitlana,Shapoval,+380667903171,svitlana.shapoval.946@outlook.test,$2b$12$FsG.jmZRUxDP.douMmWeGzLEBAtw5wD/FsG.jmZRUxDP.douMmWeG,2026-05-15 11:00:00,t
141,patient,Myroslava,Serdiuk,+380911549383,myroslava.serdiuk.832@ukrnet.test,$2b$12$/OMA.HRK7V9mLKkz9dXMEiUvOqp8GhOW/OMA.HRK7V9mLKkz9dXME,2026-05-15 11:15:00,t
142,patient,Yelyzaveta,Danylenko,+380630652695,ielyzaveta.danylenko.765@gmail.test,$2b$12$znCxuTVfAWtTurMqs2ZA7IRftC7guHDxznCxuTVfAWtTurMqs2ZA7,2026-05-15 12:30:00,t
143,patient,Nataliia,Stepanenko,+380687832670,patient_143@example.local,$2b$12$SKPimPscQCMll6zM7NP4vFTS3FFQW3TBSKPimPscQCMll6zM7NP4v,2026-05-15 12:30:00,t
144,patient,Mykhailo,Yaremenko,+380958928950,mykhailo.iaremenko.825@ukrnet.test,$2b$12$SYMDBxG2VOv9SNeND7BgIXCRtXeErXKFSYMDBxG2VOv9SNeND7BgI,2026-05-15 13:45:00,t
145,patient,Kyrylo,Turchyn,+380682091167,kyrylo.turchyn.478@gmail.test,$2b$12$.NMEDGGBkrt4tnRYnRcpd84XfNP3JH9X.NMEDGGBkrt4tnRYnRcpd,2026-05-15 14:30:00,t
146,patient,Maryna,Tymoshenko,+380974597138,maryna.tymoshenko.1048@ukrnet.test,$2b$12$ZFFerPCt3ujBHA5xO9Nmci3ldWYhf2QeZFFerPCt3ujBHA5xO9Nmc,2026-05-15 15:10:00,t
147,patient,Daryna,Pylypenko,+380935038202,daryna.pylypenko.933@gmail.test,$2b$12$IG0J2l.SG6pU5.e1nA30hv/t8XYaHYJaIG0J2l.SG6pU5.e1nA30h,2026-05-15 15:30:00,t
148,patient,Ivan,Vakulenko,+380946387125,ivan.vakulenko.1099@ukrnet.test,$2b$12$u8oKEPMlgNyOFVFCCw.PinhWswUIMpgpu8oKEPMlgNyOFVFCCw.Pi,2026-05-15 16:15:00,t
149,patient,Diana,Malyshko,+380688569915,diana.malyshko.512@gmail.test,$2b$12$my/IxeHS.AxebEqFJ4ua4fWToMMUAEItmy/IxeHS.AxebEqFJ4ua4,2026-05-15 16:20:00,t
150,patient,Alina,Soroka,+380683790246,alina.soroka.742@gmail.test,$2b$12$ta1s1jWwYmkEyaQ2wudmNGT//TNDRSFUta1s1jWwYmkEyaQ2wudmN,2026-05-17 17:15:00,t
151,patient,Anna,Havryliuk,+380979433542,patient_151@example.local,$2b$12$Lo8Kk4GHofn5AkiNhTMuGab7BPdtFG2gLo8Kk4GHofn5AkiNhTMuG,2026-05-18 08:55:00,t
152,patient,Polina,Tymoshenko,+380631453241,polina.tymoshenko.1191@gmail.test,$2b$12$dpUEDGwwGVvXjdNeQ2T0ltLPwB0j2ILydpUEDGwwGVvXjdNeQ2T0l,2026-05-18 11:35:00,t
153,patient,Bohdan,Lazarenko,+380668578011,bohdan.lazarenko.442@gmail.test,$2b$12$ElUOvNG9RSVVxkW7mxFBIrTk8kCyTWlOElUOvNG9RSVVxkW7mxFBI,2026-05-18 12:05:00,t
154,patient,Emiliia,Pavlenko,+380668229940,emiliia.pavlenko.392@gmail.test,$2b$12$tiaQBimXUj5A3fIt8Tpos/dwdMYPNdf9tiaQBimXUj5A3fIt8Tpos,2026-05-18 12:40:00,t
155,patient,Polina,Lazarenko,+380979394167,patient_155@example.local,$2b$12$QVGzOIMGEXr5nKNoVEolaqBsBJLtYHYmQVGzOIMGEXr5nKNoVEola,2026-05-18 13:15:00,t
156,patient,Anastasiia,Polishchuk,+380930812172,anastasiia.polishchuk.70@outlook.test,$2b$12$uGX5lbzs2Oz3x4VdBXwmXWsh5QKnd0wXuGX5lbzs2Oz3x4VdBXwmX,2026-05-18 14:35:00,t
157,patient,Vladyslav,Dovzhenko,+380915694358,vladyslav.dovzhenko.823@gmail.test,$2b$12$cZEO5iYoQLUZpOIpFuyhtnH.XVLlfNkCcZEO5iYoQLUZpOIpFuyht,2026-05-18 15:10:00,t
158,patient,Lesia,Melnyk,+380991355584,lesia.melnyk.618@gmail.test,$2b$12$KQn4rFXX8DV4OH3i17WNJiAKR35pJt2eKQn4rFXX8DV4OH3i17WNJ,2026-05-18 16:40:00,t
159,patient,Nazar,Doroshenko,+380676246257,nazar.doroshenko.834@gmail.test,$2b$12$5yVVWMjoImGpqHYAmqQu3ReFUK8TXFng5yVVWMjoImGpqHYAmqQu3,2026-05-18 16:50:00,t
160,patient,Sviatoslav,Romanenko,+380971901750,sviatoslav.romanenko.429@icloud.test,$2b$12$5tvzuDDj4WtbY2CgLk2vw0fQkPAvixA55tvzuDDj4WtbY2CgLk2vw,2026-05-19 08:00:00,t
161,patient,Inna,Shevchenko,+380944269518,inna.shevchenko.1033@gmail.test,$2b$12$225dSWhlkqzw88HkZnbXBJ4CYGzAvRfn225dSWhlkqzw88HkZnbXB,2026-05-19 09:25:00,t
162,patient,Valentyn,Kyrylenko,+380683518078,valentyn.kyrylenko.497@gmail.test,$2b$12$Fr9mLi3hz5lwbbbTgeBWiruSmSZn4sFbFr9mLi3hz5lwbbbTgeBWi,2026-05-19 09:30:00,t
163,patient,Ruslana,Haiduk,+380984410744,ruslana.haiduk.194@gmail.test,$2b$12$lDoFyYqaoHg6LhxPwgyPywuWj3DApFMllDoFyYqaoHg6LhxPwgyPy,2026-05-19 12:30:00,t
164,patient,Olha,Ostapenko,+380954341030,olha.ostapenko.677@ukrnet.test,$2b$12$nbjy5rKJmVt4iA0N8i9hAK5iw76mvrqRnbjy5rKJmVt4iA0N8i9hA,2026-05-19 13:05:00,t
165,patient,Anastasiia,Shevchuk,+380918980168,anastasiia.shevchuk.367@gmail.test,$2b$12$CJk7CCTaRKJc1/MvFEoCEm8U9rq21AZxCJk7CCTaRKJc1/MvFEoCE,2026-05-19 13:15:00,t
166,patient,Serhii,Kolesnyk,+380913880010,serhii.kolesnyk.1058@ukrnet.test,$2b$12$dCvRIbquCyiURmR1CGG2z0NBCnG9hiYkdCvRIbquCyiURmR1CGG2z,2026-05-19 13:30:00,t
167,patient,Serhii,Stepanenko,+380667198891,serhii.stepanenko.339@proton.test,$2b$12$Fr1TllzRsYwtANpFPAn1im0wB9mfXLfNFr1TllzRsYwtANpFPAn1i,2026-05-19 13:55:00,t
168,patient,Vira,Klymenko,+380941042142,vira.klymenko.1011@icloud.test,$2b$12$zrNcdBic5XUoh.dJlvm6Hs6ZwZjkAGY2zrNcdBic5XUoh.dJlvm6H,2026-05-19 14:50:00,t
169,patient,Kateryna,Palamarchuk,+380921274165,kateryna.palamarchuk.527@ukrnet.test,$2b$12$hYht6ciluZJs19Vh6YhOEZ3G03gjPxIXhYht6ciluZJs19Vh6YhOE,2026-05-19 16:30:00,t
170,patient,Sofiia,Turchyn,+380949887673,sofiia.turchyn.276@icloud.test,$2b$12$1xaTvxfWWCkWCjpTBaReTNsPhTjk3yCg1xaTvxfWWCkWCjpTBaReT,2026-05-19 17:00:00,t
171,patient,Tymofii,Polishchuk,+380999146875,patient_171@example.local,$2b$12$i84vWD8tUY0UsJMi47WGfw50CTyaUM0Xi84vWD8tUY0UsJMi47WGf,2026-05-19 17:40:00,t
172,patient,Ivan,Vakulenko,+380945379246,ivan.vakulenko.622@outlook.test,$2b$12$guDCkNh/ycUstG/YuEpHjb1VWOlWqk1hguDCkNh/ycUstG/YuEpHj,2026-05-20 08:55:00,t
173,patient,Lev,Pavlenko,+380734640518,lev.pavlenko.629@gmail.test,$2b$12$4rmQfEb.2AKgMYWAyZFPTLkZ4f9BRC0H4rmQfEb.2AKgMYWAyZFPT,2026-05-20 09:15:00,t
174,patient,Lev,Yakovenko,+380949906771,patient_174@example.local,$2b$12$gz9dzIkriXhV.p8F63QGAI0SYVIU6DeIgz9dzIkriXhV.p8F63QGA,2026-05-20 09:30:00,t
175,patient,Alina,Zadorozhnyi,+380950371876,alina.zadorozhnyi.146@ukrnet.test,$2b$12$9nK17zHHB//mbnnEtQx/pny5NbMJ7R2I9nK17zHHB//mbnnEtQx/p,2026-05-20 09:35:00,t
176,patient,Nadiia,Polishchuk,+380951438128,nadiia.polishchuk.648@gmail.test,$2b$12$dRFpozEKQAbSsacQm3JYKncxF.0NvbkAdRFpozEKQAbSsacQm3JYK,2026-05-20 10:00:00,t
177,patient,Lev,Ivanenko,+380985751936,patient_177@example.local,$2b$12$Or5ZsgimVozEHFLaiG8rWsYZ9nhXUnzPOr5ZsgimVozEHFLaiG8rW,2026-05-20 11:25:00,t
178,patient,Liubov,Serdiuk,+380681316260,liubov.serdiuk.393@ukrnet.test,$2b$12$HlzY792a/gZPJdy6jUmGWF6F4/BAv2PkHlzY792a/gZPJdy6jUmGW,2026-05-20 12:15:00,t
179,patient,Nadiia,Zakharchenko,+380985161641,patient_179@example.local,$2b$12$MOdHRz9h3VzXzd14Oo4XuwN70Gm00HQ5MOdHRz9h3VzXzd14Oo4Xu,2026-05-20 12:45:00,t
180,patient,Inna,Chernenko,+380664256708,inna.chernenko.1132@gmail.test,$2b$12$g3WH.FsXeuuRxpNNWBImqdET49OIxqqhg3WH.FsXeuuRxpNNWBImq,2026-05-20 14:35:00,t
181,patient,Bohdan,Avramenko,+380956291949,patient_181@example.local,$2b$12$dDaRjVszWjXybYjcL/jsutjy77BbPCwBdDaRjVszWjXybYjcL/jsu,2026-05-20 15:45:00,t
182,patient,Marko,Kulyk,+380943689151,marko.kulyk.848@proton.test,$2b$12$bFwvx8pNkc5ywmHDtJmE.u1X6wwRC7WWbFwvx8pNkc5ywmHDtJmE.,2026-05-20 18:45:00,t
183,patient,Karyna,Andrushchenko,+380667283764,patient_183@example.local,$2b$12$hzyJqZOVjS3MBxh5s1iJEkE6ml3gn2XqhzyJqZOVjS3MBxh5s1iJE,2026-05-21 08:35:00,t
184,patient,Anastasiia,Kostenko,+380990840619,anastasiia.kostenko.759@ukrnet.test,$2b$12$gBNfCHRmnxpiXuh36njqYiwJtcpiBDAjgBNfCHRmnxpiXuh36njqY,2026-05-21 09:00:00,t
185,patient,Yana,Karpenko,+380942746716,iana.karpenko.516@gmail.test,$2b$12$Og/N7ph/U2l489AjwWT1/4jeNn./MLgfOg/N7ph/U2l489AjwWT1/,2026-05-21 09:05:00,t
186,patient,Yuliia,Velychko,+380992148944,iuliia.velychko.1031@ukrnet.test,$2b$12$MuqsKCEDE7I.gHTN30L2XtpHuMJ28CB/MuqsKCEDE7I.gHTN30L2X,2026-05-21 09:15:00,t
187,patient,Marta,Serdiuk,+380929259163,marta.serdiuk.1093@outlook.test,$2b$12$PTWqOdFtoigp8XYCVOsMQchn0/F7gF7GPTWqOdFtoigp8XYCVOsMQ,2026-05-21 10:10:00,t
188,patient,Daryna,Buriak,+380503608589,daryna.buriak.259@icloud.test,$2b$12$fNWsmfLpeA9hxLXDvg2rMN4z6tnr7PkbfNWsmfLpeA9hxLXDvg2rM,2026-05-21 10:25:00,t
189,patient,Heorhii,Holub,+380954644150,patient_189@example.local,$2b$12$fAt6O1RHKGeTeTHsj/lJTs0kgMZu6WHGfAt6O1RHKGeTeTHsj/lJT,2026-05-21 10:50:00,t
190,patient,Mariia,Klymenko,+380958330057,patient_190@example.local,$2b$12$ly8jQID3g3zH0jqC2/Lh59Zf6btg2Gmhly8jQID3g3zH0jqC2/Lh5,2026-05-21 11:25:00,t
191,patient,Oksana,Oliinyk,+380934139701,oksana.oliinyk.1146@proton.test,$2b$12$T9gRTcH1rr9GYrfI9Ldgrt4y7OcPrHgUT9gRTcH1rr9GYrfI9Ldgr,2026-05-21 11:55:00,t
192,patient,Ivan,Chernenko,+380669654464,ivan.chernenko.747@gmail.test,$2b$12$te4Qu0km7RMCOXG2pgnGkdhrt357lFumte4Qu0km7RMCOXG2pgnGk,2026-05-21 12:20:00,t
193,patient,Oleksandr,Kozak,+380960363378,oleksandr.kozak.1193@gmail.test,$2b$12$lnFC40KIvFmdsyLovtm6rqfhAFtgpR5vlnFC40KIvFmdsyLovtm6r,2026-05-21 12:55:00,t
194,patient,Polina,Dovzhenko,+380918080005,polina.dovzhenko.239@ukrnet.test,$2b$12$XZ09iqQOCm2X0rutuKRqHq5FoK45YQZBXZ09iqQOCm2X0rutuKRqH,2026-05-21 13:25:00,t
195,patient,Pavlo,Kucher,+380968763180,pavlo.kucher.168@icloud.test,$2b$12$ZZSFLY61bfzYlOX56G.mkfivjS7ob0lBZZSFLY61bfzYlOX56G.mk,2026-05-21 13:40:00,t
196,patient,Polina,Shapoval,+380917819553,polina.shapoval.661@outlook.test,$2b$12$x2FyJ0.bqaxw4qBpP9j3k/3uOBvto06jx2FyJ0.bqaxw4qBpP9j3k,2026-05-21 14:40:00,t
197,patient,Mariia,Yurchenko,+380634435371,mariia.iurchenko.1081@outlook.test,$2b$12$7p8Y37qef/DCLiKwWppSu/gSHudW3gtF7p8Y37qef/DCLiKwWppSu,2026-05-21 14:40:00,t
198,patient,Marko,Petrenko,+380689972944,patient_198@example.local,$2b$12$MaMgH7BFKxkdCdeejL6eXTYGH15l4bWqMaMgH7BFKxkdCdeejL6eX,2026-05-21 15:05:00,t
199,patient,Mykhailo,Lozovyi,+380965199866,mykhailo.lozovyi.535@gmail.test,$2b$12$wTNIjh8r5evNhK0BOd6aP5yRKJm40UfUwTNIjh8r5evNhK0BOd6aP,2026-05-21 15:35:00,t
200,patient,Nataliia,Panchenko,+380501309551,patient_200@example.local,$2b$12$eNRU8X6p1fjr3aEp0cnlO.7MkE.N3sXueNRU8X6p1fjr3aEp0cnlO,2026-05-21 15:40:00,t
201,patient,Liudmyla,Danylenko,+380736928115,liudmyla.danylenko.312@gmail.test,$2b$12$oBwEa2vI.fwvQDMeUijbUuHuskL7Kti5oBwEa2vI.fwvQDMeUijbU,2026-05-22 08:05:00,t
202,patient,Artur,Martyniuk,+380977773982,artur.martyniuk.378@outlook.test,$2b$12$n7Fth.QuWPxyrEt7h0Ug1OHxguooGxGHn7Fth.QuWPxyrEt7h0Ug1,2026-05-22 08:15:00,t
203,patient,Valeriia,Kozak,+380956253227,valeriia.kozak.374@ukrnet.test,$2b$12$B6UuSu6Gr.MWwRjPDs/8mG5lliLYcPJNB6UuSu6Gr.MWwRjPDs/8m,2026-05-22 08:45:00,t
204,patient,Roman,Polishchuk,+380664495323,roman.polishchuk.560@icloud.test,$2b$12$ik34GBFuvxfusk6.Y36e40Z9izKh2Mxaik34GBFuvxfusk6.Y36e4,2026-05-22 09:10:00,t
205,patient,Vira,Pavlenko,+380978068483,patient_205@example.local,$2b$12$W9vfKne0yKtywp/1RcgOaD7PFHZ8GNqXW9vfKne0yKtywp/1RcgOa,2026-05-22 09:45:00,t
206,patient,Petro,Bilous,+380943639520,petro.bilous.888@ukrnet.test,$2b$12$Bfbsl8gLvCN4xeN8GSYqxMOkjLz9JHsZBfbsl8gLvCN4xeN8GSYqx,2026-05-22 10:05:00,t
207,patient,Sviatoslav,Dovzhenko,+380950426606,sviatoslav.dovzhenko.27@gmail.test,$2b$12$lOIV87K.wyBgZPiftcYMCKY8pUTINXXJlOIV87K.wyBgZPiftcYMC,2026-05-22 10:10:00,t
208,patient,Inna,Haiduk,+380942266296,inna.haiduk.331@gmail.test,$2b$12$LYNpHr7DftdIlDqZM.uugM/VgoLzUOrnLYNpHr7DftdIlDqZM.uug,2026-05-22 10:25:00,t
209,patient,Dmytro,Shevchenko,+380730455476,dmytro.shevchenko.617@icloud.test,$2b$12$zv3zayj6BNc2kV2Qcfh.XOAFUkZsLK7ezv3zayj6BNc2kV2Qcfh.X,2026-05-22 10:30:00,t
210,patient,Tetiana,Bilous,+380680412763,patient_210@example.local,$2b$12$4bSuJnOxzQ7ZjX8uVnUrqVyGXlt9wn944bSuJnOxzQ7ZjX8uVnUrq,2026-05-22 10:35:00,t
211,patient,Myroslava,Shapoval,+380993869166,myroslava.shapoval.228@outlook.test,$2b$12$i40AabUn809fVlIh2HUB1Y2aDrVDdbWxi40AabUn809fVlIh2HUB1,2026-05-22 12:40:00,t
212,patient,Emiliia,Lazarenko,+380930648235,patient_212@example.local,$2b$12$ckPK0jqgbtx5tBZAHiTwd/unmkIyQWX/ckPK0jqgbtx5tBZAHiTwd,2026-05-22 13:25:00,t
213,patient,Liliia,Ostapenko,+380913675196,liliia.ostapenko.1107@gmail.test,$2b$12$YUCtT05WDY1AIzOtfJpiK0Av7KFkPZPDYUCtT05WDY1AIzOtfJpiK,2026-05-22 15:00:00,t
214,patient,Viktoriia,Havryliuk,+380922173651,viktoriia.havryliuk.1094@gmail.test,$2b$12$T8hcpChCCB4594e3vJi82D6m.aljCUC4T8hcpChCCB4594e3vJi82,2026-05-22 15:00:00,t
215,patient,Andrii,Shevchenko,+380682398357,andrii.shevchenko.717@gmail.test,$2b$12$1WhIBgBHefqEgRPSoP1BGkH3xWUa6gJ41WhIBgBHefqEgRPSoP1BG,2026-05-22 15:45:00,t
216,patient,Denys,Boiko,+380928279680,denys.boiko.577@gmail.test,$2b$12$wgoE.j80VqosUfoyESi58UjdXrxhmQ.pwgoE.j80VqosUfoyESi58,2026-05-22 16:45:00,t
217,patient,Yelyzaveta,Kondratiuk,+380675614427,ielyzaveta.kondratiuk.1198@gmail.test,$2b$12$eI2p2e7GJKWBp/9sYgw67S3bi9WD/zBDeI2p2e7GJKWBp/9sYgw67,2026-05-23 08:15:00,t
218,patient,Emiliia,Vasylenko,+380992180240,emiliia.vasylenko.501@outlook.test,$2b$12$0b7IDO.U2UKIJOPRfXdgEW8/MFVB7IQ20b7IDO.U2UKIJOPRfXdgE,2026-05-23 17:35:00,t
219,patient,Stepan,Chernenko,+380939725523,stepan.chernenko.1123@gmail.test,$2b$12$CYcBNSA0m86bcjDySQN5jI2cItQlwiqlCYcBNSA0m86bcjDySQN5j,2026-05-23 19:05:00,t
220,patient,Dmytro,Tereshchenko,+380973049089,dmytro.tereshchenko.509@gmail.test,$2b$12$PZJvPx4mOfAbuotXObbKXIvCHBw1rIygPZJvPx4mOfAbuotXObbKX,2026-05-23 19:20:00,t
221,patient,Vladyslav,Marchenko,+380979438654,vladyslav.marchenko.427@ukrnet.test,$2b$12$adjNsHbXBRkCENx89KxwMkPN1Kj/k7bEadjNsHbXBRkCENx89KxwM,2026-05-24 07:05:00,t
222,patient,Nazar,Kovalevskyi,+380662894388,patient_222@example.local,$2b$12$Z./ozhnucAbQ2Y9LsFz872UsYa9qlQjpZ./ozhnucAbQ2Y9LsFz87,2026-05-24 09:10:00,t
223,patient,Vitalii,Myronenko,+380739327070,vitalii.myronenko.859@gmail.test,$2b$12$goK1mFFsFW55XnqxoZM/0zdWCj.coecngoK1mFFsFW55XnqxoZM/0,2026-05-24 10:10:00,t
224,patient,Maksym,Marchenko,+380946736834,maksym.marchenko.813@gmail.test,$2b$12$0lcsNI7i4FsL/hrHrRmcGmvUTNJHdFVC0lcsNI7i4FsL/hrHrRmcG,2026-05-24 12:40:00,t
225,patient,Viktor,Rudenko,+380930199634,viktor.rudenko.1050@gmail.test,$2b$12$Pqdf2.GeHZ0JWcHvJ68.PylIWjved9/JPqdf2.GeHZ0JWcHvJ68.P,2026-05-25 10:15:00,t
226,patient,Mykhailo,Lozovyi,+380936803657,mykhailo.lozovyi.980@gmail.test,$2b$12$C9.ZFcNhSztxRFZ3zi4fw.1T5MarY9k1C9.ZFcNhSztxRFZ3zi4fw,2026-05-25 10:15:00,t
227,patient,Viktoriia,Klymenko,+380995081733,viktoriia.klymenko.909@gmail.test,$2b$12$PMMRXdXMGoKjdPVzwm1/yW5GPB6WlNqFPMMRXdXMGoKjdPVzwm1/y,2026-05-25 10:20:00,t
228,patient,Oleksii,Turchyn,+380997158889,oleksii.turchyn.412@gmail.test,$2b$12$5Vd6uD0tFU2BxUiXdrl55144QQCNqH.h5Vd6uD0tFU2BxUiXdrl55,2026-05-25 10:20:00,t
229,patient,Liubov,Sydorenko,+380667867829,liubov.sydorenko.399@gmail.test,$2b$12$0HD7G1UoJXNXsUfdJ126fdJsiLAItx0p0HD7G1UoJXNXsUfdJ126f,2026-05-25 11:30:00,f
230,patient,Ruslan,Chernenko,+380636364522,patient_230@example.local,$2b$12$W0o1YT/3MkRVe1xPEAv4Ms8PR1wzwSi.W0o1YT/3MkRVe1xPEAv4M,2026-05-25 12:55:00,t
231,patient,Alla,Doroshenko,+380928617034,alla.doroshenko.161@ukrnet.test,$2b$12$4EKaan/N1IO0X1G36fuG51vjdFBfOzBT4EKaan/N1IO0X1G36fuG5,2026-05-25 13:30:00,t
232,patient,Veronika,Koval,+380639647881,veronika.koval.1150@gmail.test,$2b$12$bj4PxMIdv/NisCMtRHen1peXrGrywAivbj4PxMIdv/NisCMtRHen1,2026-05-25 14:05:00,t
233,patient,Valeriia,Kovalenko,+380910666832,valeriia.kovalenko.923@gmail.test,$2b$12$Uu.zFmEshNZh63f/30Q4GKUrQ8xRkxc9Uu.zFmEshNZh63f/30Q4G,2026-05-25 14:15:00,t
234,patient,Vladyslav,Turchyn,+380978490266,vladyslav.turchyn.1148@outlook.test,$2b$12$U2xzxHLzjV1oGj2arSxqVNe/zeECFnCuU2xzxHLzjV1oGj2arSxqV,2026-05-25 15:40:00,t
235,patient,Myroslava,Kovalevskyi,+380956463763,myroslava.kovalevskyi.376@ukrnet.test,$2b$12$TXWsBQRXwhcymJ4H1FGriW4GQJjuP8toTXWsBQRXwhcymJ4H1FGri,2026-05-25 16:00:00,t
236,patient,Ruslana,Kharchenko,+380637752075,patient_236@example.local,$2b$12$5QDLj3zi7uXXCZ0UNjFvh1.do8wul5XZ5QDLj3zi7uXXCZ0UNjFvh,2026-05-25 16:35:00,t
237,patient,Ivan,Zadorozhnyi,+380665989835,ivan.zadorozhnyi.683@gmail.test,$2b$12$oc22h6kBDEiuzdaezxg4Yjpx3UdDQqQDoc22h6kBDEiuzdaezxg4Y,2026-05-26 08:25:00,t
238,patient,Heorhii,Bondarenko,+380928277581,heorhii.bondarenko.1042@outlook.test,$2b$12$AOjXk7O7Mb5Ew1ktdXpt6qjUug67KjU5AOjXk7O7Mb5Ew1ktdXpt6,2026-05-26 09:45:00,t
239,patient,Oksana,Kyrylenko,+380910145999,oksana.kyrylenko.166@gmail.test,$2b$12$0ZV.swFcvqR85KnRBzK25XhLj.bHNya40ZV.swFcvqR85KnRBzK25,2026-05-26 11:35:00,t
240,patient,Sviatoslav,Fedorenko,+380942717210,sviatoslav.fedorenko.291@outlook.test,$2b$12$HHfy7GggZnCU.rehnip4GJ.tbHK2AyV0HHfy7GggZnCU.rehnip4G,2026-05-26 13:50:00,t
241,patient,Solomiia,Vakulenko,+380676834364,solomiia.vakulenko.172@ukrnet.test,$2b$12$a.Vb8o1L6qb8RX8nDl9XI6Iqikdt6mwBa.Vb8o1L6qb8RX8nDl9XI,2026-05-26 14:15:00,t
242,patient,Oleksandr,Malyshko,+380969889070,oleksandr.malyshko.246@gmail.test,$2b$12$qTjES6jZNMZxRjdOPFHi1opkUXdZtWdKqTjES6jZNMZxRjdOPFHi1,2026-05-26 14:50:00,t
243,patient,Valeriia,Kovalenko,+380982527036,valeriia.kovalenko.1162@ukrnet.test,$2b$12$iW/.KSII76bF6q2IXVD64ZV.b1cetTKkiW/.KSII76bF6q2IXVD64,2026-05-26 14:50:00,t
244,patient,Maksym,Stepanenko,+380672849360,maksym.stepanenko.605@gmail.test,$2b$12$M2i5ltAzsR4ZSJIK1QTywCrKIWa/ZwP2M2i5ltAzsR4ZSJIK1QTyw,2026-05-26 16:05:00,t
245,patient,Lesia,Buriak,+380958508759,lesia.buriak.485@ukrnet.test,$2b$12$q5Htwq2PjtM2Ig.54DsW8PzMgdER4IXgq5Htwq2PjtM2Ig.54DsW8,2026-05-26 16:10:00,t
246,patient,Sviatoslav,Shapoval,+380990370235,sviatoslav.shapoval.735@gmail.test,$2b$12$PnwF7k4QUjlNIdwO7h.CV/Mw7jgr48ZuPnwF7k4QUjlNIdwO7h.CV,2026-05-26 18:15:00,t
247,patient,Bohdana,Kapustian,+380732457383,bohdana.kapustian.81@icloud.test,$2b$12$WC8fWXR0HFB98dcn8XhptdigVsky0.XNWC8fWXR0HFB98dcn8Xhpt,2026-05-27 08:00:00,t
248,patient,Yelyzaveta,Levchenko,+380505676727,patient_248@example.local,$2b$12$qDelN2Efe006aMtGB14fFWBj8OlWleu1qDelN2Efe006aMtGB14fF,2026-05-27 08:05:00,t
249,patient,Tymofii,Vasylenko,+380739352163,patient_249@example.local,$2b$12$6.4UqsHVaY91dF9EBDCkVIvico3tXadN6.4UqsHVaY91dF9EBDCkV,2026-05-27 11:30:00,t
250,patient,Nataliia,Kharchenko,+380943440760,nataliia.kharchenko.351@proton.test,$2b$12$Jj8aPwwAhZqO9rUUEnsDhZQoXy9EL1LKJj8aPwwAhZqO9rUUEnsDh,2026-05-27 11:40:00,t
251,patient,Liubov,Martyniuk,+380678855610,liubov.martyniuk.961@outlook.test,$2b$12$7PrxNsSqLtNlxIBk9X8cm9A9wjBKyAJm7PrxNsSqLtNlxIBk9X8cm,2026-05-27 12:40:00,t
252,patient,Viktoriia,Nikolaienko,+380960807141,viktoriia.nikolaienko.585@gmail.test,$2b$12$9ksCrrdqlwmRpXKsFkOdWodxslTA6h5g9ksCrrdqlwmRpXKsFkOdW,2026-05-27 13:15:00,t
253,patient,Liliia,Petrenko,+380934499668,liliia.petrenko.715@gmail.test,$2b$12$Y5B4vZpUhCm6qb45vmti5Fv0op4/7mYaY5B4vZpUhCm6qb45vmti5,2026-05-27 15:00:00,t
254,patient,Liliia,Pavlenko,+380663066378,liliia.pavlenko.280@icloud.test,$2b$12$mfL34BuwDXJPOY2RWwG3OhpooFkTSDiGmfL34BuwDXJPOY2RWwG3O,2026-05-27 16:45:00,t
255,patient,Ivan,Kolesnyk,+380633422282,ivan.kolesnyk.105@outlook.test,$2b$12$mbftWAElkqgdePextdrtYizwTGcSX3CzmbftWAElkqgdePextdrtY,2026-05-27 16:50:00,t
256,patient,Kateryna,Pavlenko,+380739031857,kateryna.pavlenko.1006@gmail.test,$2b$12$l.ppPrK4Tofi4oEpE/ghV.AcbmMEajg/l.ppPrK4Tofi4oEpE/ghV,2026-05-28 09:45:00,t
257,patient,Emiliia,Kovalenko,+380983127595,emiliia.kovalenko.768@outlook.test,$2b$12$t.dwmWLVZRZi8IW.9Tkr2sQG7rbcBxSkt.dwmWLVZRZi8IW.9Tkr2,2026-05-28 11:10:00,t
258,patient,Alina,Tereshchenko,+380919869287,alina.tereshchenko.753@gmail.test,$2b$12$SvWJnRNNK8URCbbYeS.4hwM.EePS1LAwSvWJnRNNK8URCbbYeS.4h,2026-05-28 12:50:00,t
259,patient,Alina,Pylypenko,+380509542037,alina.pylypenko.979@ukrnet.test,$2b$12$Z2K5XfswBQPpXT8oPV0iVehXXokdwaK4Z2K5XfswBQPpXT8oPV0iV,2026-05-28 13:50:00,t
260,patient,Nadiia,Babenko,+380938531579,nadiia.babenko.655@outlook.test,$2b$12$j4avtx39tN1M5Pld7rrWI1nVgCK47hvOj4avtx39tN1M5Pld7rrWI,2026-05-28 14:50:00,t
261,patient,Kyrylo,Avramenko,+380958780584,kyrylo.avramenko.1101@ukrnet.test,$2b$12$PXDMDghzaev.4FJfpgYZkDuqhlxpGxClPXDMDghzaev.4FJfpgYZk,2026-05-28 15:15:00,t
262,patient,Olha,Boiko,+380508683305,olha.boiko.465@gmail.test,$2b$12$amX4c3IQJnsi4Lr6FlGeKfJaXwz3i1q7amX4c3IQJnsi4Lr6FlGeK,2026-05-28 16:10:00,t
263,patient,Marta,Polishchuk,+380983351548,marta.polishchuk.250@icloud.test,$2b$12$.SVgUCbZVLa1dS7UDmZs.zkIrRUSIxK1.SVgUCbZVLa1dS7UDmZs.,2026-05-28 19:55:00,t
264,patient,Artur,Malyshko,+380504808024,artur.malyshko.1120@outlook.test,$2b$12$JaEHGlW4ax37utjg.7Z9e914U3vnN.I8JaEHGlW4ax37utjg.7Z9e,2026-05-29 08:55:00,t
265,patient,Yelyzaveta,Kostenko,+380950736248,ielyzaveta.kostenko.681@gmail.test,$2b$12$I.L116iHcOeiwyBvIAsJDvZPdE/6ZiLLI.L116iHcOeiwyBvIAsJD,2026-05-29 09:30:00,t
266,patient,Vitalii,Shevchuk,+380732046940,vitalii.shevchuk.1172@gmail.test,$2b$12$ZGUT5DNjzZ57SOHeYINo5ZSFhslPtjA5ZGUT5DNjzZ57SOHeYINo5,2026-05-29 10:45:00,t
267,patient,Oleksii,Fedorenko,+380677596507,oleksii.fedorenko.24@icloud.test,$2b$12$GsbwA7tZ.s2mT8F7hLbSjzbNlhSOWUeeGsbwA7tZ.s2mT8F7hLbSj,2026-05-29 10:55:00,t
268,patient,Vitalii,Didenko,+380665592881,vitalii.didenko.15@gmail.test,$2b$12$GDYz2Pl1XwaUK6Nul9Ec7tHgLIZs.WnSGDYz2Pl1XwaUK6Nul9Ec7,2026-05-29 12:35:00,t
269,patient,Anna,Bilous,+380984998219,anna.bilous.600@ukrnet.test,$2b$12$oSm1nKgulNHjek2pe//jobAYfJQwJrhDoSm1nKgulNHjek2pe//jo,2026-05-29 13:20:00,t
270,patient,Svitlana,Pavlenko,+380675725844,svitlana.pavlenko.815@icloud.test,$2b$12$yALZl2wcCR9lN68U1a5Lmtktes6jnqjUyALZl2wcCR9lN68U1a5Lm,2026-05-29 14:15:00,t
271,patient,Liubov,Kapustian,+380921314405,liubov.kapustian.45@outlook.test,$2b$12$eakZ2aTN6iIqdMQRzh80JQ./XzYhSPqgeakZ2aTN6iIqdMQRzh80J,2026-05-29 15:15:00,t
272,patient,Iryna,Klymenko,+380951199162,iryna.klymenko.566@gmail.test,$2b$12$FzZFKFF7pvSPc./RUaLoGBqx9e7sE/s5FzZFKFF7pvSPc./RUaLoG,2026-05-29 15:35:00,t
273,patient,Tymofii,Tkachenko,+380932198692,tymofii.tkachenko.1074@gmail.test,$2b$12$/OTSPgX7NJFhahrG0BFrzlKJTea05hFm/OTSPgX7NJFhahrG0BFrz,2026-05-29 16:00:00,t
274,patient,Inna,Hnatiuk,+380949411827,inna.hnatiuk.971@icloud.test,$2b$12$A7OYMxhqoSFIgWHeoFphpIDtnrQhhfHPA7OYMxhqoSFIgWHeoFphp,2026-05-29 16:05:00,t
275,patient,Heorhii,Romanenko,+380958903685,patient_275@example.local,$2b$12$IKblTawETGiY5FzbYvKF1R79OvKDgVfYIKblTawETGiY5FzbYvKF1,2026-05-29 16:30:00,t
276,patient,Yelyzaveta,Kozak,+380976227680,ielyzaveta.kozak.860@outlook.test,$2b$12$C7FNwXN1fO/zJm3WSWGG5wG8ibTigBlbC7FNwXN1fO/zJm3WSWGG5,2026-05-30 07:05:00,t
277,patient,Stepan,Tkachenko,+380950303688,patient_277@example.local,$2b$12$2gs8a.2o7dJe0Xgye9iY8KEE1kTN4P0G2gs8a.2o7dJe0Xgye9iY8,2026-05-30 11:15:00,t
278,patient,Oleksandr,Zakharchenko,+380665996097,oleksandr.zakharchenko.1190@icloud.test,$2b$12$3pwiZ0nT3TY9Rr.n1zl8PxF9lTI5W4hp3pwiZ0nT3TY9Rr.n1zl8P,2026-05-30 13:40:00,f
279,patient,Marko,Buriak,+380921505825,patient_279@example.local,$2b$12$iQjAdWcBwVXNDgHqncXvD5e9YO87fqvgiQjAdWcBwVXNDgHqncXvD,2026-05-31 15:15:00,t
280,patient,Viktoriia,Andrushchenko,+380987529575,viktoriia.andrushchenko.906@gmail.test,$2b$12$aFJIELqvh59UvtkLahCOJyDWCys4zDN6aFJIELqvh59UvtkLahCOJ,2026-06-01 08:55:00,t
281,patient,Lev,Semeniuk,+380676145268,lev.semeniuk.325@ukrnet.test,$2b$12$IiU7tQJbhHosUK39ZYOJJoYi7zEPLGcbIiU7tQJbhHosUK39ZYOJJ,2026-06-01 09:20:00,t
282,patient,Marta,Kulyk,+380927455841,marta.kulyk.940@ukrnet.test,$2b$12$z0c3u1bT9la6WNIm91zM18OHJKehOr8az0c3u1bT9la6WNIm91zM1,2026-06-01 10:25:00,t
283,patient,Mykola,Myronenko,+380683324656,mykola.myronenko.286@outlook.test,$2b$12$QSWdz52aKC/ArIHusUpPHporZ2yipD.eQSWdz52aKC/ArIHusUpPH,2026-06-01 10:55:00,t
284,patient,Lesia,Velychko,+380959078620,lesia.velychko.119@ukrnet.test,$2b$12$yOkWr4YTDJSu9jp7pnwJLxkUb19w021pyOkWr4YTDJSu9jp7pnwJL,2026-06-01 13:10:00,t
285,patient,Kateryna,Haiduk,+380962033506,kateryna.haiduk.327@proton.test,$2b$12$qZwrU0p39vxCOlRlfrbZ9eGdIgHyTS60qZwrU0p39vxCOlRlfrbZ9,2026-06-01 13:15:00,t
286,patient,Vasyl,Verbytskyi,+380671185653,vasyl.verbytskyi.203@gmail.test,$2b$12$iu5S2SY6BMTpltoJHg.4ZfbEKZx6n7u7iu5S2SY6BMTpltoJHg.4Z,2026-06-01 13:30:00,t
287,patient,Artur,Kharchenko,+380976138629,artur.kharchenko.723@ukrnet.test,$2b$12$TturHk.Veov.2fBTAhIB029TFW0HWDcrTturHk.Veov.2fBTAhIB0,2026-06-01 13:35:00,t
288,patient,Danylo,Korniienko,+380981907269,danylo.korniienko.372@gmail.test,$2b$12$S8HdJcNFMUdoQVHLbeEoaLRTqrLP/qoMS8HdJcNFMUdoQVHLbeEoa,2026-06-01 15:15:00,t
289,patient,Bohdan,Klymenko,+380669156547,bohdan.klymenko.846@gmail.test,$2b$12$a0JMNxqM0fTcsCtMn0oVYoRhsoj0Eaita0JMNxqM0fTcsCtMn0oVY,2026-06-01 15:35:00,t
290,patient,Lev,Malyshko,+380969176852,patient_290@example.local,$2b$12$Mg1jvL8IaQ6/H1f69S6iXGBggL7CQIFHMg1jvL8IaQ6/H1f69S6iX,2026-06-01 16:45:00,t
291,patient,Olha,Kozak,+380959487773,olha.kozak.787@gmail.test,$2b$12$nv3Na2IP/Z4wLvvJukpzOyNskXohq50Hnv3Na2IP/Z4wLvvJukpzO,2026-06-01 17:30:00,t
292,patient,Myron,Kulyk,+380940551340,myron.kulyk.96@ukrnet.test,$2b$12$sr2uSgRpnsyVE1h./Hms3IJ0mpXZcvM1sr2uSgRpnsyVE1h./Hms3,2026-06-02 09:20:00,t
293,patient,Yuliia,Prykhodko,+380926698115,iuliia.prykhodko.153@ukrnet.test,$2b$12$w4oSzU/1XPcX4RwwMcm8J0z/HV5xiJKvw4oSzU/1XPcX4RwwMcm8J,2026-06-02 10:45:00,t
294,patient,Pavlo,Babenko,+380502536614,pavlo.babenko.875@gmail.test,$2b$12$DNBNdAnohSW7.W699XEi/v00I54xH.5dDNBNdAnohSW7.W699XEi/,2026-06-02 10:55:00,t
295,patient,Olha,Prykhodko,+380989869662,olha.prykhodko.90@outlook.test,$2b$12$TNNelTJwlI4xWphbHbpaBHmJV5IG.haeTNNelTJwlI4xWphbHbpaB,2026-06-02 11:10:00,t
296,patient,Oleh,Velychko,+380736701374,oleh.velychko.884@outlook.test,$2b$12$/yLlypFhD6mCdSr47oDVSSyLeRCyN1ga/yLlypFhD6mCdSr47oDVS,2026-06-02 11:20:00,t
297,patient,Maksym,Makarenko,+380915108458,maksym.makarenko.29@gmail.test,$2b$12$9zKhl/QRxPy6ZFkH1nb/0LoUjDxVjDpd9zKhl/QRxPy6ZFkH1nb/0,2026-06-02 12:15:00,t
298,patient,Anton,Tkachenko,+380966327382,anton.tkachenko.1114@outlook.test,$2b$12$7a.0/zokR8CtbF.bhH2CzCmeP.J/DTNa7a.0/zokR8CtbF.bhH2Cz,2026-06-02 12:25:00,t
299,patient,Mykhailo,Panchenko,+380630246671,mykhailo.panchenko.1041@gmail.test,$2b$12$/UxaLSCyzCeVqPa9PlRD2i1iRKBsA.pm/UxaLSCyzCeVqPa9PlRD2,2026-06-02 13:05:00,t
300,patient,Emiliia,Zadorozhnyi,+380501681822,emiliia.zadorozhnyi.176@ukrnet.test,$2b$12$UaB36CYGuQpEWWmwb9gYMlZenN/AvuOvUaB36CYGuQpEWWmwb9gYM,2026-06-02 13:30:00,t
301,patient,Volodymyr,Zinchenko,+380636642035,volodymyr.zinchenko.838@gmail.test,$2b$12$.w.vnP9isV5SCymnEjMcegJH9ZbZZSv8.w.vnP9isV5SCymnEjMce,2026-06-02 14:55:00,t
302,patient,Alla,Shevchenko,+380734502452,alla.shevchenko.894@icloud.test,$2b$12$ZyrMzmfHJPUQanKCrE3Ji1bbC5jCSuZxZyrMzmfHJPUQanKCrE3Ji,2026-06-02 15:55:00,t
303,patient,Oleh,Rybak,+380939053658,oleh.rybak.391@gmail.test,$2b$12$wJS6ldMw/ZtCq7sw6xSp.jb1hTIVDoapwJS6ldMw/ZtCq7sw6xSp.,2026-06-02 16:25:00,t
304,patient,Heorhii,Dubenko,+380964930682,heorhii.dubenko.553@outlook.test,$2b$12$oXImitzPfZmYNPE5XEDyN9SwvL9ijwmxoXImitzPfZmYNPE5XEDyN,2026-06-02 16:50:00,t
305,patient,Olena,Vakulenko,+380926153507,patient_305@example.local,$2b$12$wGkUFpT8knNBA9Vwdgs3Jg43DmngiUV.wGkUFpT8knNBA9Vwdgs3J,2026-06-02 17:25:00,t
306,patient,Uliana,Kovalevskyi,+380915211319,uliana.kovalevskyi.755@gmail.test,$2b$12$YQcdu9S4pD1CzQOJzvMnDi9e0cCoUHV/YQcdu9S4pD1CzQOJzvMnD,2026-06-02 18:40:00,t
307,patient,Valeriia,Hordiienko,+380664756366,valeriia.hordiienko.785@gmail.test,$2b$12$DDnIzV.v2ndVutgiH.edkyHBYEaz8tkgDDnIzV.v2ndVutgiH.edk,2026-06-03 08:35:00,t
308,patient,Inna,Lazarenko,+380929935029,inna.lazarenko.103@ukrnet.test,$2b$12$s4sM2ziAeQ/x4MzBxpKFQyup4a8HMSnHs4sM2ziAeQ/x4MzBxpKFQ,2026-06-03 09:05:00,t
309,patient,Ruslana,Turchyn,+380660135705,ruslana.turchyn.197@ukrnet.test,$2b$12$5E6KYXPHPJYhN2VhPOzJOLNNxkuB5TUJ5E6KYXPHPJYhN2VhPOzJO,2026-06-03 09:15:00,t
310,patient,Alina,Kovalenko,+380970333744,alina.kovalenko.927@icloud.test,$2b$12$0l05aLJD25eEhqkN9aXAloMdzS7AqYNf0l05aLJD25eEhqkN9aXAl,2026-06-03 09:25:00,t
311,patient,Khrystyna,Samoilenko,+380948787199,khrystyna.samoilenko.284@outlook.test,$2b$12$qP7HiqSLK4q3Su9Z8b3Fwn1/teIlQyQmqP7HiqSLK4q3Su9Z8b3Fw,2026-06-03 09:30:00,t
312,patient,Vadym,Makarenko,+380929411408,vadym.makarenko.882@gmail.test,$2b$12$LZb3HsiIovcO0xpuSNaOjNGH4BzJR7hRLZb3HsiIovcO0xpuSNaOj,2026-06-03 09:40:00,t
313,patient,Kyrylo,Petrenko,+380670981993,kyrylo.petrenko.529@gmail.test,$2b$12$ew07WcUI2g/h8Fb6.SFCKPyOqBsmCovHew07WcUI2g/h8Fb6.SFCK,2026-06-03 12:45:00,t
314,patient,Tetiana,Hrytsenko,+380672998729,tetiana.hrytsenko.82@ukrnet.test,$2b$12$V8buyRxDmTMLhHf/23Hex68y6kKaG/trV8buyRxDmTMLhHf/23Hex,2026-06-03 13:30:00,t
315,patient,Nataliia,Doroshenko,+380981008714,nataliia.doroshenko.798@ukrnet.test,$2b$12$egVR/FNPCaHof6U9ot6H9/CbCwJufd2kegVR/FNPCaHof6U9ot6H9,2026-06-03 13:45:00,t
316,patient,Ruslana,Dovzhenko,+380680575683,ruslana.dovzhenko.779@gmail.test,$2b$12$Edb7qcmXaVXKJ1Sr5Cbq9kFE9mgRvvHeEdb7qcmXaVXKJ1Sr5Cbq9,2026-06-03 13:55:00,t
317,patient,Artur,Nechyporenko,+380983402813,patient_317@example.local,$2b$12$ydqKV5NQDkD8mrYvg9XltSAzQnFTGH77ydqKV5NQDkD8mrYvg9Xlt,2026-06-03 15:15:00,t
318,patient,Alla,Lazarenko,+380920259211,alla.lazarenko.1@gmail.test,$2b$12$LsKp0JefES2naGY3IFDSq/qmg5DzJ/neLsKp0JefES2naGY3IFDSq,2026-06-03 15:30:00,t
319,patient,Demian,Tereshchenko,+380920736038,demian.tereshchenko.48@ukrnet.test,$2b$12$00z0XGzSpc8vUt3RbHHJMu3RzBYEDAKC00z0XGzSpc8vUt3RbHHJM,2026-06-03 15:35:00,t
320,patient,Marta,Ivanenko,+380664217834,marta.ivanenko.425@outlook.test,$2b$12$9V5AsmOT0kOdR0SqGL4ZQ2dclq5PKFZm9V5AsmOT0kOdR0SqGL4ZQ,2026-06-04 09:20:00,t
321,patient,Denys,Kolesnyk,+380919970587,patient_321@example.local,$2b$12$KekHDMy/q7PCQRfSeddz7/ihYXnRXoStKekHDMy/q7PCQRfSeddz7,2026-06-04 09:55:00,t
322,patient,Alla,Savchenko,+380686234671,patient_322@example.local,$2b$12$lj/z6GwziZufPlcidZKTs6mcT98MD927lj/z6GwziZufPlcidZKTs,2026-06-04 10:25:00,t
323,patient,Valeriia,Prykhodko,+380970850469,valeriia.prykhodko.265@outlook.test,$2b$12$v7qYGblKDMrDMHqF5tueQZtnaw/Ku/mMv7qYGblKDMrDMHqF5tueQ,2026-06-04 12:00:00,t
324,patient,Oksana,Hordiienko,+380933759499,oksana.hordiienko.4@gmail.test,$2b$12$rmK30TQJJs9e3QK8/FSFgCPHKSXWAwoMrmK30TQJJs9e3QK8/FSFg,2026-06-04 12:35:00,t
325,patient,Hanna,Zhuravel,+380952312326,patient_325@example.local,$2b$12$jSVceVueuHadYBKcQvjgWwTv4hEIj4qfjSVceVueuHadYBKcQvjgW,2026-06-04 13:00:00,t
326,patient,Oksana,Tkachenko,+380975996335,oksana.tkachenko.307@gmail.test,$2b$12$Aaxo0zNSSqPLupVDHYeprdTZwbu41dC4Aaxo0zNSSqPLupVDHYepr,2026-06-04 14:30:00,t
327,patient,Yelyzaveta,Oliinyk,+380682012526,patient_327@example.local,$2b$12$1bm8W7BshbIpAadR84JrCp9XvXEy7MqW1bm8W7BshbIpAadR84JrC,2026-06-04 15:10:00,t
328,patient,Anna,Kozak,+380680344865,patient_328@example.local,$2b$12$.N3KhmRs7dZPWn382jc1GNdSBSH4hylo.N3KhmRs7dZPWn382jc1G,2026-06-04 15:40:00,t
329,patient,Tymofii,Palamarchuk,+380679559590,patient_329@example.local,$2b$12$cfU4d5blziKh/JbKVreq3R0sjNwXjSJ5cfU4d5blziKh/JbKVreq3,2026-06-04 15:45:00,t
330,patient,Dmytro,Savchenko,+380977976504,patient_330@example.local,$2b$12$UeaQL31gBAdApnzlpdPE9Uw..QhtpziZUeaQL31gBAdApnzlpdPE9,2026-06-04 15:55:00,t
331,patient,Olena,Andrushchenko,+380943206438,olena.andrushchenko.557@gmail.test,$2b$12$lrhtA5cYZ/jC1cBlAAS8zrKOEFDwcborlrhtA5cYZ/jC1cBlAAS8z,2026-06-05 07:00:00,t
332,patient,Taras,Ostapenko,+380632682869,taras.ostapenko.634@outlook.test,$2b$12$juKK4UDsqsTkiR/LI463PXS6DWc5BxcojuKK4UDsqsTkiR/LI463P,2026-06-05 08:50:00,t
333,patient,Nadiia,Vasylenko,+380924622063,patient_333@example.local,$2b$12$TRmANf4ZQFEf8gCQyGVqebGHSvnciVvETRmANf4ZQFEf8gCQyGVqe,2026-06-05 08:50:00,t
334,patient,Svitlana,Vasylenko,+380990398473,svitlana.vasylenko.135@gmail.test,$2b$12$wP2l76ic.KMUXkpptnZJFis4z39mk9fgwP2l76ic.KMUXkpptnZJF,2026-06-05 09:00:00,t
335,patient,Ihor,Avramenko,+380739356132,ihor.avramenko.510@outlook.test,$2b$12$OJrSux1fMBHVkPOSEhaKYZfWLW6mEP1GOJrSux1fMBHVkPOSEhaKY,2026-06-05 10:00:00,t
336,patient,Liubov,Klymenko,+380913041279,liubov.klymenko.459@icloud.test,$2b$12$Tet9QfHW2HcpLBwcF7wwZKu/aOEQ84jETet9QfHW2HcpLBwcF7wwZ,2026-06-05 10:05:00,t
337,patient,Myroslava,Haiduk,+380679411760,patient_337@example.local,$2b$12$NntLdtCG4FFIR4vI7xTWNmcAMF4BK63SNntLdtCG4FFIR4vI7xTWN,2026-06-05 10:05:00,t
338,patient,Kateryna,Pylypenko,+380984845452,kateryna.pylypenko.328@gmail.test,$2b$12$Hx0nXoREvnx8GaC97rfnjSHUhigFLvxVHx0nXoREvnx8GaC97rfnj,2026-06-05 10:10:00,t
339,patient,Marko,Vovk,+380681746622,marko.vovk.39@outlook.test,$2b$12$6UL7cfrVm2FqANZ5TmPoDY0I7Yj8fzjI6UL7cfrVm2FqANZ5TmPoD,2026-06-05 10:25:00,t
340,patient,Ruslana,Kharchenko,+380680397613,ruslana.kharchenko.671@gmail.test,$2b$12$/dj1H7MzYHC4Ph5yg7nsJX1SvUH6BHxl/dj1H7MzYHC4Ph5yg7nsJ,2026-06-05 11:40:00,t
341,patient,Vira,Hordiienko,+380636034901,vira.hordiienko.901@ukrnet.test,$2b$12$i7Utf132okZ57RvUepp0RhPeF0500drki7Utf132okZ57RvUepp0R,2026-06-05 13:05:00,t
342,patient,Nazar,Shevchuk,+380947264375,nazar.shevchuk.174@gmail.test,$2b$12$3crxVPD4jjQIcFTs3it/HzL6Uf6VtdyZ3crxVPD4jjQIcFTs3it/H,2026-06-05 14:20:00,t
343,patient,Dmytro,Tereshchenko,+380953959412,patient_343@example.local,$2b$12$...1eSB2df9BiNoth6CDS5bFRowhvast...1eSB2df9BiNoth6CDS,2026-06-05 15:35:00,t
344,patient,Mykola,Kostenko,+380979533479,mykola.kostenko.346@outlook.test,$2b$12$tc5IMIiHgqAL.sW8VIrZKpXLhTx09bEktc5IMIiHgqAL.sW8VIrZK,2026-06-05 16:10:00,t
345,patient,Anton,Bilous,+380965973518,anton.bilous.292@gmail.test,$2b$12$N.WRfrznIvq8t2SYy.J/m9wMueLGY8mfN.WRfrznIvq8t2SYy.J/m,2026-06-05 16:45:00,t
346,patient,Petro,Bondarenko,+380669929797,petro.bondarenko.817@outlook.test,$2b$12$7EoEPk5rS8767acd3UKHJVDdbVof.Ylj7EoEPk5rS8767acd3UKHJ,2026-06-05 18:45:00,t
347,patient,Bohdan,Kulyk,+380970354056,bohdan.kulyk.1069@icloud.test,$2b$12$WHRzyB.ddrbBLId2ZC7q/usYhU6UzIaJWHRzyB.ddrbBLId2ZC7q/,2026-06-06 20:30:00,t
348,patient,Olha,Kravchenko,+380667915904,olha.kravchenko.1188@gmail.test,$2b$12$KfgaF0XRsaQjwI7lSMEDexVvwjrun9nzKfgaF0XRsaQjwI7lSMEDe,2026-06-07 13:25:00,t
349,patient,Zoriana,Zakharchenko,+380940114460,zoriana.zakharchenko.729@gmail.test,$2b$12$S2SONeA2tva5e8VZ.hidFdAag388d7ClS2SONeA2tva5e8VZ.hidF,2026-06-08 08:10:00,f
350,patient,Diana,Semeniuk,+380969313117,diana.semeniuk.704@proton.test,$2b$12$b4Ow0N6eInJgwYVhqMCI5pNQA5evEkItb4Ow0N6eInJgwYVhqMCI5,2026-06-08 08:35:00,t
351,patient,Danylo,Sydorenko,+380500870359,danylo.sydorenko.364@gmail.test,$2b$12$ezH62R3RoSIq8X2QQf1g9wS.QmhF.c6jezH62R3RoSIq8X2QQf1g9,2026-06-08 08:35:00,t
352,patient,Uliana,Avramenko,+380955016691,uliana.avramenko.1152@gmail.test,$2b$12$L6.Nyf8V45WQkEE0CnwJnJQClXpmPeFKL6.Nyf8V45WQkEE0CnwJn,2026-06-08 09:05:00,t
353,patient,Roman,Haiduk,+380963713947,roman.haiduk.262@gmail.test,$2b$12$.clTJI6XpdwVNFf63rY0U5cVcgkD5hQy.clTJI6XpdwVNFf63rY0U,2026-06-08 09:20:00,t
354,patient,Mariia,Kozak,+380996365606,mariia.kozak.1112@gmail.test,$2b$12$5szalK/2Ae8EzlT25Flrz991pYCH1PiU5szalK/2Ae8EzlT25Flrz,2026-06-08 10:00:00,t
355,patient,Tymofii,Yaremenko,+380924027107,tymofii.iaremenko.761@ukrnet.test,$2b$12$SpV9VG4zRPD4c.NFHcG2uAkIGBCwrqdYSpV9VG4zRPD4c.NFHcG2u,2026-06-08 11:50:00,t
356,patient,Viktor,Kozak,+380735188883,viktor.kozak.709@gmail.test,$2b$12$k2RNdGoIwa987erUR.bIYZPQ0xrTOb9gk2RNdGoIwa987erUR.bIY,2026-06-08 15:45:00,t
357,patient,Mykola,Kapustian,+380674134969,mykola.kapustian.1199@gmail.test,$2b$12$5HxowGEzigwf6lS1zZWvb4LuY0xn10iJ5HxowGEzigwf6lS1zZWvb,2026-06-08 16:20:00,t
358,patient,Yaroslav,Kondratiuk,+380936593472,iaroslav.kondratiuk.1171@outlook.test,$2b$12$uo8TtPyqTuVTmyXDIN3caNqDLZeRi0i0uo8TtPyqTuVTmyXDIN3ca,2026-06-08 16:35:00,t
359,patient,Yaroslav,Rudenko,+380990325803,iaroslav.rudenko.7@ukrnet.test,$2b$12$FijuIy3HzYZDy7dyuEtqJ7riulkyUukHFijuIy3HzYZDy7dyuEtqJ,2026-06-09 09:20:00,t
360,patient,Svitlana,Kovalevskyi,+380976472707,patient_360@example.local,$2b$12$bUpkHoBwpwaBjDlbqiQFEZFS5SUSJAgGbUpkHoBwpwaBjDlbqiQFE,2026-06-09 11:50:00,t
361,patient,Alla,Hrytsenko,+380736408389,alla.hrytsenko.767@ukrnet.test,$2b$12$SqomZmOhlm1yB8bGzX2XiY/LVDrniPLpSqomZmOhlm1yB8bGzX2Xi,2026-06-09 12:05:00,t
362,patient,Dmytro,Dovzhenko,+380969078935,dmytro.dovzhenko.466@gmail.test,$2b$12$9oUp6KfyMQ2pEeuMKrFlEMuoNyqY684e9oUp6KfyMQ2pEeuMKrFlE,2026-06-09 12:10:00,t
363,patient,Yana,Didenko,+380924412162,iana.didenko.1197@proton.test,$2b$12$bQyi/9AAgqvjjGNQ6Ucr.wAnw.s9wiC3bQyi/9AAgqvjjGNQ6Ucr.,2026-06-09 12:15:00,t
364,patient,Vladyslav,Lysenko,+380927307608,patient_364@example.local,$2b$12$IXJO5gcC9vWPRhd5.QiG6tYnjp5xA4pbIXJO5gcC9vWPRhd5.QiG6,2026-06-09 12:35:00,t
365,patient,Mariia,Kolesnyk,+380636133027,mariia.kolesnyk.186@ukrnet.test,$2b$12$znm30/1s3J9OvgP8WJKlCGAS.AV8TwhEznm30/1s3J9OvgP8WJKlC,2026-06-09 13:35:00,t
366,patient,Kyrylo,Melnyk,+380675784964,kyrylo.melnyk.487@gmail.test,$2b$12$xcGNOE2jKBa6ZakfYpTU9YonRvtN5NDnxcGNOE2jKBa6ZakfYpTU9,2026-06-09 14:35:00,t
367,patient,Marta,Andrushchenko,+380935094655,marta.andrushchenko.1109@ukrnet.test,$2b$12$jfCP1j6C/HCCKbP6YC3..qUFvYvs.F/2jfCP1j6C/HCCKbP6YC3..,2026-06-09 16:00:00,t
368,patient,Bohdana,Lozovyi,+380669285946,bohdana.lozovyi.1082@gmail.test,$2b$12$45V4c7tZQpomE9PamJFlZjV9/yJ6hdXf45V4c7tZQpomE9PamJFlZ,2026-06-09 16:20:00,t
369,patient,Marko,Martyniuk,+380926207561,marko.martyniuk.864@gmail.test,$2b$12$DEiK4c9SQNY05loEP7vzhw6HRpifvrSwDEiK4c9SQNY05loEP7vzh,2026-06-09 16:25:00,t
370,patient,Nazar,Melnyk,+380635981920,nazar.melnyk.256@gmail.test,$2b$12$Hz4bRjiwKOl7uEHpqygam5eOqiISVUy/Hz4bRjiwKOl7uEHpqygam,2026-06-09 16:55:00,t
371,patient,Mariia,Makarenko,+380669090570,mariia.makarenko.424@gmail.test,$2b$12$LEw/rjsrZfTwDRJD6KhNM/SA/HUhY4arLEw/rjsrZfTwDRJD6KhNM,2026-06-10 07:25:00,t
372,patient,Vasyl,Lysenko,+380668497566,vasyl.lysenko.1105@gmail.test,$2b$12$wpi1TATa77bQ.TxSxp95PURuBr5L7QyAwpi1TATa77bQ.TxSxp95P,2026-06-10 08:10:00,t
373,patient,Valeriia,Haiduk,+380991650601,valeriia.haiduk.60@ukrnet.test,$2b$12$adaU7nRiJU.EqVstzPEHzaNYZ9hviBOiadaU7nRiJU.EqVstzPEHz,2026-06-10 09:20:00,t
374,patient,Stepan,Pylypenko,+380507953111,patient_374@example.local,$2b$12$zOw8K44AduEIupzZmF0cdHX0pUXgTTBrzOw8K44AduEIupzZmF0cd,2026-06-10 09:40:00,t
375,patient,Sofiia,Haiduk,+380508784442,sofiia.haiduk.193@gmail.test,$2b$12$XP8uTCJzoH7hyLZ.75HSXARFco.D98KTXP8uTCJzoH7hyLZ.75HSX,2026-06-10 09:55:00,t
376,patient,Iryna,Kostenko,+380638517852,iryna.kostenko.581@gmail.test,$2b$12$Dq1f6BT8Yc.DsnlIASW.mgLrHerDkd4xDq1f6BT8Yc.DsnlIASW.m,2026-06-10 10:45:00,t
377,patient,Mykola,Nechyporenko,+380915947492,patient_377@example.local,$2b$12$.3BwN1SZz8bbaUZPt9f8f46eST6oRj.A.3BwN1SZz8bbaUZPt9f8f,2026-06-10 11:20:00,t
378,patient,Alina,Fedorenko,+380663013721,alina.fedorenko.38@gmail.test,$2b$12$zmY5XaKhj.H3Cz2LCeU9ufxZVZ4UOz3nzmY5XaKhj.H3Cz2LCeU9u,2026-06-10 11:30:00,t
379,patient,Olena,Nikolaienko,+380634370841,olena.nikolaienko.289@outlook.test,$2b$12$u3/Jj/RsTBPf7hStT4b3904nnYxbja5du3/Jj/RsTBPf7hStT4b39,2026-06-10 11:35:00,t
380,patient,Kyrylo,Havryliuk,+380957952776,kyrylo.havryliuk.1139@proton.test,$2b$12$GSYEnnhyCd3OGyWW3pbaYeovK24QOBOTGSYEnnhyCd3OGyWW3pbaY,2026-06-10 11:35:00,t
381,patient,Pavlo,Kovalevskyi,+380673130242,pavlo.kovalevskyi.1118@gmail.test,$2b$12$XD54qLDzEFCcMjkTBY1noSsB15Q5OiYLXD54qLDzEFCcMjkTBY1no,2026-06-10 12:00:00,t
382,patient,Danylo,Rudenko,+380508285978,danylo.rudenko.1015@ukrnet.test,$2b$12$5aAzIC1/LgVRj6N2RNmjZyxSjNuEax0o5aAzIC1/LgVRj6N2RNmjZ,2026-06-10 15:50:00,t
383,patient,Yuliia,Samoilenko,+380931794970,iuliia.samoilenko.565@proton.test,$2b$12$t1h0MgUukZOznvd2ZoRRaZfOAP107mcUt1h0MgUukZOznvd2ZoRRa,2026-06-10 16:00:00,t
384,patient,Anastasiia,Klymenko,+380916690273,anastasiia.klymenko.721@gmail.test,$2b$12$Y3RCIUMijufHou3GZ4d6k3cCG0dHJsKjY3RCIUMijufHou3GZ4d6k,2026-06-10 16:10:00,t
385,patient,Andrii,Samoilenko,+380982448924,andrii.samoilenko.658@icloud.test,$2b$12$DAJWEMUeupc6kA9XxbxzqWu7fqk/kYe7DAJWEMUeupc6kA9Xxbxzq,2026-06-10 16:20:00,t
386,patient,Andrii,Kravets,+380920671379,andrii.kravets.255@gmail.test,$2b$12$8IHcLcrST9XIj/E5NpKws0kyg0oUR8mg8IHcLcrST9XIj/E5NpKws,2026-06-10 18:45:00,t
387,patient,Lesia,Shevchuk,+380736983702,lesia.shevchuk.199@gmail.test,$2b$12$6ImvWVImrVWO5y0zFrssMrmCHik5F/Zl6ImvWVImrVWO5y0zFrssM,2026-06-11 07:45:00,t
388,patient,Liudmyla,Malyshko,+380913048670,liudmyla.malyshko.766@gmail.test,$2b$12$qHNanGdgDBHU2C61icbUbXHGjR3cBMV1qHNanGdgDBHU2C61icbUb,2026-06-11 08:30:00,t
389,patient,Milana,Turchyn,+380950780489,patient_389@example.local,$2b$12$t/bplKqhtjeyLK8JWrDuo7vL8NmW19WEt/bplKqhtjeyLK8JWrDuo,2026-06-11 09:10:00,t
390,patient,Lesia,Savchenko,+380661558762,lesia.savchenko.136@proton.test,$2b$12$pDEbEyVFhvii8B3XKuG8upffhxI0gTlSpDEbEyVFhvii8B3XKuG8u,2026-06-11 09:10:00,t
391,patient,Ihor,Prykhodko,+380638174886,ihor.prykhodko.924@proton.test,$2b$12$npTSyA/3dlpR/4C3xYUL5AEHZxOyqj93npTSyA/3dlpR/4C3xYUL5,2026-06-11 09:55:00,t
392,patient,Sofiia,Hordiienko,+380988074877,sofiia.hordiienko.182@gmail.test,$2b$12$3qjmL31noz24YZZtDyzhYs7J9X3mRP1p3qjmL31noz24YZZtDyzhY,2026-06-11 10:10:00,t
393,patient,Viktor,Vasylenko,+380995910185,viktor.vasylenko.695@icloud.test,$2b$12$6Z0PGH3RoDZsjT67ZoHcN094NHDrzgkV6Z0PGH3RoDZsjT67ZoHcN,2026-06-11 11:25:00,t
394,patient,Tetiana,Levchenko,+380989388304,tetiana.levchenko.758@ukrnet.test,$2b$12$G6qdUf5X23O10KvvW8FtxzacP1g4bE/9G6qdUf5X23O10KvvW8Ftx,2026-06-11 11:45:00,t
395,patient,Liliia,Andrushchenko,+380638302651,liliia.andrushchenko.631@gmail.test,$2b$12$LA7CO37SWVinQO.LdA8dOdVL3Zar2lMLLA7CO37SWVinQO.LdA8dO,2026-06-11 12:45:00,t
396,patient,Marko,Mazur,+380667214595,marko.mazur.792@outlook.test,$2b$12$acbiZRpcwaWz/.4aWJz4cthG4mYSqs7CacbiZRpcwaWz/.4aWJz4c,2026-06-11 20:40:00,t
397,patient,Kateryna,Serdiuk,+380670127612,kateryna.serdiuk.451@proton.test,$2b$12$rJM/uyl0n34PM0wJGjzQzTk/9o4HUVrqrJM/uyl0n34PM0wJGjzQz,2026-06-12 09:25:00,t
398,patient,Veronika,Dubenko,+380667370230,patient_398@example.local,$2b$12$I3fxBV8YiScsc3H3Y8A4tw0H4rbLihGPI3fxBV8YiScsc3H3Y8A4t,2026-06-12 09:50:00,t
399,patient,Vasyl,Kyrylenko,+380676154271,vasyl.kyrylenko.918@outlook.test,$2b$12$rWv7V4/M2fnUla11YVbPwshhyGhEsA7ZrWv7V4/M2fnUla11YVbPw,2026-06-12 09:55:00,t
400,patient,Sofiia,Lysenko,+380982427671,patient_400@example.local,$2b$12$Tjyad/HGZJkvsC3aqc.yLZ5M3qs8HJC7Tjyad/HGZJkvsC3aqc.yL,2026-06-12 10:10:00,t
401,patient,Olena,Babenko,+380992880685,olena.babenko.822@ukrnet.test,$2b$12$60mM9Nb/L6Y8KnOCJ5nud/fO3w538b1p60mM9Nb/L6Y8KnOCJ5nud,2026-06-12 10:25:00,t
402,patient,Yevhen,Makarenko,+380735459315,ievhen.makarenko.46@outlook.test,$2b$12$oJ6eB84Txun6sMnjy/DMI9f98oTaPptzoJ6eB84Txun6sMnjy/DMI,2026-06-12 12:15:00,t
403,patient,Stepan,Dovzhenko,+380939076196,patient_403@example.local,$2b$12$A54x3D5jWVNu31BfZUsH0034RyVGvMbRA54x3D5jWVNu31BfZUsH0,2026-06-12 12:25:00,t
404,patient,Dmytro,Kravchenko,+380502532286,patient_404@example.local,$2b$12$OeiIk5iBSBzjrf0NwywYNFpey10wUntIOeiIk5iBSBzjrf0NwywYN,2026-06-12 13:50:00,t
405,patient,Hanna,Avramenko,+380917202662,patient_405@example.local,$2b$12$owhTpL7Xjsbt.AEbhw0P4o0DuoUeclwnowhTpL7Xjsbt.AEbhw0P4,2026-06-12 14:35:00,t
406,patient,Heorhii,Ivanenko,+380736932687,patient_406@example.local,$2b$12$GIqKw1zQlQOsKs46RMu1ZdqEOaz.bIFwGIqKw1zQlQOsKs46RMu1Z,2026-06-12 15:20:00,t
407,patient,Hanna,Kravets,+380940039090,hanna.kravets.157@gmail.test,$2b$12$RmUZFqXnREOu0hWi7pST8Om1JTAYbu2JRmUZFqXnREOu0hWi7pST8,2026-06-12 15:35:00,t
408,patient,Petro,Kovalevskyi,+380733748741,petro.kovalevskyi.960@outlook.test,$2b$12$vkpXWMPbnpZwq1NKdA8F/F8FGcf51bl2vkpXWMPbnpZwq1NKdA8F/,2026-06-12 15:55:00,t
409,patient,Sviatoslav,Martyniuk,+380731206263,sviatoslav.martyniuk.398@gmail.test,$2b$12$OL.Rfp95qlbIuC3oJ7oSII0GcYxgFmXXOL.Rfp95qlbIuC3oJ7oSI,2026-06-14 10:35:00,t
410,patient,Diana,Prykhodko,+380979012332,diana.prykhodko.744@gmail.test,$2b$12$aK/ypecmjLqYy8B6miwr3hAFHezDuqKKaK/ypecmjLqYy8B6miwr3,2026-06-14 18:45:00,t
411,patient,Bohdana,Moroz,+380950292474,bohdana.moroz.774@gmail.test,$2b$12$aIkuzAPvi6PkplEMy1AThS1LnoibzyEjaIkuzAPvi6PkplEMy1ATh,2026-06-15 10:10:00,t
412,patient,Sofiia,Nikolaienko,+380970332608,sofiia.nikolaienko.109@ukrnet.test,$2b$12$V7OFySijS58ZaEJSQbqhgPFD8rVi3Y0vV7OFySijS58ZaEJSQbqhg,2026-06-15 10:10:00,t
413,patient,Liliia,Yaremenko,+380974486749,liliia.iaremenko.1057@outlook.test,$2b$12$.T.W5NlzL.LsQF9fv/frpoZAkJRUeMqf.T.W5NlzL.LsQF9fv/frp,2026-06-15 10:20:00,t
414,patient,Liubov,Zinchenko,+380957432163,patient_414@example.local,$2b$12$1eXNjC4d2wqx2dt1F9gDU3/f3fXhEK9U1eXNjC4d2wqx2dt1F9gDU,2026-06-15 10:55:00,t
415,patient,Vladyslav,Hnatiuk,+380988700607,vladyslav.hnatiuk.871@ukrnet.test,$2b$12$COPmT6EWbuGxuErFjJAXHsTJJ7CTvZeHCOPmT6EWbuGxuErFjJAXH,2026-06-15 12:30:00,t
416,patient,Matvii,Chernenko,+380913284254,matvii.chernenko.187@gmail.test,$2b$12$QkJgrQauP98Owi9ekXYsFaKdxw/t/IQ3QkJgrQauP98Owi9ekXYsF,2026-06-15 12:45:00,t
417,patient,Alla,Ostapenko,+380682440412,alla.ostapenko.525@gmail.test,$2b$12$bSj8nLj3skFImUzBiuoR554rLcK/2vQBbSj8nLj3skFImUzBiuoR5,2026-06-15 13:20:00,t
418,patient,Danylo,Andrushchenko,+380977239489,patient_418@example.local,$2b$12$5xEg.BEZNMrpGSlQyZ.nFfb3ste5UWhe5xEg.BEZNMrpGSlQyZ.nF,2026-06-15 14:05:00,t
419,patient,Marko,Yaremenko,+380929697085,marko.iaremenko.692@proton.test,$2b$12$8Wpb2jmoH6RfrG7v6cCSUTI1vkZ3n8cQ8Wpb2jmoH6RfrG7v6cCSU,2026-06-15 14:45:00,t
420,patient,Ivan,Turchyn,+380500876059,ivan.turchyn.87@gmail.test,$2b$12$xOy7OZPFBWrTueWPmFk4PC1JYARPSfwXxOy7OZPFBWrTueWPmFk4P,2026-06-15 16:25:00,t
421,patient,Polina,Semeniuk,+380934793935,polina.semeniuk.17@gmail.test,$2b$12$WByxRYU4I36IbirREzJntYoY2.eeZJRuWByxRYU4I36IbirREzJnt,2026-06-16 07:00:00,t
422,patient,Stepan,Lazarenko,+380919774297,stepan.lazarenko.1066@gmail.test,$2b$12$.pVi9GoezcshXL4Any6l6ulKOCNbMBBN.pVi9GoezcshXL4Any6l6,2026-06-16 08:40:00,t
423,patient,Rostyslav,Martyniuk,+380958946919,rostyslav.martyniuk.463@proton.test,$2b$12$G4.PVJQJihl1ApcJ7PyeFN4WAhUIIesKG4.PVJQJihl1ApcJ7PyeF,2026-06-16 08:50:00,t
424,patient,Olena,Zhuravel,+380951999649,olena.zhuravel.231@gmail.test,$2b$12$8r9hSwLb4F.MH6ufySnY/3eu1Lnjsjke8r9hSwLb4F.MH6ufySnY/,2026-06-16 09:15:00,t
425,patient,Vira,Rudenko,+380504572415,vira.rudenko.532@ukrnet.test,$2b$12$aUKP/QfkYtf.0VK7D.MMVs2LJpTzHnmeaUKP/QfkYtf.0VK7D.MMV,2026-06-16 09:30:00,t
426,patient,Oleksii,Shevchuk,+380937074145,oleksii.shevchuk.511@ukrnet.test,$2b$12$oA.TbG0m6iJpGvLexaK54E2RRjI76aaCoA.TbG0m6iJpGvLexaK54,2026-06-16 10:00:00,t
427,patient,Viktoriia,Prykhodko,+380925658231,viktoriia.prykhodko.1108@ukrnet.test,$2b$12$CxUBa8rc1R8SZddK25OohQNDz63.OVoUCxUBa8rc1R8SZddK25Ooh,2026-06-16 11:05:00,t
428,patient,Bohdan,Shapoval,+380914354748,bohdan.shapoval.107@ukrnet.test,$2b$12$Aob72zlvYxnoQK2c91juAO11D5OX2B28Aob72zlvYxnoQK2c91juA,2026-06-16 12:45:00,t
429,patient,Myroslava,Makarenko,+380638535952,myroslava.makarenko.97@gmail.test,$2b$12$V4x6wgjH0JLhDwzFfmKBHOFqKduQhExsV4x6wgjH0JLhDwzFfmKBH,2026-06-16 13:25:00,t
430,patient,Zoriana,Klymenko,+380956760887,zoriana.klymenko.428@gmail.test,$2b$12$Lei8ADASpVJ74SgrLmDPWQxVwXSJjtMlLei8ADASpVJ74SgrLmDPW,2026-06-16 13:55:00,t
431,patient,Yuliia,Romanenko,+380637295512,iuliia.romanenko.644@outlook.test,$2b$12$/uLEk3BIr7qInXx9FKxvmLz9F9lkXZ8P/uLEk3BIr7qInXx9FKxvm,2026-06-16 14:10:00,t
432,patient,Bohdana,Kovalenko,+380916488257,bohdana.kovalenko.1053@gmail.test,$2b$12$5fyIpU8wvBrd2Ua2MgliykO55F495pmB5fyIpU8wvBrd2Ua2Mgliy,2026-06-16 14:20:00,t
433,patient,Daryna,Petrenko,+380914954667,daryna.petrenko.664@gmail.test,$2b$12$74PtjcJjjFSV8mQEi3GmfZAulz5o2UGT74PtjcJjjFSV8mQEi3Gmf,2026-06-16 14:45:00,t
434,patient,Makar,Myronenko,+380920857306,makar.myronenko.79@outlook.test,$2b$12$LIkTN.633.68MAICpMi5fmWSw1jKvaO3LIkTN.633.68MAICpMi5f,2026-06-16 15:05:00,t
435,patient,Nadiia,Malyshko,+380664270415,nadiia.malyshko.762@ukrnet.test,$2b$12$4b6ZrAR83oW9vXDCRsi9ew0K7TAY8Jcx4b6ZrAR83oW9vXDCRsi9e,2026-06-16 15:15:00,t
436,patient,Yurii,Danylenko,+380935394123,iurii.danylenko.215@outlook.test,$2b$12$CWF8CCaYydSwXAz3fwFjBeTcdSPdBw8MCWF8CCaYydSwXAz3fwFjB,2026-06-16 15:40:00,t
437,patient,Stepan,Havryliuk,+380730661360,stepan.havryliuk.626@gmail.test,$2b$12$fY6bzhHR68eqyFCaBv.7pPQYgnCfk6DAfY6bzhHR68eqyFCaBv.7p,2026-06-16 16:15:00,t
438,patient,Liubov,Turchyn,+380961440116,liubov.turchyn.413@gmail.test,$2b$12$myptq/iQjW4Rr0nPYgR2lhpCifQGrJ2Wmyptq/iQjW4Rr0nPYgR2l,2026-06-16 20:05:00,t
439,patient,Anna,Kulyk,+380969338093,anna.kulyk.252@gmail.test,$2b$12$f6kJ96CFGq9MtmyO6BdP3fxTyKbSzkEMf6kJ96CFGq9MtmyO6BdP3,2026-06-17 08:00:00,t
440,patient,Zoriana,Hrytsenko,+380918087345,patient_440@example.local,$2b$12$c8oLQSLoMfS4V6nV5B5bGwWmw0Oug8atc8oLQSLoMfS4V6nV5B5bG,2026-06-17 08:40:00,t
441,patient,Ihor,Marchenko,+380959963552,ihor.marchenko.776@outlook.test,$2b$12$ZKkTRJr1twqvO/OMj8YyGtex1CSWQkurZKkTRJr1twqvO/OMj8YyG,2026-06-17 09:15:00,t
442,patient,Oleksandr,Kulyk,+380683967510,patient_442@example.local,$2b$12$fUAkuvEZnTY0tqFvaRTM4c5OucVMhwWWfUAkuvEZnTY0tqFvaRTM4,2026-06-17 09:40:00,t
443,patient,Stepan,Turchyn,+380506019953,stepan.turchyn.802@gmail.test,$2b$12$AdDTgDEuh9dbSxs1V6ZcYV8fpBIKHt25AdDTgDEuh9dbSxs1V6ZcY,2026-06-17 10:45:00,t
444,patient,Svitlana,Marchenko,+380916954565,svitlana.marchenko.62@proton.test,$2b$12$zXszPAGqgmBZj9N1.7RG9pV7Nq/rpjoCzXszPAGqgmBZj9N1.7RG9,2026-06-17 11:30:00,t
445,patient,Uliana,Petrenko,+380689652914,uliana.petrenko.1119@ukrnet.test,$2b$12$2fEp6dLxG0eYKspy83JY..1czxCUHxlK2fEp6dLxG0eYKspy83JY.,2026-06-17 11:35:00,t
446,patient,Marko,Lysenko,+380931060224,marko.lysenko.563@gmail.test,$2b$12$aDWHHeLxmMjsBw9ce3I4V1KKhLIuclvuaDWHHeLxmMjsBw9ce3I4V,2026-06-17 11:55:00,t
447,patient,Pavlo,Kravchenko,+380930657313,pavlo.kravchenko.1161@gmail.test,$2b$12$v6uVZ8c1ULE8kG4H3httZ.34fa2EzY5hv6uVZ8c1ULE8kG4H3httZ,2026-06-17 14:30:00,t
448,patient,Ivan,Nikolaienko,+380928371438,ivan.nikolaienko.935@ukrnet.test,$2b$12$zdwf./p7GFm1CKmI.PauoLkcYZgIraFOzdwf./p7GFm1CKmI.Pauo,2026-06-17 15:30:00,t
449,patient,Stepan,Mazur,+380946686854,stepan.mazur.799@proton.test,$2b$12$.wVU4ddfJRMQW2MFM7TsajGZfxOJpCu1.wVU4ddfJRMQW2MFM7Tsa,2026-06-17 16:00:00,t
450,patient,Zoriana,Tkachenko,+380943061619,zoriana.tkachenko.94@outlook.test,$2b$12$wORVsiHprnpsjvcfUFpO5JpOpzUrv/3TwORVsiHprnpsjvcfUFpO5,2026-06-17 16:50:00,t
451,patient,Alisa,Verbytskyi,+380978607907,patient_451@example.local,$2b$12$5Q3cRhDQR5omNF7SFywySIBqwcodvKst5Q3cRhDQR5omNF7SFywyS,2026-06-18 08:00:00,t
452,patient,Yana,Prykhodko,+380937324309,iana.prykhodko.898@ukrnet.test,$2b$12$HbIZse96PCoShwHBowyVD6c3Qa.WcHKxHbIZse96PCoShwHBowyVD,2026-06-18 08:25:00,t
453,patient,Mariia,Zinchenko,+380673119750,mariia.zinchenko.806@gmail.test,$2b$12$N6LhjI0Uzj/aBBedL9ZjDaUHc8WtE/BjN6LhjI0Uzj/aBBedL9ZjD,2026-06-18 09:00:00,t
454,patient,Hanna,Haiduk,+380926913613,hanna.haiduk.569@gmail.test,$2b$12$yW.pp/euwDSqN0SbHXwZnHIUG73.nqqQyW.pp/euwDSqN0SbHXwZn,2026-06-18 09:40:00,t
455,patient,Maryna,Shapoval,+380963768443,maryna.shapoval.518@ukrnet.test,$2b$12$AIlZvl.fVJYiW9XE/v9vByI1JniX32mNAIlZvl.fVJYiW9XE/v9vB,2026-06-18 09:50:00,t
456,patient,Nadiia,Romanenko,+380976664535,nadiia.romanenko.198@gmail.test,$2b$12$F7hNAMuKrWrkKCuBgGZBHo1bDJ7eHm5nF7hNAMuKrWrkKCuBgGZBH,2026-06-18 09:50:00,t
457,patient,Emiliia,Rybak,+380731604915,emiliia.rybak.944@gmail.test,$2b$12$13fu1X7TDmEPzzKe2WqtZZkirRIGw/Ci13fu1X7TDmEPzzKe2WqtZ,2026-06-18 10:10:00,t
458,patient,Volodymyr,Levchenko,+380678357306,volodymyr.levchenko.1189@ukrnet.test,$2b$12$mtLrr/MdT1n0oYUGXjn5fRZhZV1w24HmmtLrr/MdT1n0oYUGXjn5f,2026-06-18 11:20:00,t
459,patient,Vira,Kovalevskyi,+380632076964,vira.kovalevskyi.570@ukrnet.test,$2b$12$X8awlFN/2wXyqev9vjK8MOecPgqEm7QKX8awlFN/2wXyqev9vjK8M,2026-06-18 12:20:00,t
460,patient,Danylo,Koval,+380509794683,danylo.koval.743@outlook.test,$2b$12$DS2/wC7JuMxAryRegj.dWGWCnWWiAduCDS2/wC7JuMxAryRegj.dW,2026-06-18 12:40:00,t
461,patient,Karyna,Danylenko,+380988424721,karyna.danylenko.421@ukrnet.test,$2b$12$GWI0md8PnOgafqpCRzyg46bZ0e5YH9jhGWI0md8PnOgafqpCRzyg4,2026-06-18 12:40:00,t
462,patient,Kyrylo,Korniienko,+380988252460,patient_462@example.local,$2b$12$W0pG9TjXesXA8elhWgkO20YYxgARUdIEW0pG9TjXesXA8elhWgkO2,2026-06-18 13:15:00,t
463,patient,Lev,Yakovenko,+380963264371,lev.iakovenko.844@outlook.test,$2b$12$bZ5XzvO5.j9WoDjZh7ENsamiqCH4G/R/bZ5XzvO5.j9WoDjZh7ENs,2026-06-18 13:15:00,t
464,patient,Hanna,Honcharenko,+380669550679,hanna.honcharenko.433@ukrnet.test,$2b$12$C7gyUKKOUsFAJlqEeSTy8Cq.JxuWqssnC7gyUKKOUsFAJlqEeSTy8,2026-06-18 14:45:00,t
465,patient,Tymofii,Petrenko,+380910461354,tymofii.petrenko.616@gmail.test,$2b$12$hrCi/Ka/4My788JRYdMsYRYsatqkAmQMhrCi/Ka/4My788JRYdMsY,2026-06-18 16:25:00,t
466,patient,Uliana,Avramenko,+380503081383,uliana.avramenko.261@icloud.test,$2b$12$IZuJY0knPh/uT/8ncs8l1FAhN0wqIuU/IZuJY0knPh/uT/8ncs8l1,2026-06-18 16:35:00,t
467,patient,Heorhii,Shevchuk,+380634304546,heorhii.shevchuk.1034@proton.test,$2b$12$aW96IKY8Iv9a5AvtdkIOwC2NVGXa2UesaW96IKY8Iv9a5AvtdkIOw,2026-06-19 08:55:00,t
468,patient,Yaroslav,Panchenko,+380982912746,iaroslav.panchenko.522@gmail.test,$2b$12$/5iIpCWj4TIyMNm8BO1Nl3QF8hpnjxbZ/5iIpCWj4TIyMNm8BO1Nl,2026-06-19 09:30:00,t
469,patient,Andrii,Honcharenko,+380984468985,andrii.honcharenko.449@ukrnet.test,$2b$12$g69tMn.pFdE/F8twO7WQIdCxEJDPtkmtg69tMn.pFdE/F8twO7WQI,2026-06-19 10:10:00,t
470,patient,Diana,Koval,+380959429788,diana.koval.363@ukrnet.test,$2b$12$hu4znWUiBNz9Q2LSOhHuwRs4pdya8MEthu4znWUiBNz9Q2LSOhHuw,2026-06-19 10:55:00,t
471,patient,Taras,Haiduk,+380633247994,taras.haiduk.685@icloud.test,$2b$12$du4doF5e/yJyfF.fBIq3rN/ChPYehANidu4doF5e/yJyfF.fBIq3r,2026-06-19 11:40:00,t
472,patient,Liudmyla,Pavlenko,+380669240815,liudmyla.pavlenko.750@ukrnet.test,$2b$12$mSx8Mf30WQs8D9qmhI4a6gEibiDJfhXAmSx8Mf30WQs8D9qmhI4a6,2026-06-19 12:20:00,t
473,patient,Liubov,Serdiuk,+380503132852,liubov.serdiuk.170@icloud.test,$2b$12$ljmBDX7DBoScPFgSaYboZ1e5LemH3s6GljmBDX7DBoScPFgSaYboZ,2026-06-19 12:30:00,t
474,patient,Maryna,Rybak,+380952775594,maryna.rybak.1177@gmail.test,$2b$12$ThZSzAUpeUeSGNnL2YvR/hpTgKP.Ls49ThZSzAUpeUeSGNnL2YvR/,2026-06-19 13:00:00,t
475,patient,Anna,Semeniuk,+380950725502,anna.semeniuk.338@outlook.test,$2b$12$RGUh3V2r9u0ZOcil.UgD1VWsyG196uo4RGUh3V2r9u0ZOcil.UgD1,2026-06-19 14:20:00,t
476,patient,Pavlo,Verbytskyi,+380981175546,patient_476@example.local,$2b$12$znKwkpb8x6q1DELA8w8ZaEYnUpSePweAznKwkpb8x6q1DELA8w8Za,2026-06-19 14:45:00,t
477,patient,Demian,Kolesnyk,+380734891488,demian.kolesnyk.666@proton.test,$2b$12$y8pdwmrsHupayG.1qtswQgqnz40HFR0Qy8pdwmrsHupayG.1qtswQ,2026-06-19 15:30:00,t
478,patient,Nadiia,Makarenko,+380922558812,patient_478@example.local,$2b$12$lUmkgDA34HDEztd9s5NEIe0vfBZ/ONUwlUmkgDA34HDEztd9s5NEI,2026-06-19 15:55:00,t
479,patient,Andrii,Bondarenko,+380688740208,andrii.bondarenko.342@ukrnet.test,$2b$12$Yr1ks/cIJCZF8ebZ8xeW5BtXUadndGg4Yr1ks/cIJCZF8ebZ8xeW5,2026-06-19 15:55:00,t
480,patient,Heorhii,Verbytskyi,+380936199104,heorhii.verbytskyi.962@ukrnet.test,$2b$12$nnsbc605x7r/i9/Zj9K1nCrlNRe8m4/7nnsbc605x7r/i9/Zj9K1n,2026-06-20 19:00:00,t
481,patient,Andrii,Nechyporenko,+380932711523,andrii.nechyporenko.439@gmail.test,$2b$12$j4vpQ1FDeHsRJ6M0tNVFTcUvIWtxwrTnj4vpQ1FDeHsRJ6M0tNVFT,2026-06-21 17:50:00,t
482,patient,Svitlana,Zhuravel,+380928849591,svitlana.zhuravel.982@ukrnet.test,$2b$12$XnDm8AktPEJKP35EQOd43LhDvMDP8ZuqXnDm8AktPEJKP35EQOd43,2026-06-22 07:05:00,t
483,patient,Pavlo,Rudenko,+380957074902,pavlo.rudenko.1196@icloud.test,$2b$12$v5XN.OPJ26Trxnbf54UHh7fFmMXvOYPtv5XN.OPJ26Trxnbf54UHh,2026-06-22 10:00:00,t
484,patient,Danylo,Hnatiuk,+380936914267,danylo.hnatiuk.175@gmail.test,$2b$12$2q0FyZ/2/xXmRLhImqEV15pa5lDVG7gn2q0FyZ/2/xXmRLhImqEV1,2026-06-22 11:20:00,t
485,patient,Veronika,Kyrylenko,+380633621753,veronika.kyrylenko.19@outlook.test,$2b$12$U.aSideJxopLT.desyDKSaCbk4haKKUgU.aSideJxopLT.desyDKS,2026-06-22 11:50:00,t
486,patient,Liubov,Zakharchenko,+380991827675,liubov.zakharchenko.1147@icloud.test,$2b$12$XicM9hTCEtL3B0Ym7ddeER7ZrAn0pxikXicM9hTCEtL3B0Ym7ddeE,2026-06-22 13:05:00,t
487,patient,Vadym,Kapustian,+380734686873,vadym.kapustian.171@proton.test,$2b$12$d7tNyQ/NOoRl5vbkmLM/wMwoeGOObGc6d7tNyQ/NOoRl5vbkmLM/w,2026-06-22 13:15:00,t
488,patient,Bohdan,Ostapenko,+380958466488,bohdan.ostapenko.360@gmail.test,$2b$12$0.v1eN4yurJ0l5YGg.r1bK6qANhWYZ/i0.v1eN4yurJ0l5YGg.r1b,2026-06-22 13:45:00,t
489,patient,Anton,Kolesnyk,+380681956879,anton.kolesnyk.254@icloud.test,$2b$12$HyPcSlq5RNXlucBj1bO2PcTeaueDdhXDHyPcSlq5RNXlucBj1bO2P,2026-06-22 14:00:00,t
490,patient,Pavlo,Moroz,+380919407354,pavlo.moroz.340@outlook.test,$2b$12$0tGqVpQBNP40WXFYgW/RvlvBgs7kb6Ac0tGqVpQBNP40WXFYgW/Rv,2026-06-22 16:55:00,t
491,patient,Daryna,Danylenko,+380678280528,daryna.danylenko.437@ukrnet.test,$2b$12$ZO/ibQqb7A5Pbhm4VEvgJDC9k9h96cE6ZO/ibQqb7A5Pbhm4VEvgJ,2026-06-23 09:15:00,t
492,patient,Oksana,Petrenko,+380670061484,oksana.petrenko.158@gmail.test,$2b$12$RQUDbGeB3Jt2mnbkzy0UtfV4.NbyKJIURQUDbGeB3Jt2mnbkzy0Ut,2026-06-23 11:15:00,t
493,patient,Vitalii,Tymoshenko,+380932924315,vitalii.tymoshenko.1002@ukrnet.test,$2b$12$cIds6Eg5cDHwnlWz6NBfeBzePAidPzzIcIds6Eg5cDHwnlWz6NBfe,2026-06-23 11:20:00,t
494,patient,Myroslava,Verbytskyi,+380998497335,myroslava.verbytskyi.922@icloud.test,$2b$12$8z9FFgS/Lu3f2B/MQscAzryWWvJM0kG18z9FFgS/Lu3f2B/MQscAz,2026-06-23 12:30:00,t
495,patient,Anastasiia,Ostapenko,+380986163580,anastasiia.ostapenko.128@icloud.test,$2b$12$/uhgaK.UxSR7foS0lHzy01HXnEnU5ddX/uhgaK.UxSR7foS0lHzy0,2026-06-23 12:35:00,t
496,patient,Denys,Yaremenko,+380731736400,denys.iaremenko.129@ukrnet.test,$2b$12$WKC92XT1fZi1B0sdLa7cMjz8jQtCANQvWKC92XT1fZi1B0sdLa7cM,2026-06-23 13:15:00,t
497,patient,Olena,Dubenko,+380948560727,patient_497@example.local,$2b$12$1SvnWhaCmUhiPstXg8wBZpSzQvli/9tj1SvnWhaCmUhiPstXg8wBZ,2026-06-23 13:30:00,t
498,patient,Artem,Levchenko,+380973921896,artem.levchenko.997@outlook.test,$2b$12$oHE4wi0wT.QnqJcAZUPz6n4KxR8uSG.BoHE4wi0wT.QnqJcAZUPz6,2026-06-23 13:50:00,t
499,patient,Daryna,Klymenko,+380662700094,daryna.klymenko.855@ukrnet.test,$2b$12$3LXD8KW988/a2Q2An9ObpU34MI46dKs33LXD8KW988/a2Q2An9Obp,2026-06-23 14:10:00,t
500,patient,Iryna,Honcharenko,+380976191043,iryna.honcharenko.407@ukrnet.test,$2b$12$wO6nW0JC/FnA3ZCCDjFn.Bb9jlhBbrc1wO6nW0JC/FnA3ZCCDjFn.,2026-06-23 15:00:00,t
501,patient,Liliia,Buriak,+380926245794,patient_501@example.local,$2b$12$XPtMIh3qdw/XZiYN5SZcp7DGo4BSyPkaXPtMIh3qdw/XZiYN5SZcp,2026-06-23 15:55:00,t
502,patient,Olha,Kolesnyk,+380638123932,olha.kolesnyk.61@gmail.test,$2b$12$w8l7w6UT.fZmiUq48BsNzoRSaqZrkZ.pw8l7w6UT.fZmiUq48BsNz,2026-06-23 16:05:00,t
503,patient,Kyrylo,Buriak,+380996880046,kyrylo.buriak.688@gmail.test,$2b$12$vfMci6VOee0/p7kaVf8aM2Io.axP1lphvfMci6VOee0/p7kaVf8aM,2026-06-23 16:15:00,t
504,patient,Yuliia,Kapustian,+380736785161,iuliia.kapustian.294@gmail.test,$2b$12$wIvxXcdwU2JR0TaTec.0JsrSayLMK/a0wIvxXcdwU2JR0TaTec.0J,2026-06-23 16:35:00,t
505,patient,Oleksandr,Lozovyi,+380951180383,patient_505@example.local,$2b$12$3J1GdK7jLni/okEd48KxhXEqBYdIqJzd3J1GdK7jLni/okEd48Kxh,2026-06-23 16:45:00,t
506,patient,Sviatoslav,Serdiuk,+380927868722,sviatoslav.serdiuk.707@ukrnet.test,$2b$12$L9NZk.0lNmDivlV.NRtRibgTDPvSiTo2L9NZk.0lNmDivlV.NRtRi,2026-06-24 09:35:00,t
507,patient,Myroslava,Karpenko,+380972222580,myroslava.karpenko.772@gmail.test,$2b$12$h3M8YQCg7BNwuexQHKdCiykcYhB1e81Bh3M8YQCg7BNwuexQHKdCi,2026-06-24 14:25:00,t
508,patient,Nataliia,Prykhodko,+380666375600,nataliia.prykhodko.937@ukrnet.test,$2b$12$HyEb0UF9YXpMKg49bZgMgEnuqcib7E/JHyEb0UF9YXpMKg49bZgMg,2026-06-24 14:55:00,t
509,patient,Polina,Fedorenko,+380667586286,polina.fedorenko.297@ukrnet.test,$2b$12$fHFqTAaTTubVnc3vCymLqHtDA9Ux.sE1fHFqTAaTTubVnc3vCymLq,2026-06-24 17:20:00,t
510,patient,Kateryna,Boiko,+380665613396,kateryna.boiko.1137@ukrnet.test,$2b$12$Jvx.yYwieYgjZOJ9xqcPgR9eFGZ/0uHLJvx.yYwieYgjZOJ9xqcPg,2026-06-25 08:50:00,t
511,patient,Maryna,Hnatiuk,+380685001384,maryna.hnatiuk.916@gmail.test,$2b$12$jPT5UIg9O69kdVjnpMbt9l5SHp7OwB8SjPT5UIg9O69kdVjnpMbt9,2026-06-25 09:20:00,t
512,patient,Emiliia,Holub,+380735441607,emiliia.holub.326@outlook.test,$2b$12$eTAZh/Glxrb/xxR/OICEACr/AsmQEN.2eTAZh/Glxrb/xxR/OICEA,2026-06-25 09:50:00,t
513,patient,Myroslava,Moroz,+380952515133,myroslava.moroz.59@ukrnet.test,$2b$12$VvtFOcttyt/Wee/Mf6D4LTyYoBaNqClGVvtFOcttyt/Wee/Mf6D4L,2026-06-25 10:20:00,t
514,patient,Pavlo,Panchenko,+380682541145,pavlo.panchenko.152@gmail.test,$2b$12$OzWY4JyRqxLKc1fd/Jq2G8.RR0ckGUXUOzWY4JyRqxLKc1fd/Jq2G,2026-06-25 10:35:00,t
515,patient,Bohdana,Soroka,+380951996339,bohdana.soroka.781@gmail.test,$2b$12$PCmuLWRAgxmofWhHiC4MIOOEobaHRt4LPCmuLWRAgxmofWhHiC4MI,2026-06-25 10:50:00,t
516,patient,Maksym,Lytvyn,+380935434065,maksym.lytvyn.401@ukrnet.test,$2b$12$Hz1q2JZpKUHVWUHNOo/.Vs7JCt9eRof9Hz1q2JZpKUHVWUHNOo/.V,2026-06-25 11:05:00,t
517,patient,Solomiia,Lozovyi,+380683509277,solomiia.lozovyi.235@gmail.test,$2b$12$TUO6Zt5VW6e7bl.8hDJNyr.zcPU/7ladTUO6Zt5VW6e7bl.8hDJNy,2026-06-25 11:35:00,t
518,patient,Maryna,Kovalevskyi,+380682481553,maryna.kovalevskyi.1133@ukrnet.test,$2b$12$/WuUbdFv9R90GGVFPKzrRsBnt7B3XXWH/WuUbdFv9R90GGVFPKzrR,2026-06-25 13:05:00,t
519,patient,Liudmyla,Malyshko,+380500090334,liudmyla.malyshko.754@gmail.test,$2b$12$6i6vCe2IGeCuSinN1treQUnHPlQa3rfu6i6vCe2IGeCuSinN1treQ,2026-06-25 14:00:00,t
520,patient,Hanna,Hordiienko,+380962494662,patient_520@example.local,$2b$12$epUaDYp97t9evZ0uozBVjBKgkrJGDBWcepUaDYp97t9evZ0uozBVj,2026-06-25 14:35:00,t
521,patient,Viktor,Tkachenko,+380631586540,viktor.tkachenko.227@outlook.test,$2b$12$ZECrP0dmhcNRPLEWC1T2waUBJ/WCeyNqZECrP0dmhcNRPLEWC1T2w,2026-06-25 15:10:00,t
522,patient,Alla,Martyniuk,+380994186575,alla.martyniuk.1195@gmail.test,$2b$12$1hGauAvwsPRkRDkzRRRSCt3yQKxgA..l1hGauAvwsPRkRDkzRRRSC,2026-06-25 17:55:00,t
523,patient,Mykola,Samoilenko,+380508837828,mykola.samoilenko.851@gmail.test,$2b$12$e074A4YnaZk.du.uz9xiTejsEq1rhcHOe074A4YnaZk.du.uz9xiT,2026-06-25 19:00:00,t
524,patient,Ostap,Samoilenko,+380687490709,patient_524@example.local,$2b$12$bFQG5DbhXSwUBA6l/wT5XbeRJz0C5WqzbFQG5DbhXSwUBA6l/wT5X,2026-06-26 08:10:00,t
525,patient,Olha,Tymoshenko,+380918084234,olha.tymoshenko.25@gmail.test,$2b$12$2taLTOLKr4jnVE6lTErXxvaDYHhaUqqN2taLTOLKr4jnVE6lTErXx,2026-06-26 08:15:00,t
526,patient,Oleh,Palamarchuk,+380662895028,oleh.palamarchuk.931@icloud.test,$2b$12$ogCvrDqHdVAuxrSROLurYezlINeXtIa9ogCvrDqHdVAuxrSROLurY,2026-06-26 08:20:00,t
527,patient,Ostap,Babenko,+380958671712,patient_527@example.local,$2b$12$ggeWZiYebxnv1Ugz59Yzz8D7xHTVHMCsggeWZiYebxnv1Ugz59Yzz,2026-06-26 09:05:00,t
528,patient,Lesia,Kovalevskyi,+380966037481,patient_528@example.local,$2b$12$/Fdl85YxSVCkb2bLHJBBhLNLPBPhP25j/Fdl85YxSVCkb2bLHJBBh,2026-06-26 09:10:00,t
529,patient,Heorhii,Kyrylenko,+380972958651,heorhii.kyrylenko.517@ukrnet.test,$2b$12$9MT3waHMvCJXf31SIt5uwi1nVb.5UF8L9MT3waHMvCJXf31SIt5uw,2026-06-26 10:15:00,t
530,patient,Bohdana,Panchenko,+380978550496,bohdana.panchenko.477@gmail.test,$2b$12$RekpSXZDxR6cmDKVcPIKCcVJc3L35qpBRekpSXZDxR6cmDKVcPIKC,2026-06-26 10:30:00,t
531,patient,Lesia,Hordiienko,+380508182354,lesia.hordiienko.905@ukrnet.test,$2b$12$N/zb7urFfQK4R55V6wKOdxjlPRrSqU0iN/zb7urFfQK4R55V6wKOd,2026-06-26 10:40:00,t
532,patient,Marta,Kostenko,+380661804857,marta.kostenko.1021@gmail.test,$2b$12$FGY9tfDt4.kJoblH2Nzo7B1WAHJZnacQFGY9tfDt4.kJoblH2Nzo7,2026-06-26 10:55:00,t
533,patient,Liubov,Malyshko,+380634881089,liubov.malyshko.789@outlook.test,$2b$12$qo313ZfRipFxo188ojtVTyT659BPdi1kqo313ZfRipFxo188ojtVT,2026-06-26 11:25:00,t
534,patient,Zoriana,Pylypenko,+380976968911,zoriana.pylypenko.111@gmail.test,$2b$12$Xs7PuRMYo89r7.J7hgk4A70dTX0CPCtsXs7PuRMYo89r7.J7hgk4A,2026-06-26 11:35:00,t
535,patient,Olena,Tymoshenko,+380982736268,olena.tymoshenko.907@proton.test,$2b$12$Wi2VamKirMl/mzZuH7En2cmhWQA.8k1KWi2VamKirMl/mzZuH7En2,2026-06-26 12:00:00,t
536,patient,Daryna,Palamarchuk,+380676396909,daryna.palamarchuk.468@gmail.test,$2b$12$mm4x3HYofMgCxXg.FsEdc2XI/jNkPvWXmm4x3HYofMgCxXg.FsEdc,2026-06-26 12:55:00,t
537,patient,Bohdana,Serdiuk,+380688477178,bohdana.serdiuk.65@gmail.test,$2b$12$grXgDkupo7pXQ3bYKfiXxwEXsLZjwWuDgrXgDkupo7pXQ3bYKfiXx,2026-06-26 13:55:00,t
538,patient,Olha,Dovzhenko,+380687530706,patient_538@example.local,$2b$12$IVniEpX3iJLM0JSxQCEioS2BzcX5V49gIVniEpX3iJLM0JSxQCEio,2026-06-26 14:05:00,t
539,patient,Liudmyla,Melnyk,+380682907435,patient_539@example.local,$2b$12$kdcGM6KfdTmG/mP/YKt.UaCP5rtwiSF4kdcGM6KfdTmG/mP/YKt.U,2026-06-26 14:20:00,t
540,patient,Iryna,Vakulenko,+380953089703,iryna.vakulenko.336@gmail.test,$2b$12$X1/te/bCgAnd1qwzbHHvBXqmJ4kmJ1tjX1/te/bCgAnd1qwzbHHvB,2026-06-26 15:45:00,t
541,patient,Liudmyla,Serdiuk,+380929318090,liudmyla.serdiuk.10@ukrnet.test,$2b$12$E1fx/tivAqXhkXgRRx0emlbzAZTC0QsdE1fx/tivAqXhkXgRRx0em,2026-06-26 16:30:00,t
542,patient,Ruslan,Bilous,+380959646171,ruslan.bilous.55@ukrnet.test,$2b$12$rMiBHYRNkFyYp5ZWF/4fUL5.XKCfsdutrMiBHYRNkFyYp5ZWF/4fU,2026-06-27 10:35:00,t
543,patient,Mariia,Korniienko,+380502428874,patient_543@example.local,$2b$12$EqjWK6GhPfdDv5/PGgi8iYUAboMnha3gEqjWK6GhPfdDv5/PGgi8i,2026-06-27 12:55:00,t
544,patient,Liubov,Shevchuk,+380943724577,liubov.shevchuk.835@icloud.test,$2b$12$KLRASXv59EAs.IBMcbjtaxUhu60X1IZSKLRASXv59EAs.IBMcbjta,2026-06-27 16:00:00,t
545,patient,Oleh,Semeniuk,+380503930705,oleh.semeniuk.83@gmail.test,$2b$12$HnGFDG/3vZ7EldeP.KBQQZCu91M177oqHnGFDG/3vZ7EldeP.KBQQ,2026-06-27 20:45:00,t
546,patient,Mykola,Hrytsenko,+380688602711,mykola.hrytsenko.954@gmail.test,$2b$12$dHSqq4WpNLw/452CZyHXNUA.OgjdSkRhdHSqq4WpNLw/452CZyHXN,2026-06-29 09:20:00,t
547,patient,Solomiia,Semeniuk,+380504373225,patient_547@example.local,$2b$12$LIMeEOGvuc/S6nfVoixYcD7MIrCMA2mOLIMeEOGvuc/S6nfVoixYc,2026-06-29 11:15:00,t
548,patient,Anton,Lozovyi,+380919905488,anton.lozovyi.950@proton.test,$2b$12$n4Ijt/baVll4LM9IyIsIuYoPMllRpXzFn4Ijt/baVll4LM9IyIsIu,2026-06-29 12:00:00,t
549,patient,Danylo,Zhuravel,+380636732381,danylo.zhuravel.92@gmail.test,$2b$12$0ksX6JgVkRnHX1K.UpI./1Gvrhc6mbD10ksX6JgVkRnHX1K.UpI./,2026-06-29 14:00:00,t
550,patient,Sviatoslav,Vasylenko,+380664113544,sviatoslav.vasylenko.957@icloud.test,$2b$12$XQFX4S9R30lZGEWKjs5VjN/BLsVb9hlNXQFX4S9R30lZGEWKjs5Vj,2026-06-29 14:05:00,t
551,patient,Bohdan,Dubenko,+380682726782,bohdan.dubenko.1092@outlook.test,$2b$12$WcmA4xidoL7IBxM1lDukyT.9tM8.VRVmWcmA4xidoL7IBxM1lDuky,2026-06-29 15:30:00,t
552,patient,Mariia,Vasylenko,+380660553973,mariia.vasylenko.1102@icloud.test,$2b$12$2ygI5K7hFRbxQurWI1r8yhwnNqejL4IW2ygI5K7hFRbxQurWI1r8y,2026-06-29 15:55:00,t
553,patient,Demian,Dubenko,+380501930996,demian.dubenko.1104@proton.test,$2b$12$TBNnZYyaX.BIosOB.FaffKb33VZMMtyITBNnZYyaX.BIosOB.Faff,2026-06-29 16:35:00,t
554,patient,Karyna,Polishchuk,+380935548346,karyna.polishchuk.137@outlook.test,$2b$12$LUDm2pNXNzAhuR6zuisOKp8S54CeRoHBLUDm2pNXNzAhuR6zuisOK,2026-06-30 09:25:00,t
555,patient,Vasyl,Rudenko,+380970192950,vasyl.rudenko.831@proton.test,$2b$12$N3O7xTVWIp4Thb3xeyllxgRbyvfnOMl/N3O7xTVWIp4Thb3xeyllx,2026-06-30 09:50:00,t
556,patient,Alla,Pylypenko,+380932146147,alla.pylypenko.725@outlook.test,$2b$12$T9skqQtVJQMu/4UzRPx/uSs.WT9EkZMFT9skqQtVJQMu/4UzRPx/u,2026-06-30 10:25:00,t
557,patient,Nazar,Mazur,+380976917654,nazar.mazur.576@outlook.test,$2b$12$aeyYGDU45Y6RYEDn9vCoBsMIHFERQmnUaeyYGDU45Y6RYEDn9vCoB,2026-06-30 10:25:00,t
558,patient,Yaroslav,Levchenko,+380670104402,iaroslav.levchenko.236@ukrnet.test,$2b$12$TP0htgdwd3quFeSPfjBt/s15D4c43dV9TP0htgdwd3quFeSPfjBt/,2026-06-30 11:15:00,t
559,patient,Marta,Honcharenko,+380739283918,patient_559@example.local,$2b$12$HXozAUYbXg4LCDQinq1znz3nb82eDP89HXozAUYbXg4LCDQinq1zn,2026-06-30 13:15:00,t
560,patient,Tetiana,Hrytsenko,+380504358736,tetiana.hrytsenko.731@gmail.test,$2b$12$eQOBfOF8VXL8Fm8/xyrG/XDlCcFDtjlXeQOBfOF8VXL8Fm8/xyrG/,2026-06-30 13:15:00,t
561,patient,Oleh,Ostapenko,+380916138485,oleh.ostapenko.411@outlook.test,$2b$12$VCTh3p9Am2LR1QyloaT664SIArqav0kIVCTh3p9Am2LR1QyloaT66,2026-06-30 13:25:00,t
562,patient,Alisa,Vovk,+380945414762,alisa.vovk.1018@gmail.test,$2b$12$zuyif6vrdPirDAYY3KoQC1IY9Ak.qLgYzuyif6vrdPirDAYY3KoQC,2026-06-30 13:40:00,t
563,patient,Marko,Lysenko,+380915758451,marko.lysenko.756@proton.test,$2b$12$JgP.o4bj7H.MPmbQFnreWUeGOb4xQWvMJgP.o4bj7H.MPmbQFnreW,2026-06-30 13:55:00,t
564,patient,Anna,Kharchenko,+380663043173,anna.kharchenko.972@proton.test,$2b$12$IKmWwo95Nogm7lp.bGLDucu02HDxvY9pIKmWwo95Nogm7lp.bGLDu,2026-06-30 14:05:00,t
565,patient,Oksana,Hrytsenko,+380913258178,oksana.hrytsenko.801@gmail.test,$2b$12$lKzcybS.BGwHoeVgxBxl1ERnj9/9HyE6lKzcybS.BGwHoeVgxBxl1,2026-07-01 11:05:00,t
566,patient,Daryna,Zakharchenko,+380948862850,daryna.zakharchenko.913@outlook.test,$2b$12$K36TtABz7dOVD4/U.vZEoC3ooDSGb8SnK36TtABz7dOVD4/U.vZEo,2026-07-01 11:05:00,t
567,patient,Tetiana,Hrytsenko,+380931231865,tetiana.hrytsenko.1047@icloud.test,$2b$12$ed7iru2b/xMaRaggbqUlGob5KkTZRj21ed7iru2b/xMaRaggbqUlG,2026-07-01 11:40:00,t
568,patient,Alla,Yakovenko,+380945184713,alla.iakovenko.503@icloud.test,$2b$12$7YgI8SO1biaXp4eZCriq.xslXLKM.NIX7YgI8SO1biaXp4eZCriq.,2026-07-01 13:10:00,t
569,patient,Maryna,Serdiuk,+380989374020,maryna.serdiuk.659@gmail.test,$2b$12$JCcn09AaKfIOFwqsBgd8Isyh49L5XccHJCcn09AaKfIOFwqsBgd8I,2026-07-01 13:20:00,t
570,patient,Liubov,Kolesnyk,+380969679770,liubov.kolesnyk.1046@gmail.test,$2b$12$Zn7DbGOiUxQplGsxd/gm19VUJr.YK8HzZn7DbGOiUxQplGsxd/gm1,2026-07-01 13:35:00,t
571,patient,Viktoriia,Vasylenko,+380689144274,viktoriia.vasylenko.506@gmail.test,$2b$12$fcK47w/xLnhKDftf/dTDnlZDKcVzVRjtfcK47w/xLnhKDftf/dTDn,2026-07-01 14:15:00,t
572,patient,Vadym,Kucher,+380977651374,vadym.kucher.1054@gmail.test,$2b$12$V/2Cpi6vo698oNj8y5xnX8vExB3RU8JaV/2Cpi6vo698oNj8y5xnX,2026-07-01 14:40:00,t
573,patient,Oksana,Rudenko,+380937010198,oksana.rudenko.718@ukrnet.test,$2b$12$XdJQxMj8K/SSKrHPJnrf1wRA9v.1N.jhXdJQxMj8K/SSKrHPJnrf1,2026-07-01 15:20:00,t
574,patient,Liudmyla,Yaremenko,+380954779223,liudmyla.iaremenko.150@ukrnet.test,$2b$12$WX0ZxWQjdhk4XCgh5NdSy/ebeDjUBnHGWX0ZxWQjdhk4XCgh5NdSy,2026-07-01 16:05:00,t
575,patient,Taras,Serdiuk,+380961197778,taras.serdiuk.308@outlook.test,$2b$12$1uhWboBy7uxQ3ZMIwOauWvrXj721mOrY1uhWboBy7uxQ3ZMIwOauW,2026-07-01 16:40:00,t
576,patient,Kateryna,Serdiuk,+380676982281,kateryna.serdiuk.86@outlook.test,$2b$12$Xe9k9BCDXgNhGuAAPSz9QV2/TRf8uC7SXe9k9BCDXgNhGuAAPSz9Q,2026-07-02 08:10:00,t
577,patient,Daryna,Savchenko,+380989562112,daryna.savchenko.977@gmail.test,$2b$12$hEQWE9FcyXdNGa7ZXKLCXt8Ak98QpcAghEQWE9FcyXdNGa7ZXKLCX,2026-07-02 08:15:00,t
578,patient,Kyrylo,Kondratiuk,+380946040782,kyrylo.kondratiuk.1072@gmail.test,$2b$12$Tf1FZWIlOoyTfy.h9tCqQ/usubjhPdMLTf1FZWIlOoyTfy.h9tCqQ,2026-07-02 08:40:00,t
579,patient,Yana,Petrenko,+380999564575,iana.petrenko.318@gmail.test,$2b$12$B6sQi/cw7.1joO2pMZ8t0qgj/VGOP0B9B6sQi/cw7.1joO2pMZ8t0,2026-07-02 09:50:00,t
580,patient,Bohdan,Melnyk,+380961326509,bohdan.melnyk.900@ukrnet.test,$2b$12$UGvGwWtwJWNOxo14i2shzEOjaTNLlVrNUGvGwWtwJWNOxo14i2shz,2026-07-02 11:05:00,t
581,patient,Anastasiia,Nikolaienko,+380978185347,patient_581@example.local,$2b$12$O4gwPx5obF7jOLcV51bCggOdLbe5zneAO4gwPx5obF7jOLcV51bCg,2026-07-02 11:20:00,t
582,patient,Sofiia,Holub,+380980782724,sofiia.holub.796@ukrnet.test,$2b$12$jMKf8Y.XMUU73NWu7/24ejpiVEVuSASTjMKf8Y.XMUU73NWu7/24e,2026-07-02 11:20:00,t
583,patient,Valentyn,Didenko,+380630294691,valentyn.didenko.475@gmail.test,$2b$12$uSBcpcrf873NbllTe7O52sdR4KZGX5t9uSBcpcrf873NbllTe7O52,2026-07-02 11:45:00,t
584,patient,Liubov,Chernenko,+380664408175,liubov.chernenko.72@gmail.test,$2b$12$LQBxbSMC/hdcT4wF2rpTR.V8uWty9CMRLQBxbSMC/hdcT4wF2rpTR,2026-07-02 11:55:00,t
585,patient,Lesia,Yaremenko,+380948634647,lesia.iaremenko.402@gmail.test,$2b$12$hr5QjlpxXIcUIqaSL8mTb68RzTefh64Ghr5QjlpxXIcUIqaSL8mTb,2026-07-02 12:30:00,t
586,patient,Daryna,Polishchuk,+380952246728,daryna.polishchuk.229@proton.test,$2b$12$zfGaqbX4nzmypLvK2qLAetb18sIodXHezfGaqbX4nzmypLvK2qLAe,2026-07-02 13:05:00,t
587,patient,Danylo,Oliinyk,+380986230094,danylo.oliinyk.359@icloud.test,$2b$12$Ge/F2Gf3BwuPmpYs9T4arWCaXiHahZxdGe/F2Gf3BwuPmpYs9T4ar,2026-07-02 13:10:00,t
588,patient,Nazar,Nechyporenko,+380973012488,nazar.nechyporenko.278@gmail.test,$2b$12$cla3RIEJkIVno6N6wYKLj7w41F1xeBm/cla3RIEJkIVno6N6wYKLj,2026-07-02 15:00:00,t
589,patient,Vadym,Lysenko,+380924442915,patient_589@example.local,$2b$12$XFTLayQZVZWYlU9MFK7QCf4wV4aO.WKFXFTLayQZVZWYlU9MFK7QC,2026-07-02 15:20:00,t
590,patient,Liubov,Tereshchenko,+380502398708,liubov.tereshchenko.691@ukrnet.test,$2b$12$0uTHobYhwZVzHPo8k32MUR/jaKgjAum10uTHobYhwZVzHPo8k32MU,2026-07-02 16:10:00,t
591,patient,Mykola,Lazarenko,+380677499778,patient_591@example.local,$2b$12$wAU.1/yYBI91I8wWsszDaUwVStqZXCtOwAU.1/yYBI91I8wWsszDa,2026-07-02 16:15:00,t
592,patient,Matvii,Rybak,+380660391161,matvii.rybak.138@ukrnet.test,$2b$12$W.kEgR5/uyKo.vT/pjFMApk9derCtB0DW.kEgR5/uyKo.vT/pjFMA,2026-07-02 16:20:00,t
593,patient,Marta,Didenko,+380934363101,marta.didenko.471@outlook.test,$2b$12$DYBaRDBqLZOCkku6DBTdE2nhq4ed1RdzDYBaRDBqLZOCkku6DBTdE,2026-07-03 08:35:00,t
594,patient,Diana,Nikolaienko,+380928168840,diana.nikolaienko.710@ukrnet.test,$2b$12$3iFpD/nepRbjhtO9jfueVX8SICxO9KXP3iFpD/nepRbjhtO9jfueV,2026-07-03 09:25:00,t
595,patient,Ihor,Verbytskyi,+380985205982,patient_595@example.local,$2b$12$yCCve01W7.gftEn3EmUwkJy8Fem1LGu5yCCve01W7.gftEn3EmUwk,2026-07-03 09:35:00,t
596,patient,Vitalii,Danylenko,+380915875600,patient_596@example.local,$2b$12$1dr8I4i4lLyOu.vbPSbFMq7Yt/ZvYj/21dr8I4i4lLyOu.vbPSbFM,2026-07-03 09:45:00,t
597,patient,Heorhii,Koval,+380938729893,heorhii.koval.1130@gmail.test,$2b$12$Y36hbafXMiB1feuVhOe95OLNozSRq9SLY36hbafXMiB1feuVhOe95,2026-07-03 10:45:00,t
598,patient,Yuliia,Panchenko,+380967540168,patient_598@example.local,$2b$12$fNXfqQqV3Iggdlvvhz8yqMuNBP.oAU2QfNXfqQqV3Iggdlvvhz8yq,2026-07-03 11:55:00,t
599,patient,Liubov,Oliinyk,+380975780555,patient_599@example.local,$2b$12$HLcd5y7HD1TVTatKe9ZMeeRWTZQ7bzmhHLcd5y7HD1TVTatKe9ZMe,2026-07-03 12:20:00,t
600,patient,Khrystyna,Levchenko,+380739445871,khrystyna.levchenko.11@gmail.test,$2b$12$JXirGRNx3UwvA6jG2Qqf1nZd8fQRwzu9JXirGRNx3UwvA6jG2Qqf1,2026-07-03 12:45:00,t
601,patient,Yana,Moroz,+380951268441,iana.moroz.479@gmail.test,$2b$12$TVHnKTb26p5SaPrVY5jBdwG5oDS6tlykTVHnKTb26p5SaPrVY5jBd,2026-07-03 13:00:00,t
602,patient,Daryna,Vovk,+380670789803,daryna.vovk.1122@icloud.test,$2b$12$SbG5ckt8Q/OSG0JPhAL56ktClupqSEK0SbG5ckt8Q/OSG0JPhAL56,2026-07-03 13:20:00,t
603,patient,Roman,Korniienko,+380508082212,roman.korniienko.547@outlook.test,$2b$12$I2UONm/CsRPMQG.wEhCWqhC1pOamMkjWI2UONm/CsRPMQG.wEhCWq,2026-07-03 14:05:00,t
604,patient,Veronika,Dovzhenko,+380971914623,veronika.dovzhenko.1084@gmail.test,$2b$12$VmGxeXmZinfzkL8c0y/LVRJ2nDGvzPJCVmGxeXmZinfzkL8c0y/LV,2026-07-03 14:45:00,t
605,patient,Anna,Serdiuk,+380637526090,anna.serdiuk.1096@gmail.test,$2b$12$VIRyrxpq.bob03dQsxvbmGeCHAFDGIqMVIRyrxpq.bob03dQsxvbm,2026-07-03 15:00:00,t
606,patient,Taras,Yaremenko,+380947556998,taras.iaremenko.1164@ukrnet.test,$2b$12$1lBb3kClPRAp430SBG185AB0YLFWalKn1lBb3kClPRAp430SBG185,2026-07-03 15:45:00,t
607,patient,Liubov,Pylypenko,+380732348304,liubov.pylypenko.845@gmail.test,$2b$12$XdqTFbxDaIKY4ozLciVPp64hjg108i1ZXdqTFbxDaIKY4ozLciVPp,2026-07-03 16:10:00,t
608,patient,Valentyn,Kozak,+380738513541,valentyn.kozak.804@proton.test,$2b$12$cNgWmOTab2MlVlQhWBSsTW1A.1s7kemzcNgWmOTab2MlVlQhWBSsT,2026-07-03 16:55:00,t
609,patient,Valeriia,Hrytsenko,+380915741911,patient_609@example.local,$2b$12$nMH59PMb6O9.xIsRqVPkffLiTwGhNWCwnMH59PMb6O9.xIsRqVPkf,2026-07-06 07:55:00,t
610,patient,Nazar,Andrushchenko,+380922032109,nazar.andrushchenko.221@icloud.test,$2b$12$uyBN3m3sDb05l1V/dNC1yy9yCt0TBvVIuyBN3m3sDb05l1V/dNC1y,2026-07-06 08:35:00,t
611,patient,Svitlana,Koval,+380663394492,svitlana.koval.108@gmail.test,$2b$12$L3ZRv9RMQn2j.eqhu9EfUxu2cRHibJY8L3ZRv9RMQn2j.eqhu9EfU,2026-07-06 10:20:00,t
612,patient,Demian,Kravchenko,+380738756644,demian.kravchenko.1017@gmail.test,$2b$12$C.kdxwXh35COIVSTwPo8Hxhq1BoyrsWYC.kdxwXh35COIVSTwPo8H,2026-07-06 10:20:00,t
613,patient,Sofiia,Ostapenko,+380974479288,sofiia.ostapenko.519@ukrnet.test,$2b$12$vlZNMDVrqAZBlZYn239xyRqMkf28NKVuvlZNMDVrqAZBlZYn239xy,2026-07-06 10:30:00,t
614,patient,Solomiia,Rudenko,+380632844271,solomiia.rudenko.1184@ukrnet.test,$2b$12$jv.8KlaK7JEAv1mzm08N3ehiYWOcQZKPjv.8KlaK7JEAv1mzm08N3,2026-07-06 10:35:00,t
615,patient,Maksym,Tymoshenko,+380669779935,maksym.tymoshenko.938@ukrnet.test,$2b$12$PYxTm1BqkoibmG5oX6INvYspcFzgAHO/PYxTm1BqkoibmG5oX6INv,2026-07-06 12:25:00,t
616,patient,Lesia,Petrenko,+380668702040,lesia.petrenko.69@gmail.test,$2b$12$PjhU7nvS3uS5.6XV9xPqC76pYF7ib7DMPjhU7nvS3uS5.6XV9xPqC,2026-07-06 13:15:00,t
617,patient,Liudmyla,Oliinyk,+380980149797,liudmyla.oliinyk.66@ukrnet.test,$2b$12$G2gqmQl2zz8QU8MAFQSllPx547exYEEFG2gqmQl2zz8QU8MAFQSll,2026-07-06 13:20:00,t
618,patient,Yelyzaveta,Andrushchenko,+380673846745,ielyzaveta.andrushchenko.314@icloud.test,$2b$12$.muPyTCI/XeIvdbElkhn7dwCy98OfZYi.muPyTCI/XeIvdbElkhn7,2026-07-06 14:40:00,t
619,patient,Alla,Havryliuk,+380982667550,alla.havryliuk.847@ukrnet.test,$2b$12$ZOaIL6QkpdqUeq.HLLYMiICWgvxbUbNSZOaIL6QkpdqUeq.HLLYMi,2026-07-06 14:50:00,t
620,patient,Anna,Karpenko,+380946190532,anna.karpenko.80@gmail.test,$2b$12$W88LhvkMvs1kfuhkTzjhZMP/vFw5nZojW88LhvkMvs1kfuhkTzjhZ,2026-07-07 09:35:00,t
621,patient,Emiliia,Kolesnyk,+380967508447,emiliia.kolesnyk.377@ukrnet.test,$2b$12$mqA4RuCKQXxU7bs.jATShSa6/ES7HadqmqA4RuCKQXxU7bs.jATSh,2026-07-07 09:35:00,t
622,patient,Taras,Melnyk,+380965366478,taras.melnyk.790@ukrnet.test,$2b$12$1fQ9j6I0.1voDABeddVh/CSacZcSKvkR1fQ9j6I0.1voDABeddVh/,2026-07-07 09:45:00,t
623,patient,Dmytro,Kharchenko,+380949922408,patient_623@example.local,$2b$12$z4YAlKF7gB2uvEQCUj5Ngf3w..jluoDrz4YAlKF7gB2uvEQCUj5Ng,2026-07-07 09:55:00,t
624,patient,Dmytro,Kharchenko,+380974127453,dmytro.kharchenko.1014@ukrnet.test,$2b$12$0mGx3ev6Kw2OuboSBDNkZu3C8byw8APQ0mGx3ev6Kw2OuboSBDNkZ,2026-07-07 10:00:00,t
625,patient,Khrystyna,Soroka,+380944772765,patient_625@example.local,$2b$12$nfLZpsxo6gpuYBqIWAkeG9x8I2vIqe8EnfLZpsxo6gpuYBqIWAkeG,2026-07-07 10:40:00,t
626,patient,Bohdan,Palamarchuk,+380980136484,bohdan.palamarchuk.827@ukrnet.test,$2b$12$DoZXTxuicPm/WltTFuOpPvxKY89Km4/NDoZXTxuicPm/WltTFuOpP,2026-07-07 11:05:00,t
627,patient,Olha,Romanenko,+380684619117,olha.romanenko.734@proton.test,$2b$12$E1fhuu6HL5nDXGanbPe7D6HqQI53ds2bE1fhuu6HL5nDXGanbPe7D,2026-07-07 11:55:00,t
628,patient,Zoriana,Mazur,+380678710567,zoriana.mazur.775@icloud.test,$2b$12$nSXx/irtfJtp84GmWXU8OiIcy/PArZ0enSXx/irtfJtp84GmWXU8O,2026-07-07 13:15:00,f
629,patient,Nataliia,Tereshchenko,+380635889312,nataliia.tereshchenko.373@ukrnet.test,$2b$12$2A3ZXa/6K7.YfMXNzPS5VG0SrPgKpkrP2A3ZXa/6K7.YfMXNzPS5V,2026-07-07 13:30:00,t
630,patient,Ruslana,Koval,+380953329549,ruslana.koval.752@gmail.test,$2b$12$NnRo0BFb0iuJKNN/YUJI7s.dx3ICdfUENnRo0BFb0iuJKNN/YUJI7,2026-07-07 14:20:00,t
631,patient,Vladyslav,Savchenko,+380926458411,patient_631@example.local,$2b$12$eQC01iTTjnuIZnmWxELZYbDTjU3mBaqfeQC01iTTjnuIZnmWxELZY,2026-07-07 14:25:00,t
632,patient,Yana,Bilous,+380674590962,iana.bilous.1158@ukrnet.test,$2b$12$md0s0lP.9/QgO3ghLP3wW0HdFM7srgR1md0s0lP.9/QgO3ghLP3wW,2026-07-07 14:30:00,t
633,patient,Iryna,Danylenko,+380508121398,patient_633@example.local,$2b$12$DqxTBgJ2rN6HZhdXlT8VT2bfp4K/UEerDqxTBgJ2rN6HZhdXlT8VT,2026-07-07 14:45:00,t
634,patient,Liliia,Honcharenko,+380673366153,liliia.honcharenko.169@gmail.test,$2b$12$.9Z9IL5DttxvcvGCjiGmZYrw2e9Midaz.9Z9IL5DttxvcvGCjiGmZ,2026-07-07 15:05:00,t
635,patient,Kyrylo,Korniienko,+380503112511,kyrylo.korniienko.536@gmail.test,$2b$12$LXEz9Xi4aiFgbZvHQR2RpDO6.Eg.XAt7LXEz9Xi4aiFgbZvHQR2Rp,2026-07-07 15:10:00,t
636,patient,Roman,Kondratiuk,+380960047953,patient_636@example.local,$2b$12$C3VwZ2pG86KjCiVF/35zGbjgOV.ovXXOC3VwZ2pG86KjCiVF/35zG,2026-07-07 15:45:00,t
637,patient,Vladyslav,Kondratiuk,+380954272547,vladyslav.kondratiuk.852@proton.test,$2b$12$i8hKS2tHaWlgeA0HchGkLuBWF5jqX6jKi8hKS2tHaWlgeA0HchGkL,2026-07-08 08:00:00,t
638,patient,Oksana,Lazarenko,+380679298760,oksana.lazarenko.370@ukrnet.test,$2b$12$OwI3cStUn7Loo2YBHsquRRS6dcdJCrV6OwI3cStUn7Loo2YBHsquR,2026-07-08 09:20:00,t
639,patient,Emiliia,Polishchuk,+380914815917,emiliia.polishchuk.541@proton.test,$2b$12$UsJNZjWViE.lZ1PC0IWpr0TfS8VsjSAYUsJNZjWViE.lZ1PC0IWpr,2026-07-08 09:20:00,t
640,patient,Andrii,Chernenko,+380912594724,andrii.chernenko.830@ukrnet.test,$2b$12$RNVbPD0FiD6A4zImV5d9Yc13GWUEZAjHRNVbPD0FiD6A4zImV5d9Y,2026-07-08 10:30:00,t
641,patient,Hanna,Kostenko,+380938130361,hanna.kostenko.110@outlook.test,$2b$12$OTMXJY71zmg8gi0/HqQVPDVt1eQbl3s.OTMXJY71zmg8gi0/HqQVP,2026-07-08 11:30:00,t
642,patient,Marko,Levchenko,+380915031553,marko.levchenko.865@ukrnet.test,$2b$12$6VMwVeAHdP2mXTbxFfLrRYIBP9chBeTW6VMwVeAHdP2mXTbxFfLrR,2026-07-08 11:55:00,t
643,patient,Vitalii,Korniienko,+380688892563,vitalii.korniienko.230@icloud.test,$2b$12$8.KRXXBWgLl22o7q2JSMEQADGaQ6kr.v8.KRXXBWgLl22o7q2JSME,2026-07-08 12:30:00,t
644,patient,Emiliia,Mazur,+380678874450,emiliia.mazur.826@gmail.test,$2b$12$TphpgtSiuf4CjcXYSd/yILJv5e2hALdNTphpgtSiuf4CjcXYSd/yI,2026-07-08 13:00:00,t
645,patient,Ruslana,Stepanenko,+380923412266,ruslana.stepanenko.571@icloud.test,$2b$12$yB0JICIFTQqQVYB5d0uf8NJ5SISc4kuZyB0JICIFTQqQVYB5d0uf8,2026-07-08 13:20:00,t
646,patient,Iryna,Havryliuk,+380738887429,iryna.havryliuk.287@ukrnet.test,$2b$12$HL/2i9M51ir07Dut2eMorCBWYBmNWJfJHL/2i9M51ir07Dut2eMor,2026-07-08 13:25:00,t
647,patient,Emiliia,Holub,+380678611844,emiliia.holub.213@gmail.test,$2b$12$2gzaIIZeZ.KQLQ5SB9doBi/g4RwcgGnI2gzaIIZeZ.KQLQ5SB9doB,2026-07-08 14:15:00,t
648,patient,Myroslava,Oliinyk,+380964609172,myroslava.oliinyk.1157@gmail.test,$2b$12$N3dky9U1ImW/S9JPWCXsUVejthPBAL/aN3dky9U1ImW/S9JPWCXsU,2026-07-08 16:15:00,t
649,patient,Bohdan,Tereshchenko,+380984373154,bohdan.tereshchenko.127@gmail.test,$2b$12$JhtTy.hauEcJq6FzKTNx3fuDUV0WmVsoJhtTy.hauEcJq6FzKTNx3,2026-07-08 16:40:00,t
650,patient,Diana,Dubenko,+380966141686,diana.dubenko.969@ukrnet.test,$2b$12$op37mNomgtkRLYpUEA3W9Ww5HeBuFRdAop37mNomgtkRLYpUEA3W9,2026-07-08 16:55:00,t
651,patient,Valeriia,Vakulenko,+380680636611,valeriia.vakulenko.591@outlook.test,$2b$12$xinmdM/N2YrPqcU1p9Lb9oww.GC9wwPZxinmdM/N2YrPqcU1p9Lb9,2026-07-09 08:00:00,t
652,patient,Vira,Honcharenko,+380952809836,vira.honcharenko.526@proton.test,$2b$12$vzY9H6lCjK32pn.OVGU84rvJ50ADRzPRvzY9H6lCjK32pn.OVGU84,2026-07-09 08:20:00,t
653,patient,Maksym,Zinchenko,+380933821532,maksym.zinchenko.713@icloud.test,$2b$12$8.pWWQc1kirBNUgWm7O8Ok1jwvImQ6nI8.pWWQc1kirBNUgWm7O8O,2026-07-09 08:30:00,t
654,patient,Sofiia,Prykhodko,+380964137963,sofiia.prykhodko.932@ukrnet.test,$2b$12$Lnvpauh6j.E0FNxhl2yMR2C.xrE80xJQLnvpauh6j.E0FNxhl2yMR,2026-07-09 08:30:00,t
655,patient,Myroslava,Klymenko,+380503010781,myroslava.klymenko.482@gmail.test,$2b$12$Zi5lbrcyHgHwV/DlMO10xHg3xMTMlA0eZi5lbrcyHgHwV/DlMO10x,2026-07-09 09:10:00,t
656,patient,Liudmyla,Semeniuk,+380914158660,liudmyla.semeniuk.300@gmail.test,$2b$12$vJqggdDfgeHgQM0MwjB7QfpsFF.BsW9TvJqggdDfgeHgQM0MwjB7Q,2026-07-09 09:20:00,t
657,patient,Sofiia,Stepanenko,+380944954707,sofiia.stepanenko.739@gmail.test,$2b$12$vUQV6TZGi9EfB.FlqBjpJIYqOpZFF9rsvUQV6TZGi9EfB.FlqBjpJ,2026-07-09 09:35:00,f
658,patient,Makar,Honcharenko,+380935832508,makar.honcharenko.948@gmail.test,$2b$12$Dh6qHxOxtZdkVtKi.DeF9E2AQTHL.Q.nDh6qHxOxtZdkVtKi.DeF9,2026-07-09 09:45:00,t
659,patient,Viktor,Dubenko,+380733474380,viktor.dubenko.1087@gmail.test,$2b$12$uU8Skadurnay.jcEGfCDaPI0kD.m4cGYuU8Skadurnay.jcEGfCDa,2026-07-09 10:35:00,t
660,patient,Liubov,Nikolaienko,+380957559261,liubov.nikolaienko.1077@gmail.test,$2b$12$XvFDLDr0Ow346fvIlT2658boyYXTUSqFXvFDLDr0Ow346fvIlT265,2026-07-09 10:45:00,t
661,patient,Anna,Zakharchenko,+380947327867,patient_661@example.local,$2b$12$je/6ElIarffAqkCRABEsCKu.p6oT97HUje/6ElIarffAqkCRABEsC,2026-07-09 12:00:00,t
662,patient,Zoriana,Pavlenko,+380669808751,zoriana.pavlenko.210@ukrnet.test,$2b$12$7Jc4dtcKkH.w/7Hcf8TYOl5TSBk4c.0M7Jc4dtcKkH.w/7Hcf8TYO,2026-07-09 12:10:00,t
663,patient,Maksym,Chernenko,+380677181099,maksym.chernenko.472@gmail.test,$2b$12$60sb2dB2OhAwXLSYsXTCLgfNe4d93SjE60sb2dB2OhAwXLSYsXTCL,2026-07-09 12:20:00,t
664,patient,Inna,Verbytskyi,+380689778882,inna.verbytskyi.162@outlook.test,$2b$12$WPFGykRwQsmzx.KGT4ZADFPX50qKrthHWPFGykRwQsmzx.KGT4ZAD,2026-07-09 14:45:00,t
665,patient,Oleh,Avramenko,+380683249490,oleh.avramenko.746@gmail.test,$2b$12$4At3DwQpGyy.GhP2sMqfgvRgwJlUmNPh4At3DwQpGyy.GhP2sMqfg,2026-07-09 15:35:00,t
666,patient,Alina,Petrenko,+380959876662,patient_666@example.local,$2b$12$6Ctv3foJMhoFYY6J2l8y31EDwcJiLkXt6Ctv3foJMhoFYY6J2l8y3,2026-07-09 15:40:00,t
667,patient,Ruslana,Fedorenko,+380962227827,ruslana.fedorenko.1106@icloud.test,$2b$12$cCH7Y6euhN9YnOv8Lkek.83oLUdisXxicCH7Y6euhN9YnOv8Lkek.,2026-07-10 09:45:00,f
668,patient,Olena,Rudenko,+380942931425,olena.rudenko.18@icloud.test,$2b$12$di4Bo9RScYenzFdr8lsR6KFOMY4h/OeGdi4Bo9RScYenzFdr8lsR6,2026-07-10 10:15:00,t
669,patient,Roman,Zhuravel,+380974873281,roman.zhuravel.1073@ukrnet.test,$2b$12$9RTxFQkBS5A5jUN6iVcOXIv8DUE57nGX9RTxFQkBS5A5jUN6iVcOX,2026-07-10 10:20:00,t
670,patient,Anton,Verbytskyi,+380739072282,patient_670@example.local,$2b$12$ZU8UaUU6TOJIfThAaUipKDG3LX8ndp3nZU8UaUU6TOJIfThAaUipK,2026-07-10 10:55:00,t
671,patient,Nataliia,Klymenko,+380977498456,nataliia.klymenko.248@ukrnet.test,$2b$12$k0EdAC.VVyBRhFQvYCqeTSkhJfV2tRGvk0EdAC.VVyBRhFQvYCqeT,2026-07-10 11:20:00,t
672,patient,Vladyslav,Sydorenko,+380686676790,vladyslav.sydorenko.854@proton.test,$2b$12$xz1yG1mKZI.luLGSY2iXXmAK/EzPIAgBxz1yG1mKZI.luLGSY2iXX,2026-07-10 12:10:00,t
673,patient,Yurii,Nikolaienko,+380978819775,patient_673@example.local,$2b$12$VjK/YGMqlkVT5PleZZpoX7yvZwZaGvXSVjK/YGMqlkVT5PleZZpoX,2026-07-10 12:20:00,t
674,patient,Khrystyna,Ivanenko,+380502592297,khrystyna.ivanenko.651@icloud.test,$2b$12$IUbKr/X/dutZ2p7.zfwzuaNCN4jGKVq0IUbKr/X/dutZ2p7.zfwzu,2026-07-10 12:45:00,t
675,patient,Vasyl,Tereshchenko,+380947421679,vasyl.tereshchenko.1052@gmail.test,$2b$12$54lnqV12KNeDiii3dzSjx6VOzxOJnm4054lnqV12KNeDiii3dzSjx,2026-07-10 15:15:00,t
676,patient,Emiliia,Kravets,+380504989694,patient_676@example.local,$2b$12$Pyw7cHREddlXNXxMCM4VngGHB58NGPNFPyw7cHREddlXNXxMCM4Vn,2026-07-10 15:25:00,t
677,patient,Daryna,Serdiuk,+380682571460,daryna.serdiuk.381@gmail.test,$2b$12$gx3jmFG.lPlxsK5H2ollYaIr75Juj0i2gx3jmFG.lPlxsK5H2ollY,2026-07-10 15:25:00,t
678,patient,Yuliia,Kostenko,+380910036230,iuliia.kostenko.1175@icloud.test,$2b$12$RdnfkSHHwKj62cCEz9.PaNPle1nJb3AFRdnfkSHHwKj62cCEz9.Pa,2026-07-10 16:20:00,t
679,patient,Denys,Doroshenko,+380948590430,denys.doroshenko.912@ukrnet.test,$2b$12$14n2/dtML5diGetpy/8iiLjOAopEbJYL14n2/dtML5diGetpy/8ii,2026-07-10 19:35:00,t
680,patient,Ihor,Hrytsenko,+380508776205,ihor.hrytsenko.416@outlook.test,$2b$12$f5OGWMjfuzgshqgDcpugLIwVFI6w/QFGf5OGWMjfuzgshqgDcpugL,2026-07-10 20:20:00,t
681,patient,Yaroslav,Marchenko,+380967791537,iaroslav.marchenko.26@ukrnet.test,$2b$12$ot9pOSpKuHvtnu7GhWHPTbUxfnj0Eu3iot9pOSpKuHvtnu7GhWHPT,2026-07-11 16:30:00,t
682,patient,Uliana,Haiduk,+380980278671,patient_682@example.local,$2b$12$ldybSNsWh1mbPZwdJPjzPW4GG7k6UfDQldybSNsWh1mbPZwdJPjzP,2026-07-11 17:40:00,t
683,patient,Alina,Kozak,+380975785467,alina.kozak.315@ukrnet.test,$2b$12$UrJ1v74peent3aMKBdlVV1.uYjeoj35WUrJ1v74peent3aMKBdlVV,2026-07-12 14:20:00,t
684,patient,Anastasiia,Hnatiuk,+380982132736,anastasiia.hnatiuk.791@gmail.test,$2b$12$rY34w2WxyqMBufkOdAkRZ/Phirra6.ydrY34w2WxyqMBufkOdAkRZ,2026-07-12 18:15:00,t
685,patient,Uliana,Mazur,+380924887019,uliana.mazur.293@gmail.test,$2b$12$eW.onJALQSd1d39KUNwkh6c/Dz0dw/b/eW.onJALQSd1d39KUNwkh,2026-07-13 08:00:00,t
686,patient,Tymofii,Ostapenko,+380662977019,tymofii.ostapenko.305@gmail.test,$2b$12$.L8CSSbVCRcJjCb8W.vcX8JOihFrL9NI.L8CSSbVCRcJjCb8W.vcX,2026-07-13 08:20:00,t
687,patient,Olena,Zhuravel,+380979052089,olena.zhuravel.965@proton.test,$2b$12$eFNJkUS9qn54GWfdP46Fe6JeXF9utmAxeFNJkUS9qn54GWfdP46Fe,2026-07-13 08:25:00,t
688,patient,Marta,Velychko,+380940302991,marta.velychko.915@outlook.test,$2b$12$fR9Yq3/HSfMDbCnXLQ7BWEZjwvAOVKzafR9Yq3/HSfMDbCnXLQ7BW,2026-07-13 09:40:00,t
689,patient,Zlata,Avramenko,+380978732095,zlata.avramenko.936@gmail.test,$2b$12$3rNUBJ7mHQxp/rhilS3MmG19gPci9BZl3rNUBJ7mHQxp/rhilS3Mm,2026-07-13 10:35:00,t
690,patient,Mariia,Babenko,+380971528259,mariia.babenko.810@proton.test,$2b$12$POhtS.FTSzbJQkr8eAwsswUQB9Lp8gUaPOhtS.FTSzbJQkr8eAwss,2026-07-13 10:55:00,t
691,patient,Ihor,Polishchuk,+380972909355,ihor.polishchuk.1039@ukrnet.test,$2b$12$Zlgdqwz7t4AYgK4NYlNzTZ5F8GClQ/UbZlgdqwz7t4AYgK4NYlNzT,2026-07-13 11:40:00,t
692,patient,Roman,Dubenko,+380934468048,roman.dubenko.514@icloud.test,$2b$12$fCB3ij80EQSZTG6SH3mEPC1Td8HVog3JfCB3ij80EQSZTG6SH3mEP,2026-07-13 11:40:00,t
693,patient,Matvii,Malyshko,+380924087052,matvii.malyshko.1045@ukrnet.test,$2b$12$cM/YT5/hUCj2TOVVoS4QxNDZcZAeRtd8cM/YT5/hUCj2TOVVoS4Qx,2026-07-13 12:00:00,t
694,patient,Valeriia,Demchenko,+380736027252,valeriia.demchenko.418@icloud.test,$2b$12$uWQVtkEQXFPZjm6AD0i3gZhUHDj2P61FuWQVtkEQXFPZjm6AD0i3g,2026-07-13 12:05:00,t
695,patient,Vadym,Dubenko,+380733474402,vadym.dubenko.630@icloud.test,$2b$12$WlrjQFGb6HeWqpE5h05.We86Loiot0GvWlrjQFGb6HeWqpE5h05.W,2026-07-13 12:10:00,t
696,patient,Pavlo,Yaremenko,+380912515351,pavlo.iaremenko.73@gmail.test,$2b$12$eq0jKh7TkYrZdzS.PrUBvgepww4rhKnveq0jKh7TkYrZdzS.PrUBv,2026-07-13 12:20:00,t
697,patient,Karyna,Ostapenko,+380733190352,karyna.ostapenko.68@gmail.test,$2b$12$vxPPMDqHW9wI6DwhAAZECN3Em20hmJnmvxPPMDqHW9wI6DwhAAZEC,2026-07-13 12:30:00,t
698,patient,Liubov,Rybak,+380957493311,patient_698@example.local,$2b$12$cddPTsoKjvYQ/PPwBLF41Z8QTnQyAf2JcddPTsoKjvYQ/PPwBLF41,2026-07-13 13:15:00,t
699,patient,Liliia,Nikolaienko,+380687714611,liliia.nikolaienko.5@gmail.test,$2b$12$jSb1QPbpgrBHX0kmXQGeK6ntmJVxu0WIjSb1QPbpgrBHX0kmXQGeK,2026-07-13 13:25:00,t
700,patient,Demian,Levchenko,+380672898928,demian.levchenko.115@icloud.test,$2b$12$m0eA41v6XK/ijPLxHPZH0gYwRK86A8sWm0eA41v6XK/ijPLxHPZH0,2026-07-13 13:30:00,t
701,patient,Uliana,Nikolaienko,+380673217426,uliana.nikolaienko.243@outlook.test,$2b$12$a9FigdGhKV/rTPLwvtgjdP7qhh81SFFHa9FigdGhKV/rTPLwvtgjd,2026-07-13 14:40:00,t
702,patient,Viktor,Yurchenko,+380955802626,viktor.iurchenko.843@ukrnet.test,$2b$12$lm4a26oY/RDkcCkGI5cuJwmsKCXo7JXBlm4a26oY/RDkcCkGI5cuJ,2026-07-13 15:55:00,t
703,patient,Andrii,Hnatiuk,+380668979139,patient_703@example.local,$2b$12$A1nNP8QOPft/1.cXPvJtAnWDZUpJsQ34A1nNP8QOPft/1.cXPvJtA,2026-07-13 16:00:00,t
704,patient,Volodymyr,Nechyporenko,+380959173503,volodymyr.nechyporenko.490@icloud.test,$2b$12$MZc18sAzHTpEkMPN6TJgq.H1GxNSjiFZMZc18sAzHTpEkMPN6TJgq,2026-07-13 16:10:00,t
705,patient,Ostap,Shevchuk,+380739418275,ostap.shevchuk.966@outlook.test,$2b$12$aI81c9I42ivi8clgj00nfwV7bFPAPYmuaI81c9I42ivi8clgj00nf,2026-07-14 07:15:00,t
706,patient,Daryna,Melnyk,+380944208962,daryna.melnyk.890@outlook.test,$2b$12$765A9mAZgX9yXEnpZYZRTxqchz4uPdRy765A9mAZgX9yXEnpZYZRT,2026-07-14 08:00:00,t
707,patient,Kyrylo,Malyshko,+380947676492,kyrylo.malyshko.173@ukrnet.test,$2b$12$vHLlBWDk6.h.QqjjaWWnU6Bw9ngl3ZyDvHLlBWDk6.h.QqjjaWWnU,2026-07-14 08:35:00,t
708,patient,Myron,Pavlenko,+380911053849,myron.pavlenko.539@gmail.test,$2b$12$zDaHCo/Ncu8YfXWMnCkaQlFh2zV/.mzgzDaHCo/Ncu8YfXWMnCkaQ,2026-07-14 09:40:00,t
709,patient,Nadiia,Andrushchenko,+380929668858,patient_709@example.local,$2b$12$bbEfRN9dyoiLMz.z1Libz53Yo7Ox/ATNbbEfRN9dyoiLMz.z1Libz,2026-07-14 10:55:00,t
710,patient,Alla,Tymoshenko,+380639010610,patient_710@example.local,$2b$12$cEPy5GFb7lpv/ZHOJaNOBp7v8hGqbD9GcEPy5GFb7lpv/ZHOJaNOB,2026-07-14 11:00:00,t
711,patient,Myroslava,Zakharchenko,+380500663921,myroslava.zakharchenko.726@gmail.test,$2b$12$mKhXUyYdkksAe8vS2JcKOVq8Y/GpHSXomKhXUyYdkksAe8vS2JcKO,2026-07-14 11:25:00,t
712,patient,Andrii,Kucher,+380663022170,andrii.kucher.769@ukrnet.test,$2b$12$HlNM2B64nYFQ6fTJECSeYDN/3v3GjfzLHlNM2B64nYFQ6fTJECSeY,2026-07-14 12:10:00,t
713,patient,Tymofii,Stepanenko,+380956128677,tymofii.stepanenko.862@gmail.test,$2b$12$1WEVLuLqgesGyEoa3fR4M05n3CoZyzXv1WEVLuLqgesGyEoa3fR4M,2026-07-14 16:10:00,t
714,patient,Valeriia,Kyrylenko,+380958411896,valeriia.kyrylenko.310@gmail.test,$2b$12$fKIVVyZ1cxgELhvFJhz7OotNP/6yAI6QfKIVVyZ1cxgELhvFJhz7O,2026-07-14 16:35:00,t
715,patient,Uliana,Ostapenko,+380507813570,uliana.ostapenko.1068@proton.test,$2b$12$Cldtj2jIwIEx1MDWkQhlOkdVKyUPGrGECldtj2jIwIEx1MDWkQhlO,2026-07-15 11:35:00,t
716,patient,Inna,Semeniuk,+380668172621,inna.semeniuk.520@outlook.test,$2b$12$pZQR8jQVJjiosvqICtS6gfHBI083N/UEpZQR8jQVJjiosvqICtS6g,2026-07-15 12:10:00,t
717,patient,Daryna,Rudenko,+380686163709,daryna.rudenko.141@ukrnet.test,$2b$12$/NXzBHw5xuMdM5S1B4SKuZZzQXDsBUbg/NXzBHw5xuMdM5S1B4SKu,2026-07-15 12:55:00,t
718,patient,Valeriia,Makarenko,+380912158298,valeriia.makarenko.958@ukrnet.test,$2b$12$ILdFc6uJQK26YdkLiqOJHkHPPHpVKlISILdFc6uJQK26YdkLiqOJH,2026-07-15 13:25:00,t
719,patient,Rostyslav,Kondratiuk,+380948150808,patient_719@example.local,$2b$12$gor91BwPILvWjHpobEvtASJafZ7MAgBqgor91BwPILvWjHpobEvtA,2026-07-15 13:50:00,t
720,patient,Myroslava,Malyshko,+380503890689,myroslava.malyshko.521@gmail.test,$2b$12$0NjgFOTK6qVAuXDUEeXAMdk5JFHXMQFo0NjgFOTK6qVAuXDUEeXAM,2026-07-15 15:35:00,t
721,patient,Serhii,Makarenko,+380965281444,serhii.makarenko.486@gmail.test,$2b$12$/T1HjUsoLhcq1jPv5mHs4JLfqKWVEER//T1HjUsoLhcq1jPv5mHs4,2026-07-15 16:15:00,t
722,patient,Hanna,Vakulenko,+380509516792,hanna.vakulenko.943@gmail.test,$2b$12$zC1jA8sEVbpH3O.6koS6ynyr/zhWUZBnzC1jA8sEVbpH3O.6koS6y,2026-07-15 18:10:00,t
723,patient,Oksana,Holub,+380990009960,oksana.holub.821@gmail.test,$2b$12$b3.ltjU30OvZE0I3e/aKgMi2lH1jZ8KTb3.ltjU30OvZE0I3e/aKg,2026-07-15 20:45:00,t
724,patient,Zoriana,Melnyk,+380639361003,zoriana.melnyk.712@ukrnet.test,$2b$12$odzY6qyQ0mKT4sqWA/4E2CiJ5eKWulLxodzY6qyQ0mKT4sqWA/4E2,2026-07-16 08:00:00,t
725,patient,Pavlo,Danylenko,+380912114418,patient_725@example.local,$2b$12$yH3jnSgn5h.fNxO4gH3wC2fRSJcb4lTNyH3jnSgn5h.fNxO4gH3wC,2026-07-16 09:20:00,t
726,patient,Bohdana,Pavlenko,+380939819566,bohdana.pavlenko.868@gmail.test,$2b$12$d3HO/CnY.0treLBKbIVKwQqttZS1rsq5d3HO/CnY.0treLBKbIVKw,2026-07-16 09:30:00,t
727,patient,Inna,Bilous,+380996935240,inna.bilous.939@gmail.test,$2b$12$/NSsMYNjUom/ku7ZxfrCN5cqkGMt68Qz/NSsMYNjUom/ku7ZxfrCN,2026-07-16 09:30:00,t
728,patient,Oleh,Makarenko,+380733255377,oleh.makarenko.910@outlook.test,$2b$12$Jui38tzZ5pFx8bl0SaC3lNBH9foYb12TJui38tzZ5pFx8bl0SaC3l,2026-07-16 10:45:00,t
729,patient,Polina,Hrytsenko,+380937118841,polina.hrytsenko.586@gmail.test,$2b$12$V2FH3uD9NzmPgTCHOqwgVmF41ldBIZdkV2FH3uD9NzmPgTCHOqwgV,2026-07-16 10:55:00,t
730,patient,Alina,Romanenko,+380919680521,alina.romanenko.748@icloud.test,$2b$12$wBwhpZq7gAfXl4gvCZ585JfWmZ2wE.X2wBwhpZq7gAfXl4gvCZ585,2026-07-16 11:15:00,t
731,patient,Mykhailo,Vakulenko,+380931470409,mykhailo.vakulenko.434@gmail.test,$2b$12$6479NOwrGjVdyTZNOCf0OGo.jVwV9XRv6479NOwrGjVdyTZNOCf0O,2026-07-16 13:20:00,t
732,patient,Ivan,Danylenko,+380630937924,ivan.danylenko.992@icloud.test,$2b$12$5B8hmRXm1GiwbnQs1miHF8Y1fmOJjElt5B8hmRXm1GiwbnQs1miHF,2026-07-16 13:40:00,t
733,patient,Veronika,Tkachenko,+380686222772,veronika.tkachenko.99@gmail.test,$2b$12$QRLDnwasl5JYigpQp/hsy.YMMjpKHZDlQRLDnwasl5JYigpQp/hsy,2026-07-16 14:10:00,t
734,patient,Tymofii,Romanenko,+380939331124,patient_734@example.local,$2b$12$vqFC.U6a/nbzBz8WsUIZ43tCO5Dg72ALvqFC.U6a/nbzBz8WsUIZ4,2026-07-16 14:45:00,t
735,patient,Zoriana,Rybak,+380932338910,zoriana.rybak.544@gmail.test,$2b$12$.tUvZDdPWuw8JicoaM9lk6LcqZ7d7KRG.tUvZDdPWuw8JicoaM9lk,2026-07-16 14:50:00,t
736,patient,Zoriana,Honcharenko,+380663681285,zoriana.honcharenko.214@outlook.test,$2b$12$WIa4YnIp2MJ58YAN2qHy47qB645rcF0QWIa4YnIp2MJ58YAN2qHy4,2026-07-16 20:05:00,t
737,patient,Rostyslav,Verbytskyi,+380915594993,patient_737@example.local,$2b$12$Y.vT4r81kVgtWd8XdgCXk4GRF0o/XCpWY.vT4r81kVgtWd8XdgCXk,2026-07-17 10:25:00,t
738,patient,Liliia,Malyshko,+380504492166,patient_738@example.local,$2b$12$3ExSwZZ7/VFqCHGY6lEMAiYSL6pwqeIA3ExSwZZ7/VFqCHGY6lEMA,2026-07-17 10:30:00,t
739,patient,Tymofii,Lysenko,+380669018635,patient_739@example.local,$2b$12$x33mYTw7hzBURtjJNv4YMiEQTXJfinK2x33mYTw7hzBURtjJNv4YM,2026-07-17 10:35:00,t
740,patient,Yelyzaveta,Yaremenko,+380666050951,ielyzaveta.iaremenko.619@outlook.test,$2b$12$L8tcMSLduTyo4s8rncy2IQvDWXI1NhD/L8tcMSLduTyo4s8rncy2I,2026-07-17 11:05:00,t
741,patient,Khrystyna,Kapustian,+380946834108,khrystyna.kapustian.690@icloud.test,$2b$12$pbC5J6Xz5KgvUoMdM/qiJLBn4gdRXeUYpbC5J6Xz5KgvUoMdM/qiJ,2026-07-17 11:10:00,t
742,patient,Viktoriia,Savchenko,+380915902744,viktoriia.savchenko.329@gmail.test,$2b$12$CN82QtdxaL6ysd6dEOgwpl2sdsJXEQEqCN82QtdxaL6ysd6dEOgwp,2026-07-17 11:50:00,t
743,patient,Nadiia,Mazur,+380738456311,patient_743@example.local,$2b$12$0XYAaHBvy1eskaqz2ONWLGARBV9M.KP30XYAaHBvy1eskaqz2ONWL,2026-07-17 12:20:00,t
744,patient,Vasyl,Kravets,+380732270821,vasyl.kravets.784@ukrnet.test,$2b$12$Z0OiFXo0DmTbnPaNouLvcsJkTso7ISICZ0OiFXo0DmTbnPaNouLvc,2026-07-17 12:55:00,t
745,patient,Valeriia,Vakulenko,+380910801453,valeriia.vakulenko.694@gmail.test,$2b$12$IkLuvjClzDHssPJ3RawO5slXjRaQxHuKIkLuvjClzDHssPJ3RawO5,2026-07-17 13:50:00,t
746,patient,Oleksandr,Oliinyk,+380661206030,oleksandr.oliinyk.1030@gmail.test,$2b$12$JUF06sXeEyNHa8DsCPnX4OtmkpcCd9LiJUF06sXeEyNHa8DsCPnX4,2026-07-17 14:05:00,t
747,patient,Oleksandr,Doroshenko,+380685837631,oleksandr.doroshenko.1088@gmail.test,$2b$12$tZTZHV.RO9IMbukxQ6LwBiCJfCK1XzJAtZTZHV.RO9IMbukxQ6LwB,2026-07-17 14:35:00,t
748,patient,Vitalii,Yakovenko,+380661454647,vitalii.iakovenko.386@gmail.test,$2b$12$GR5vVtgr4blKaAJQHEepxD.yTpTZrwKzGR5vVtgr4blKaAJQHEepx,2026-07-17 16:05:00,t
749,patient,Karyna,Prykhodko,+380730526125,patient_749@example.local,$2b$12$tcPHYOFyRbK7OMHQNw4Wya3LC/.RZWawtcPHYOFyRbK7OMHQNw4Wy,2026-07-17 16:50:00,t
750,patient,Emiliia,Kharchenko,+380686765311,emiliia.kharchenko.876@ukrnet.test,$2b$12$BPxUSd1HceaDOk3MUU9AUwfsDtBtzAJ3BPxUSd1HceaDOk3MUU9AU,2026-07-18 14:25:00,t
751,patient,Yelyzaveta,Honcharenko,+380944392005,ielyzaveta.honcharenko.1049@gmail.test,$2b$12$n3v6Ljl5dJuDKk1uWI0OUSLbXUfcFtTtn3v6Ljl5dJuDKk1uWI0OU,2026-07-18 20:40:00,t
752,patient,Heorhii,Lysenko,+380984970261,heorhii.lysenko.696@ukrnet.test,$2b$12$0rm2Xxzh723sf3ZZOVrsMX5u7G8fXrTw0rm2Xxzh723sf3ZZOVrsM,2026-07-20 08:15:00,t
753,patient,Yurii,Velychko,+380948359198,iurii.velychko.929@outlook.test,$2b$12$sdrFtPY0TWixk66VN9X6grxwFm8DCcjYsdrFtPY0TWixk66VN9X6g,2026-07-20 08:55:00,t
754,patient,Sofiia,Hordiienko,+380662779474,sofiia.hordiienko.104@outlook.test,$2b$12$L/lfo1CdregowYJazNTO/iiRHwgJ52qVL/lfo1CdregowYJazNTO/,2026-07-20 10:40:00,t
755,patient,Valentyn,Korniienko,+380990640453,valentyn.korniienko.492@ukrnet.test,$2b$12$xR90ENhgY3iTP9MpSVwn0gMbyovDD1yKxR90ENhgY3iTP9MpSVwn0,2026-07-20 12:00:00,t
756,patient,Mykhailo,Buriak,+380664702448,patient_756@example.local,$2b$12$4SV1w..2y0.RSVhpIbSuJT4GD5eWEDEV4SV1w..2y0.RSVhpIbSuJ,2026-07-20 12:05:00,t
757,patient,Anna,Buriak,+380970946847,anna.buriak.638@gmail.test,$2b$12$y1/jdcbAGIElp7QzBYee39L87BLYrPIoy1/jdcbAGIElp7QzBYee3,2026-07-20 12:50:00,t
758,patient,Alina,Haiduk,+380932286232,alina.haiduk.420@icloud.test,$2b$12$REunRVLa4CuZxzclG9UlojF9NZkrUQfwREunRVLa4CuZxzclG9Ulo,2026-07-20 13:20:00,t
759,patient,Inna,Vasylenko,+380994225738,patient_759@example.local,$2b$12$I0naavmRzRVc.zgDSZiCAE5mSC5MArVqI0naavmRzRVc.zgDSZiCA,2026-07-20 15:30:00,t
760,patient,Makar,Hnatiuk,+380951418770,patient_760@example.local,$2b$12$SZ9DXSSPIj9kc9VhpH39UOaC9fIf/QwVSZ9DXSSPIj9kc9VhpH39U,2026-07-20 16:20:00,t
761,patient,Lesia,Shapoval,+380679095672,patient_761@example.local,$2b$12$JpEHaJplV.ZnUUXXqUMBfW2NU6qyDQtgJpEHaJplV.ZnUUXXqUMBf,2026-07-21 08:05:00,t
762,patient,Petro,Mazur,+380737528063,petro.mazur.588@gmail.test,$2b$12$imJmr0W31vsv9/k79w6i6UF1PNy412hTimJmr0W31vsv9/k79w6i6,2026-07-21 11:05:00,t
763,patient,Vasyl,Danylenko,+380927750603,patient_763@example.local,$2b$12$p8QqMsW/7SErvlbEzi/zEv2BuHqzub7Xp8QqMsW/7SErvlbEzi/zE,2026-07-21 11:10:00,t
764,patient,Svitlana,Kozak,+380953841001,svitlana.kozak.8@gmail.test,$2b$12$kM56kuM1sBFmG7rC6V7cy5DKCKblM8bIkM56kuM1sBFmG7rC6V7cy,2026-07-21 11:40:00,t
765,patient,Bohdana,Demchenko,+380633639524,bohdana.demchenko.40@ukrnet.test,$2b$12$UKus1sR9N9GfoQ2rlDQONz9kRBgf3LrSUKus1sR9N9GfoQ2rlDQON,2026-07-21 13:05:00,t
766,patient,Kateryna,Shevchuk,+380671668110,patient_766@example.local,$2b$12$pN7QzYeYeCZsNNSZK36RhHSKLeQtUlDFpN7QzYeYeCZsNNSZK36Rh,2026-07-21 13:20:00,t
767,patient,Yuliia,Kharchenko,+380938420988,iuliia.kharchenko.101@ukrnet.test,$2b$12$F02fh2.7SGY90l.ATmS2gUqKxM2pyxe8F02fh2.7SGY90l.ATmS2g,2026-07-21 14:55:00,t
768,patient,Yuliia,Zadorozhnyi,+380945953232,iuliia.zadorozhnyi.881@ukrnet.test,$2b$12$uMboiReeODdApqmAFZFu/EOcZB4wzLofuMboiReeODdApqmAFZFu/,2026-07-22 09:40:00,t
769,patient,Nadiia,Bilous,+380931968853,nadiia.bilous.30@ukrnet.test,$2b$12$K0LfdTsslLNzgnW/2jVjsyk0tr62tHjQK0LfdTsslLNzgnW/2jVjs,2026-07-22 09:40:00,t
770,patient,Sofiia,Mazur,+380980938578,sofiia.mazur.764@icloud.test,$2b$12$0FsHfDb6fDPQk1wm5.vSmubFh9mkN56c0FsHfDb6fDPQk1wm5.vSm,2026-07-22 10:40:00,t
771,patient,Liubov,Holub,+380630205751,liubov.holub.365@outlook.test,$2b$12$QasoqYxAUPMbM1RKPFwsK5y0dqnk.6yvQasoqYxAUPMbM1RKPFwsK,2026-07-22 10:40:00,t
772,patient,Khrystyna,Kozak,+380739289602,khrystyna.kozak.12@outlook.test,$2b$12$sh..Q/o.93B13IJKYZ.zePpyY58uiGg2sh..Q/o.93B13IJKYZ.ze,2026-07-22 10:50:00,t
773,patient,Serhii,Pavlenko,+380952138567,serhii.pavlenko.453@gmail.test,$2b$12$a4tANNpLm/f4YUld4GSU2dxIfRqRQxJMa4tANNpLm/f4YUld4GSU2,2026-07-22 11:15:00,t
774,patient,Yuliia,Nechyporenko,+380940517563,iuliia.nechyporenko.125@icloud.test,$2b$12$AcfIGPO07WtaltUKM6CEw6AubVToiUJ3AcfIGPO07WtaltUKM6CEw,2026-07-22 11:40:00,t
775,patient,Yana,Mazur,+380736793717,iana.mazur.878@ukrnet.test,$2b$12$zqJ6F8/T48xiIHWflhkuBFKWrIRaRS4kzqJ6F8/T48xiIHWflhkuB,2026-07-22 12:10:00,t
776,patient,Petro,Zadorozhnyi,+380736320698,patient_776@example.local,$2b$12$Nq.t8WBlQfa1h6E7tKDdKYNKqIXd0wdhNq.t8WBlQfa1h6E7tKDdK,2026-07-22 12:25:00,t
777,patient,Oleksii,Doroshenko,+380733041342,oleksii.doroshenko.1090@icloud.test,$2b$12$8GloFkIV26rzEmcAzLiI.RsQwv3dGu1W8GloFkIV26rzEmcAzLiI.,2026-07-22 12:40:00,t
778,patient,Myron,Velychko,+380979681124,patient_778@example.local,$2b$12$RCnJghbY2wEcde9gtPM4dybgBQ3l9sjBRCnJghbY2wEcde9gtPM4d,2026-07-22 12:55:00,t
779,patient,Marta,Boiko,+380996379457,patient_779@example.local,$2b$12$f0XzJq2zHjI6cMLg40gmJR06z2NWeQXpf0XzJq2zHjI6cMLg40gmJ,2026-07-22 13:25:00,t
780,patient,Liubov,Tymoshenko,+380634418138,liubov.tymoshenko.649@gmail.test,$2b$12$dwou44XKNCfTBvt7ztQb/FirF4xbBLgndwou44XKNCfTBvt7ztQb/,2026-07-22 13:40:00,t
781,patient,Oksana,Klymenko,+380735784570,patient_781@example.local,$2b$12$GG3zksCjUfmDgkAT2g9R.e6rOKxNdKYqGG3zksCjUfmDgkAT2g9R.,2026-07-22 15:40:00,f
782,patient,Daryna,Danylenko,+380984175533,daryna.danylenko.603@ukrnet.test,$2b$12$6zVh5S61lT6.oX.9cl5d/Q7vatqSUPbA6zVh5S61lT6.oX.9cl5d/,2026-07-22 16:40:00,t
783,patient,Viktoriia,Zinchenko,+380922902957,viktoriia.zinchenko.63@gmail.test,$2b$12$1MEiCN.NaWCIaB.hy3/iAzMa2FJ.gFqk1MEiCN.NaWCIaB.hy3/iA,2026-07-23 08:00:00,t
784,patient,Maksym,Pylypenko,+380673063588,patient_784@example.local,$2b$12$KrrpeCZwCWnCLs6rB8elGlmKJUw4mFziKrrpeCZwCWnCLs6rB8elG,2026-07-23 08:45:00,t
785,patient,Oksana,Shapoval,+380947394330,oksana.shapoval.988@outlook.test,$2b$12$s7fnTsfhtDfyshq9tYvBewenOvUzMYAes7fnTsfhtDfyshq9tYvBe,2026-07-23 09:40:00,t
786,patient,Anna,Shapoval,+380668159785,anna.shapoval.234@gmail.test,$2b$12$xL6DFiU9BmkBgQnUqTC44m0Di.0e08bcxL6DFiU9BmkBgQnUqTC44,2026-07-23 10:00:00,t
787,patient,Ruslana,Dubenko,+380734122099,ruslana.dubenko.1168@gmail.test,$2b$12$y5lmwJPuIJdErNReg2rN8Bkusg0eT2AOy5lmwJPuIJdErNReg2rN8,2026-07-23 10:35:00,t
788,patient,Polina,Serdiuk,+380733869224,polina.serdiuk.773@outlook.test,$2b$12$iFK2n2ky2M30DAGYsLonI8/s2m7r5oPdiFK2n2ky2M30DAGYsLonI,2026-07-23 11:40:00,t
789,patient,Mykola,Tymoshenko,+380687577405,mykola.tymoshenko.71@gmail.test,$2b$12$/dNjvLonAqYVpTTyJ8WdVnbMtE10IRNS/dNjvLonAqYVpTTyJ8WdV,2026-07-23 12:05:00,t
790,patient,Diana,Stepanenko,+380942526874,diana.stepanenko.431@gmail.test,$2b$12$mHQqqEO53/n5xjFe/Kc6qnWQ/qoOpDcHmHQqqEO53/n5xjFe/Kc6q,2026-07-23 13:25:00,t
791,patient,Mariia,Kyrylenko,+380981400071,mariia.kyrylenko.430@gmail.test,$2b$12$0Pnbt6VTcLWwkdYtvYIpzJYt0O/h7JHL0Pnbt6VTcLWwkdYtvYIpz,2026-07-23 14:00:00,t
792,patient,Viktoriia,Romanenko,+380989957747,viktoriia.romanenko.347@gmail.test,$2b$12$plWNxJIeYaDWtLt.9OIsC947aWmgwNmRplWNxJIeYaDWtLt.9OIsC,2026-07-23 15:00:00,t
793,patient,Nataliia,Shevchenko,+380635496654,nataliia.shevchenko.596@ukrnet.test,$2b$12$xzEZrNU1cGLQbSaOEmhvK2tOTO5OvhsrxzEZrNU1cGLQbSaOEmhvK,2026-07-23 15:10:00,t
794,patient,Bohdana,Rudenko,+380663524855,bohdana.rudenko.143@ukrnet.test,$2b$12$b8x8ynO7mYxEYb/UDev9AdnGo7GbsUhqb8x8ynO7mYxEYb/UDev9A,2026-07-23 15:15:00,t
795,patient,Anna,Shapoval,+380506118968,anna.shapoval.917@ukrnet.test,$2b$12$EQ79QJAGwvMHGJ2zChJ/GA5bev1L0MrMEQ79QJAGwvMHGJ2zChJ/G,2026-07-23 16:25:00,t
796,patient,Nataliia,Lozovyi,+380994235717,nataliia.lozovyi.268@ukrnet.test,$2b$12$mhU8NQqqR1uzeQpYwuxMJNIxXMJ3lz4KmhU8NQqqR1uzeQpYwuxMJ,2026-07-23 16:40:00,t
797,patient,Vadym,Moroz,+380927138794,vadym.moroz.1151@gmail.test,$2b$12$80r6UNMB7GXd6wUSPnMWplMeIs0cIaNg80r6UNMB7GXd6wUSPnMWp,2026-07-23 16:45:00,t
798,patient,Diana,Kovalevskyi,+380910936172,diana.kovalevskyi.400@icloud.test,$2b$12$SvqfXDZ9JEwlygOA94/pIaHk9L6V45hQSvqfXDZ9JEwlygOA94/pI,2026-07-23 18:10:00,t
799,patient,Anna,Kondratiuk,+380920425906,anna.kondratiuk.650@gmail.test,$2b$12$bioLaM5EGNatjXHuFMu/QVe3Yk8CGtoNbioLaM5EGNatjXHuFMu/Q,2026-07-24 08:50:00,t
800,patient,Myron,Kapustian,+380686416567,myron.kapustian.1055@gmail.test,$2b$12$k6323HUhwiEw5MuIGTkiEa4g.reThQ3ck6323HUhwiEw5MuIGTkiE,2026-07-24 11:55:00,t
801,patient,Olha,Lysenko,+380680186406,olha.lysenko.528@outlook.test,$2b$12$HWUc.H1pLq42s32SAqvLDtstrHMEnPKHHWUc.H1pLq42s32SAqvLD,2026-07-24 13:05:00,t
802,patient,Viktoriia,Zhuravel,+380509231184,viktoriia.zhuravel.556@ukrnet.test,$2b$12$oLiA/E66eUcxt8Lnb7wpcCDMN3guPZCqoLiA/E66eUcxt8Lnb7wpc,2026-07-24 14:10:00,t
803,patient,Mariia,Yakovenko,+380672126819,mariia.iakovenko.394@icloud.test,$2b$12$KTDX.bMizlb01Rc5qmWH9r4fo58A9iDuKTDX.bMizlb01Rc5qmWH9,2026-07-24 15:50:00,t
804,patient,Vadym,Dovzhenko,+380634950243,vadym.dovzhenko.573@ukrnet.test,$2b$12$0Tg4Iw/ivqeYKwf7l6smfn2GaFZiwtYd0Tg4Iw/ivqeYKwf7l6smf,2026-07-24 15:55:00,t
805,patient,Danylo,Soroka,+380921215869,danylo.soroka.886@gmail.test,$2b$12$Z/yx7kzE4spbvPXYGYnEcuzyyTRHcRUZZ/yx7kzE4spbvPXYGYnEc,2026-07-25 17:15:00,t
806,patient,Alina,Ivanenko,+380916150694,alina.ivanenko.853@outlook.test,$2b$12$p15r9c1TbWEej.GtrVBJh45RYMCNZ6Fap15r9c1TbWEej.GtrVBJh,2026-07-27 11:10:00,t
807,patient,Iryna,Ostapenko,+380914188845,patient_807@example.local,$2b$12$MT5aNxIMOvAzh./avH5qM2ccM58USsk3MT5aNxIMOvAzh./avH5qM,2026-07-27 11:30:00,t
808,patient,Oleksii,Sydorenko,+380635744154,oleksii.sydorenko.575@ukrnet.test,$2b$12$GSf1hiyc6ze4DKSOj0QP5GbbFi6jHSD8GSf1hiyc6ze4DKSOj0QP5,2026-07-27 11:40:00,t
809,patient,Oleksandr,Klymenko,+380730166990,patient_809@example.local,$2b$12$ND1S/VvGKv5ehuevT9rmGLqE39seB0YkND1S/VvGKv5ehuevT9rmG,2026-07-27 11:50:00,t
810,patient,Ihor,Lysenko,+380738771332,ihor.lysenko.375@icloud.test,$2b$12$Z0uL32Ea0yF50nxpuioN5y92YTY1B3QGZ0uL32Ea0yF50nxpuioN5,2026-07-27 12:05:00,t
811,patient,Andrii,Savchenko,+380959398242,andrii.savchenko.408@ukrnet.test,$2b$12$RZWy/u514IKIRV3fQvrJtrYuymUkXcvCRZWy/u514IKIRV3fQvrJt,2026-07-27 12:10:00,t
812,patient,Alina,Lysenko,+380925935626,alina.lysenko.897@gmail.test,$2b$12$nrkL1tDBpGn8hO5260dqB2Om4prOWZA8nrkL1tDBpGn8hO5260dqB,2026-07-27 13:30:00,t
813,patient,Mariia,Hrytsenko,+380922751746,mariia.hrytsenko.976@gmail.test,$2b$12$tPozNKCjRNxDR5pl.rG5yk4bVyfMr/mutPozNKCjRNxDR5pl.rG5y,2026-07-27 15:30:00,t
814,patient,Oleksandr,Havryliuk,+380939470309,oleksandr.havryliuk.414@gmail.test,$2b$12$Ds9.oHqPpFXThvmU6ZmcAtfxdMFThwfPDs9.oHqPpFXThvmU6ZmcA,2026-07-28 08:00:00,t
815,patient,Vasyl,Moroz,+380952488656,vasyl.moroz.58@gmail.test,$2b$12$eNHtY6p5.JHrHpy/GGBYgrD4bIdBGXM9eNHtY6p5.JHrHpy/GGBYg,2026-07-28 08:20:00,t
816,patient,Stepan,Havryliuk,+380679224335,stepan.havryliuk.211@gmail.test,$2b$12$ptIry6dX4P3AP/EhhcJKKSFTVBJ4PVe/ptIry6dX4P3AP/EhhcJKK,2026-07-28 08:50:00,t
817,patient,Taras,Lytvyn,+380998879660,taras.lytvyn.1038@outlook.test,$2b$12$37t75OU0P5UNw6E6vMIJQqns5.N/kI9n37t75OU0P5UNw6E6vMIJQ,2026-07-28 09:15:00,t
818,patient,Iryna,Kravchenko,+380735804210,iryna.kravchenko.443@ukrnet.test,$2b$12$ZyRocmAuE7mg/82JjwQ29SGlL36pVOWjZyRocmAuE7mg/82JjwQ29,2026-07-28 09:45:00,t
819,patient,Artur,Melnyk,+380963971253,artur.melnyk.1113@ukrnet.test,$2b$12$mp5auGiXGtNRcsuv2.XsOC3fGl2jSRs3mp5auGiXGtNRcsuv2.XsO,2026-07-28 10:15:00,t
820,patient,Alina,Lytvyn,+380994736973,patient_820@example.local,$2b$12$qyyT71HQpyuiNLnj.T3wvnlKx3SCcdqDqyyT71HQpyuiNLnj.T3wv,2026-07-28 10:55:00,t
821,patient,Solomiia,Doroshenko,+380638273564,solomiia.doroshenko.582@ukrnet.test,$2b$12$D3N/fIDVSdDBKz55Iuk/XH1qho5e9CkRD3N/fIDVSdDBKz55Iuk/X,2026-07-28 11:00:00,t
822,patient,Oleksandr,Tereshchenko,+380966662942,oleksandr.tereshchenko.828@gmail.test,$2b$12$UQ72maa1uSHpPkHWwnfa7.vkrfG4fY7BUQ72maa1uSHpPkHWwnfa7,2026-07-28 11:55:00,t
823,patient,Lesia,Tymoshenko,+380679690753,patient_823@example.local,$2b$12$62617I0lhhNBB27Gh16YX1QROPkN6jFH62617I0lhhNBB27Gh16YX,2026-07-28 13:05:00,t
824,patient,Nazar,Hordiienko,+380982715528,patient_824@example.local,$2b$12$usoKmouTY0p0CAmj/NpctN5fJVkmjIzcusoKmouTY0p0CAmj/Npct,2026-07-28 13:25:00,t
825,patient,Ihor,Kapustian,+380959108899,ihor.kapustian.1022@gmail.test,$2b$12$2fAWvyreA7Lya0nguk6fNStb6YdM/AXu2fAWvyreA7Lya0nguk6fN,2026-07-28 14:20:00,t
826,patient,Alina,Velychko,+380670049253,alina.velychko.590@icloud.test,$2b$12$7PkMHowMpgcE6pdK7KDBBu37khRv3WNi7PkMHowMpgcE6pdK7KDBB,2026-07-28 14:35:00,t
827,patient,Stepan,Stepanenko,+380981118196,stepan.stepanenko.241@gmail.test,$2b$12$yl3hpPuk9sEABvSSHFTKlTYEBH/rk9Ftyl3hpPuk9sEABvSSHFTKl,2026-07-28 14:45:00,t
828,patient,Petro,Haiduk,+380660009271,petro.haiduk.663@gmail.test,$2b$12$.EXpC7/wRfBq0fQMv8uxRxT7.LPBa0ZD.EXpC7/wRfBq0fQMv8uxR,2026-07-28 14:50:00,t
829,patient,Maryna,Shapoval,+380932763557,maryna.shapoval.454@gmail.test,$2b$12$VYnKamUhPJP6hZgyDETevfaUtTI5ZFTIVYnKamUhPJP6hZgyDETev,2026-07-28 15:50:00,t
830,patient,Anton,Haiduk,+380916848848,anton.haiduk.896@gmail.test,$2b$12$n01ufad86osU9X66VHRjtdaZivzybp/Kn01ufad86osU9X66VHRjt,2026-07-28 15:50:00,t
831,patient,Vira,Ivanenko,+380920240032,vira.ivanenko.446@ukrnet.test,$2b$12$pHimoSwpRHuT5QQpH8lc.B2UuQoxQTNwpHimoSwpRHuT5QQpH8lc.,2026-07-28 15:55:00,t
832,patient,Mariia,Samoilenko,+380922669974,mariia.samoilenko.530@outlook.test,$2b$12$CkoK0w0crrRvYmEuNSoiQKoQT6cbqsM9CkoK0w0crrRvYmEuNSoiQ,2026-07-28 16:05:00,t
833,patient,Mykhailo,Zinchenko,+380971376590,mykhailo.zinchenko.902@ukrnet.test,$2b$12$qEUw5VeDwhxN5c/DOwDROVC/XvX8H2k9qEUw5VeDwhxN5c/DOwDRO,2026-07-28 16:15:00,t
834,patient,Vira,Zakharchenko,+380974799546,patient_834@example.local,$2b$12$tat69Cx/4D5JdOLNR8MJ4PFFnyWUGHHAtat69Cx/4D5JdOLNR8MJ4,2026-07-28 16:20:00,t
835,patient,Viktor,Sydorenko,+380950660421,viktor.sydorenko.245@proton.test,$2b$12$Qs/ZUI7O/zU63cYkVZlSSwzpwYjJJ0W.Qs/ZUI7O/zU63cYkVZlSS,2026-07-29 08:10:00,t
836,patient,Yana,Fedorenko,+380944525307,iana.fedorenko.488@gmail.test,$2b$12$0ej8BW5ItMHoseAEpzdybBV79./FfnFm0ej8BW5ItMHoseAEpzdyb,2026-07-29 08:25:00,t
837,patient,Emiliia,Doroshenko,+380923785783,emiliia.doroshenko.951@gmail.test,$2b$12$Rv7AQH/GCz4PppweGSWNYIwl70PaG11.Rv7AQH/GCz4PppweGSWNY,2026-07-29 09:05:00,t
838,patient,Alisa,Kapustian,+380956155911,patient_838@example.local,$2b$12$BXmeLvY63/C1biie6.nhKZI/DqLfPWODBXmeLvY63/C1biie6.nhK,2026-07-29 10:05:00,t
839,patient,Myroslava,Kulyk,+380968726671,myroslava.kulyk.313@gmail.test,$2b$12$P.VyVTpT42mCXq.P4Tfr7vcJ3np5TT8.P.VyVTpT42mCXq.P4Tfr7,2026-07-29 10:20:00,t
840,patient,Sofiia,Makarenko,+380927605845,sofiia.makarenko.889@icloud.test,$2b$12$nG5cyDRdx7swM8sHzNO9xdxrqIsb2/FnnG5cyDRdx7swM8sHzNO9x,2026-07-29 10:40:00,t
841,patient,Vadym,Kravets,+380926869360,patient_841@example.local,$2b$12$gi5jg9.4VDNU6VKH9QiWZAFfatk9//OSgi5jg9.4VDNU6VKH9QiWZ,2026-07-29 11:05:00,t
842,patient,Stepan,Bilous,+380968308447,stepan.bilous.687@gmail.test,$2b$12$zuaLXR.GKWStOnlqN4NfEHLx.mhAT.vJzuaLXR.GKWStOnlqN4NfE,2026-07-29 12:20:00,t
843,patient,Daryna,Kolesnyk,+380502209564,daryna.kolesnyk.549@ukrnet.test,$2b$12$CGOEBID00lmCi4wA1X0qFRkuIX2jhrNeCGOEBID00lmCi4wA1X0qF,2026-07-29 15:05:00,t
844,patient,Uliana,Romanenko,+380988551447,uliana.romanenko.33@ukrnet.test,$2b$12$8VOiO0tn5GnaQe1Kj/G3YOz6fQVditan8VOiO0tn5GnaQe1Kj/G3Y,2026-07-29 15:50:00,t
845,patient,Alisa,Hnatiuk,+380509309642,alisa.hnatiuk.697@ukrnet.test,$2b$12$Gt.zI1qpPETMhx9uJEJe4dCFquORlb7rGt.zI1qpPETMhx9uJEJe4,2026-07-29 16:20:00,t
846,patient,Khrystyna,Vakulenko,+380507061750,khrystyna.vakulenko.238@gmail.test,$2b$12$QSPtptPwnXlg4gIBRYOxR/pnHHjIW6ttQSPtptPwnXlg4gIBRYOxR,2026-07-30 08:10:00,t
847,patient,Yana,Kapustian,+380912708472,iana.kapustian.302@gmail.test,$2b$12$C7sdWy5JS5gh/Umi2L6Qhz7/0O8IxU/eC7sdWy5JS5gh/Umi2L6Qh,2026-07-30 08:35:00,t
848,patient,Danylo,Shevchuk,+380689264377,danylo.shevchuk.330@outlook.test,$2b$12$yDR0JQXTuj58F09hah.cGhcwlVTsodcFyDR0JQXTuj58F09hah.cG,2026-07-30 09:10:00,t
849,patient,Daryna,Klymenko,+380914823830,daryna.klymenko.290@gmail.test,$2b$12$6w8CDwtvvwtv1bchHx26cJDg3pfoj.026w8CDwtvvwtv1bchHx26c,2026-07-30 09:20:00,t
850,patient,Polina,Kravchenko,+380931116849,polina.kravchenko.200@gmail.test,$2b$12$..a45bMhr1LxFpVOwp.ZiFdN.FwGtjjp..a45bMhr1LxFpVOwp.Zi,2026-07-30 09:25:00,t
851,patient,Nadiia,Panchenko,+380997830094,nadiia.panchenko.207@outlook.test,$2b$12$Q.JvElm9PI/oTciwJ.y4saSYlBbjgxFnQ.JvElm9PI/oTciwJ.y4s,2026-07-30 10:00:00,t
852,patient,Anna,Doroshenko,+380950616091,anna.doroshenko.1025@gmail.test,$2b$12$4yBwr1DfgqUxBJphJ5HLzGbwHEHml7244yBwr1DfgqUxBJphJ5HLz,2026-07-30 10:30:00,t
853,patient,Artur,Nikolaienko,+380677481685,artur.nikolaienko.132@gmail.test,$2b$12$cvDyEOlnr5BnwwSHKCNsK9MJBtTLShENcvDyEOlnr5BnwwSHKCNsK,2026-07-30 13:20:00,t
854,patient,Yevhen,Petrenko,+380982383473,ievhen.petrenko.858@icloud.test,$2b$12$x.0iIj4bvs2jiHYeTP7BAGY15KNm5N5Sx.0iIj4bvs2jiHYeTP7BA,2026-07-30 13:20:00,t
855,patient,Artur,Semeniuk,+380998836383,artur.semeniuk.1135@icloud.test,$2b$12$gCk49w0qo7nb5k0bQnPG6mLrmQuExTqPgCk49w0qo7nb5k0bQnPG6,2026-07-30 14:05:00,t
856,patient,Stepan,Soroka,+380505648505,stepan.soroka.548@gmail.test,$2b$12$swh00dXz6NFcoQA5NLZlx.v7hdhjaeFNswh00dXz6NFcoQA5NLZlx,2026-07-30 14:15:00,t
857,patient,Viktor,Petrenko,+380959154757,viktor.petrenko.763@gmail.test,$2b$12$QjDdYS.xn5kFXPlXmIHo7ioScxMeflcMQjDdYS.xn5kFXPlXmIHo7,2026-07-30 15:30:00,t
858,patient,Oleh,Babenko,+380679311233,oleh.babenko.873@gmail.test,$2b$12$veczVsVhwsYN89j4sIPvOr8hbkzykf1yveczVsVhwsYN89j4sIPvO,2026-07-30 15:40:00,t
859,patient,Viktoriia,Honcharenko,+380942229376,viktoriia.honcharenko.56@ukrnet.test,$2b$12$672r2JX4aBD62jL1xjnQKkVrt/Ib3E0t672r2JX4aBD62jL1xjnQK,2026-07-30 16:05:00,t
860,patient,Bohdana,Rudenko,+380636186072,bohdana.rudenko.899@gmail.test,$2b$12$w16VSkh1S4zK1uV8uPXA1Qv6txxupwS3w16VSkh1S4zK1uV8uPXA1,2026-07-30 16:10:00,t
861,patient,Polina,Doroshenko,+380682124918,polina.doroshenko.274@gmail.test,$2b$12$3PtiQLqx1TGaouwc5uJvScF5b2Laa47X3PtiQLqx1TGaouwc5uJvS,2026-07-30 16:45:00,t
862,patient,Yelyzaveta,Mazur,+380984088785,ielyzaveta.mazur.358@gmail.test,$2b$12$7/UoUN2tdfvX1vCvdcORrH8mFLxSsxJF7/UoUN2tdfvX1vCvdcORr,2026-07-30 19:30:00,t
863,patient,Sofiia,Hordiienko,+380953662288,sofiia.hordiienko.703@icloud.test,$2b$12$YyMfp6EK4KI7Yk/EGVCbBmF.tziEfEdfYyMfp6EK4KI7Yk/EGVCbB,2026-07-31 08:00:00,t
864,patient,Vira,Hrytsenko,+380930761435,vira.hrytsenko.20@outlook.test,$2b$12$wkORBcG9xuDcOVzoO/NbPBjWxXm7wCCewkORBcG9xuDcOVzoO/NbP,2026-07-31 08:10:00,t
865,patient,Matvii,Vakulenko,+380982526542,matvii.vakulenko.1051@gmail.test,$2b$12$MsBqG.15RLvokdtdR2xhXtg5je2TcYWuMsBqG.15RLvokdtdR2xhX,2026-07-31 09:15:00,t
866,patient,Kyrylo,Demchenko,+380949645301,kyrylo.demchenko.872@ukrnet.test,$2b$12$nKrSC3GI7VBaQQpl9Ed.d4NLLi4qapawnKrSC3GI7VBaQQpl9Ed.d,2026-07-31 09:50:00,t
867,patient,Oksana,Buriak,+380955129222,oksana.buriak.216@ukrnet.test,$2b$12$lM2Yvwr4LN8q7gB7mizpLyQ6UkE9SW.HlM2Yvwr4LN8q7gB7mizpL,2026-07-31 10:10:00,t
868,patient,Anna,Shapoval,+380969237290,anna.shapoval.88@ukrnet.test,$2b$12$exC10RIc2hPbC1KzGyxuj7nRMFbNFrH8exC10RIc2hPbC1KzGyxuj,2026-07-31 12:20:00,t
869,patient,Dmytro,Savchenko,+380930802874,dmytro.savchenko.251@gmail.test,$2b$12$M1cy700/Uc6HcpFyZ3S7/OLfyO01Z1QkM1cy700/Uc6HcpFyZ3S7/,2026-07-31 12:50:00,t
870,patient,Myroslava,Hordiienko,+380978691346,myroslava.hordiienko.967@proton.test,$2b$12$GB2yhV79vaSgxmgisnwUWiqnT7S.EXNsGB2yhV79vaSgxmgisnwUW,2026-07-31 15:00:00,t
871,patient,Khrystyna,Yurchenko,+380940554925,khrystyna.iurchenko.1173@proton.test,$2b$12$geedORr3KTjZ3FjDlhihe/cy5//aTz9FgeedORr3KTjZ3FjDlhihe,2026-07-31 15:05:00,t
872,patient,Anna,Savchenko,+380672905116,anna.savchenko.908@ukrnet.test,$2b$12$zAxHFlt.OcQWgL3H1BFq7AqSwymC4zVDzAxHFlt.OcQWgL3H1BFq7,2026-07-31 15:25:00,t
873,patient,Ostap,Sydorenko,+380968184071,ostap.sydorenko.628@ukrnet.test,$2b$12$Ra.wSg.gzM6Z7N9aDVcPj.sNsVXNch98Ra.wSg.gzM6Z7N9aDVcPj,2026-07-31 16:05:00,t
874,patient,Polina,Havryliuk,+380983635094,polina.havryliuk.334@outlook.test,$2b$12$./D5zK4oBFjRK9QzRR5rYRQ511bkATW6./D5zK4oBFjRK9QzRR5rY,2026-07-31 20:55:00,t
875,patient,Matvii,Nikolaienko,+380983389388,matvii.nikolaienko.1067@proton.test,$2b$12$UPGhSFDDY6Axc7aDFkFgb5UnQfQHuCMeUPGhSFDDY6Axc7aDFkFgb,2026-08-01 13:05:00,t
876,patient,Bohdan,Karpenko,+380969632461,bohdan.karpenko.1062@gmail.test,$2b$12$l51e7dBN0VvXYzCCxUyGugYa81689wAal51e7dBN0VvXYzCCxUyGu,2026-08-01 14:25:00,t
877,patient,Andrii,Palamarchuk,+380917670377,andrii.palamarchuk.564@gmail.test,$2b$12$xOQ9kVQRXXPAErO2kHK/KEj94rqq7.j1xOQ9kVQRXXPAErO2kHK/K,2026-08-01 15:10:00,t
878,patient,Sviatoslav,Palamarchuk,+380504311655,patient_878@example.local,$2b$12$pt72Pdjz.HSPVYjEo41rfHk79HVYRwKMpt72Pdjz.HSPVYjEo41rf,2026-08-02 15:15:00,t
879,patient,Alisa,Shapoval,+380502424184,alisa.shapoval.448@proton.test,$2b$12$8YIb7B2EP0Y.6..QHwYDlzydTyRdJn5j8YIb7B2EP0Y.6..QHwYDl,2026-08-03 08:25:00,t
880,patient,Liudmyla,Levchenko,+380958274756,patient_880@example.local,$2b$12$XhHL4O.Nc10p.LjR80lEOZb2tRhLGIl9XhHL4O.Nc10p.LjR80lEO,2026-08-03 08:25:00,t
881,patient,Anastasiia,Fedorenko,+380932712955,anastasiia.fedorenko.808@gmail.test,$2b$12$KiSmZLZbSJDrCk19jwNaKyZhYnoMwZocKiSmZLZbSJDrCk19jwNaK,2026-08-03 08:30:00,t
882,patient,Mariia,Haiduk,+380990094132,mariia.haiduk.611@ukrnet.test,$2b$12$CUvCUr1s3lR84Fc8A1c834paWk3VqYkVCUvCUr1s3lR84Fc8A1c83,2026-08-03 09:35:00,t
883,patient,Vladyslav,Tymoshenko,+380932229313,vladyslav.tymoshenko.480@gmail.test,$2b$12$XuRyY1rpIVj2bKh77w2uMHUJhYdtr6NsXuRyY1rpIVj2bKh77w2uM,2026-08-03 09:45:00,t
884,patient,Anna,Pavlenko,+380965133237,anna.pavlenko.1000@outlook.test,$2b$12$5n/Dvdf5LyAywILL4mBbvTuMHyoNCjYi5n/Dvdf5LyAywILL4mBbv,2026-08-03 10:15:00,t
885,patient,Valentyn,Tkachenko,+380913753568,valentyn.tkachenko.579@gmail.test,$2b$12$TLAl4Jzq5Z559cIjIMFlPE6Wy929h67kTLAl4Jzq5Z559cIjIMFlP,2026-08-03 11:10:00,t
886,patient,Anna,Ivanenko,+380936380958,anna.ivanenko.461@outlook.test,$2b$12$tnBGo/SjZ8/JgIMy/eBbnR2H6XBi3G/jtnBGo/SjZ8/JgIMy/eBbn,2026-08-03 11:55:00,t
887,patient,Anton,Avramenko,+380500222486,anton.avramenko.260@ukrnet.test,$2b$12$Xm0bTLXDUV/Vl6RxFFB.XVhfhiOHmbMxXm0bTLXDUV/Vl6RxFFB.X,2026-08-03 12:05:00,t
888,patient,Andrii,Moroz,+380915165002,andrii.moroz.1149@ukrnet.test,$2b$12$oKvQzbpmmMDQEO4UbiEFcfHCnQhSocqqoKvQzbpmmMDQEO4UbiEFc,2026-08-03 12:05:00,t
889,patient,Uliana,Serdiuk,+380964069143,uliana.serdiuk.1167@ukrnet.test,$2b$12$DFchoPCtYLNRszpZRgYUKfdtgwK1XdOvDFchoPCtYLNRszpZRgYUK,2026-08-03 12:55:00,t
890,patient,Polina,Pylypenko,+380678915854,polina.pylypenko.885@proton.test,$2b$12$YTkAbcgGkW13MLYFMFZQVtk4l87yb6CKYTkAbcgGkW13MLYFMFZQV,2026-08-03 14:10:00,t
891,patient,Yuliia,Malyshko,+380675253463,iuliia.malyshko.949@icloud.test,$2b$12$RCREEhmT3SnpRy2qd4tcqCZMBVmXfZTMRCREEhmT3SnpRy2qd4tcq,2026-08-03 15:25:00,t
892,patient,Viktoriia,Lazarenko,+380730147507,viktoriia.lazarenko.148@gmail.test,$2b$12$TBnRPZbhnMW4fdB9mLNW1vklbg1oZIsCTBnRPZbhnMW4fdB9mLNW1,2026-08-04 09:25:00,t
893,patient,Serhii,Bondarenko,+380686690238,serhii.bondarenko.344@gmail.test,$2b$12$jLIXJPsGmC9NHJmSFYxMz9IhqImYsEwajLIXJPsGmC9NHJmSFYxMz,2026-08-04 09:45:00,t
894,patient,Sviatoslav,Turchyn,+380502081230,patient_894@example.local,$2b$12$oE3hoWi79ij3BbeOKnxC4EDfpjT53rmtoE3hoWi79ij3BbeOKnxC4,2026-08-04 10:15:00,t
895,patient,Taras,Ostapenko,+380928868522,taras.ostapenko.201@gmail.test,$2b$12$3WMizBrQtX20plpm08ZAPq4I0hAS/voH3WMizBrQtX20plpm08ZAP,2026-08-04 11:35:00,t
896,patient,Sviatoslav,Tymoshenko,+380633234027,patient_896@example.local,$2b$12$MnnI15B.1w5h9UQ5tVg8sg64dhuMjsRBMnnI15B.1w5h9UQ5tVg8s,2026-08-04 11:50:00,t
897,patient,Valentyn,Kravets,+380943948858,valentyn.kravets.1100@gmail.test,$2b$12$gxjsQvLciBeWgC9n7nNIB8YSfzZxUgitgxjsQvLciBeWgC9n7nNIB,2026-08-04 12:20:00,t
898,patient,Artur,Kyrylenko,+380663834412,patient_898@example.local,$2b$12$Hm7GWSEY93rIM3V4CIrVX1nzjZUYc5OQHm7GWSEY93rIM3V4CIrVX,2026-08-04 12:30:00,t
899,patient,Yana,Serdiuk,+380507136997,iana.serdiuk.184@gmail.test,$2b$12$B253xAOl1mpx5VVwagG06XCh3aAhDIMoB253xAOl1mpx5VVwagG06,2026-08-04 12:55:00,t
900,patient,Iryna,Kharchenko,+380962403535,patient_900@example.local,$2b$12$Wk2r1whsr59ANYnvgZ2mb7VFRzCLE5u6Wk2r1whsr59ANYnvgZ2mb,2026-08-04 12:55:00,t
901,patient,Vadym,Semeniuk,+380988728918,patient_901@example.local,$2b$12$1QSvWZ2NsdwmC76uddlvzZt6cWeAVEpQ1QSvWZ2NsdwmC76uddlvz,2026-08-04 12:55:00,t
902,patient,Nadiia,Holub,+380681155764,nadiia.holub.895@icloud.test,$2b$12$YP7wuDTTVRwQriiDwEuoDxA6.eqkXSUpYP7wuDTTVRwQriiDwEuoD,2026-08-04 12:55:00,t
903,patient,Vadym,Zinchenko,+380633513401,vadym.zinchenko.31@proton.test,$2b$12$LgaDmYnoeXPPnuMGZuJhy4DEJFc3oRqELgaDmYnoeXPPnuMGZuJhy,2026-08-04 13:05:00,t
904,patient,Valentyn,Moroz,+380954107964,valentyn.moroz.410@ukrnet.test,$2b$12$zqo7rwHiRi05H2gbf9fiMl6Xi..ttJ2mzqo7rwHiRi05H2gbf9fiM,2026-08-04 13:55:00,t
905,patient,Denys,Nechyporenko,+380984218562,denys.nechyporenko.892@proton.test,$2b$12$j1UtDSCY6ZsmqiYvJHuGW/VXQn/2DZTzj1UtDSCY6ZsmqiYvJHuGW,2026-08-04 14:30:00,t
906,patient,Sviatoslav,Palamarchuk,+380507447346,sviatoslav.palamarchuk.824@gmail.test,$2b$12$7Id7dniorMZ8GcOpN8KLLUPt6Pl3h8kP7Id7dniorMZ8GcOpN8KLL,2026-08-04 15:05:00,t
907,patient,Valeriia,Bilous,+380960376509,valeriia.bilous.436@gmail.test,$2b$12$6CAys1e9JYlp8hvpk/WlrzuNau4yyrtY6CAys1e9JYlp8hvpk/Wlr,2026-08-04 15:40:00,t
908,patient,Danylo,Levchenko,+380959606095,patient_908@example.local,$2b$12$iIgO6ub/mwHccIaLFzEg4.Wvrdh85l0aiIgO6ub/mwHccIaLFzEg4,2026-08-04 15:40:00,t
909,patient,Solomiia,Kapustian,+380509376742,solomiia.kapustian.52@outlook.test,$2b$12$iGIxyjVLM6hlA8IJhU6ewQbQZ1mgsyuJiGIxyjVLM6hlA8IJhU6ew,2026-08-04 15:45:00,t
910,patient,Lev,Petrenko,+380916898661,lev.petrenko.689@ukrnet.test,$2b$12$YPBTBrkbvD6pwHKvaW.WeoCCU7nQ.Sd7YPBTBrkbvD6pwHKvaW.We,2026-08-04 15:50:00,t
911,patient,Iryna,Babenko,+380684042945,iryna.babenko.595@gmail.test,$2b$12$bXMxYert.Ykv3BCL5Grr/jFdU3SnPPNibXMxYert.Ykv3BCL5Grr/,2026-08-04 16:25:00,t
912,patient,Zoriana,Rudenko,+380926562347,patient_912@example.local,$2b$12$Dm/jIIxtSMnDdmG6ZIwP./pGMGa2xTEjDm/jIIxtSMnDdmG6ZIwP.,2026-08-04 16:55:00,t
913,patient,Maryna,Serdiuk,+380677123731,maryna.serdiuk.140@gmail.test,$2b$12$O13684qLhuAsxxYeqbQHjk8FUtBqTtmjO13684qLhuAsxxYeqbQHj,2026-08-04 17:20:00,t
914,patient,Maryna,Klymenko,+380965549330,maryna.klymenko.366@ukrnet.test,$2b$12$Z9sFOhpsQAM88cwPmLQcEaXtLMOF/RRVZ9sFOhpsQAM88cwPmLQcE,2026-08-05 09:00:00,t
915,patient,Matvii,Palamarchuk,+380910071724,matvii.palamarchuk.555@gmail.test,$2b$12$bGatEslg7n7DSYHGeHUx7SxydWKfOaoebGatEslg7n7DSYHGeHUx7,2026-08-05 09:50:00,t
916,patient,Daryna,Hnatiuk,+380942805057,patient_916@example.local,$2b$12$uK1zIu7OAxJsflNqyAWTAzX0gTh0uNd9uK1zIu7OAxJsflNqyAWTA,2026-08-05 10:15:00,t
917,patient,Bohdan,Kravchenko,+380968353007,bohdan.kravchenko.113@ukrnet.test,$2b$12$KUYsE1hDhBcQY1ii2mPkYp/kxMtO5Y.XKUYsE1hDhBcQY1ii2mPkY,2026-08-05 10:25:00,t
918,patient,Iryna,Karpenko,+380996457925,patient_918@example.local,$2b$12$y6m5y.ADiF664NBXSa2b7HIsgqeJPLhAy6m5y.ADiF664NBXSa2b7,2026-08-05 11:25:00,t
919,patient,Uliana,Haiduk,+380929837384,uliana.haiduk.426@gmail.test,$2b$12$a/sNoMQOBPrai5PdmlPZqWsskFM8t9ola/sNoMQOBPrai5PdmlPZq,2026-08-05 12:45:00,t
920,patient,Alina,Kostenko,+380979428046,alina.kostenko.1183@ukrnet.test,$2b$12$uejczhQIToBPRDIXN8GgdAfGuBvBr9HAuejczhQIToBPRDIXN8Ggd,2026-08-05 12:50:00,t
921,patient,Nadiia,Zadorozhnyi,+380949801536,nadiia.zadorozhnyi.1192@outlook.test,$2b$12$Q9DM0PA2gjUj/V233zQL/Ua/KLKOkyz0Q9DM0PA2gjUj/V233zQL/,2026-08-05 12:50:00,t
922,patient,Ihor,Havryliuk,+380974793547,ihor.havryliuk.323@ukrnet.test,$2b$12$h0rTmgx05D8VbHEoopZNkd6W/y.nhp7gh0rTmgx05D8VbHEoopZNk,2026-08-05 13:10:00,t
923,patient,Emiliia,Lytvyn,+380673222818,emiliia.lytvyn.1160@ukrnet.test,$2b$12$3tvogihrWRFgUuLloWTXS3Bph5yEu4VU3tvogihrWRFgUuLloWTXS,2026-08-05 13:15:00,t
924,patient,Nadiia,Soroka,+380915240115,nadiia.soroka.926@gmail.test,$2b$12$Y2EK7tWVKt2x3z6wrj1kMiUUoaydMdyAY2EK7tWVKt2x3z6wrj1kM,2026-08-05 15:25:00,t
925,patient,Yelyzaveta,Chernenko,+380673503417,ielyzaveta.chernenko.112@outlook.test,$2b$12$nJ/N1sjjbQzAA.axAe5cA6n.BjZEB4jfnJ/N1sjjbQzAA.axAe5cA,2026-08-05 16:45:00,t
926,patient,Liudmyla,Kozak,+380934980090,liudmyla.kozak.674@gmail.test,$2b$12$Bevdyet5ppjc5mAt5mWHkzxJX67kT24eBevdyet5ppjc5mAt5mWHk,2026-08-06 08:10:00,t
927,patient,Petro,Mazur,+380505725595,patient_927@example.local,$2b$12$uQB.cW49EXGTyoZNH81C5yN0gmi6jRSduQB.cW49EXGTyoZNH81C5,2026-08-06 09:45:00,t
928,patient,Rostyslav,Vakulenko,+380675578279,patient_928@example.local,$2b$12$Yi10lkPhU.xKQLNzg0RxHEWZWhzZYPeEYi10lkPhU.xKQLNzg0RxH,2026-08-06 09:55:00,t
929,patient,Heorhii,Lysenko,+380924226527,heorhii.lysenko.1016@gmail.test,$2b$12$zA0etXOOiIQSpI/LfJiH.c6rP/uJEBpizA0etXOOiIQSpI/LfJiH.,2026-08-06 10:10:00,t
930,patient,Emiliia,Kostenko,+380926521707,emiliia.kostenko.91@proton.test,$2b$12$EmoCOBo7U3jw3JjoIkKmhs8bGr35ZrzfEmoCOBo7U3jw3JjoIkKmh,2026-08-06 11:50:00,t
931,patient,Mykola,Tymoshenko,+380928645934,mykola.tymoshenko.1154@outlook.test,$2b$12$grLQUpGOICwgFfQ/zecztDL5K67DcHFogrLQUpGOICwgFfQ/zeczt,2026-08-06 12:00:00,t
932,patient,Matvii,Ivanenko,+380631331774,patient_932@example.local,$2b$12$AoG6UM0dTjfVQu6WNZrmdmAHFSu2h9YzAoG6UM0dTjfVQu6WNZrmd,2026-08-06 13:05:00,t
933,patient,Ostap,Lazarenko,+380635574898,ostap.lazarenko.665@outlook.test,$2b$12$ZOUuX0sMNqfRyFMqR0ZS3KF8hDtZrW7JZOUuX0sMNqfRyFMqR0ZS3,2026-08-06 13:25:00,t
934,patient,Anna,Rybak,+380987260934,anna.rybak.395@ukrnet.test,$2b$12$.WbkalY6IxlE9R2YiUN0pC95bObdWjHK.WbkalY6IxlE9R2YiUN0p,2026-08-06 13:35:00,t
935,patient,Svitlana,Koval,+380631902215,svitlana.koval.145@ukrnet.test,$2b$12$gwV.mRXhhj79p6GZ7BihrYWM6SONDMhwgwV.mRXhhj79p6GZ7Bihr,2026-08-06 13:50:00,t
936,patient,Serhii,Kovalenko,+380507944357,serhii.kovalenko.561@gmail.test,$2b$12$d1WDLtDomjgMKhG.8nWIWhgv07rZsJnzd1WDLtDomjgMKhG.8nWIW,2026-08-06 14:35:00,t
937,patient,Alina,Kondratiuk,+380630192270,alina.kondratiuk.973@gmail.test,$2b$12$nLx0jNcFnWwdA9trBBuhIGmgupS90FaZnLx0jNcFnWwdA9trBBuhI,2026-08-06 16:35:00,t
938,patient,Mykhailo,Hnatiuk,+380939637373,mykhailo.hnatiuk.1075@gmail.test,$2b$12$rEIcCOlUN0wtcnddWCwye26/iZdA0p8vrEIcCOlUN0wtcnddWCwye,2026-08-07 08:10:00,t
939,patient,Heorhii,Kucher,+380678511921,heorhii.kucher.438@outlook.test,$2b$12$6gN/iQrD1JUghTfZgpE/x8NUtb/2mCaO6gN/iQrD1JUghTfZgpE/x,2026-08-07 08:30:00,t
940,patient,Denys,Levchenko,+380734635892,denys.levchenko.1010@gmail.test,$2b$12$oVN/AviPbDWrMu3gZ3oAkiamiQ6bm7PHoVN/AviPbDWrMu3gZ3oAk,2026-08-07 08:30:00,t
941,patient,Taras,Tkachenko,+380731866086,taras.tkachenko.777@ukrnet.test,$2b$12$59BOo51Gzg2lGkKlTPkH4T6rvdugcVgc59BOo51Gzg2lGkKlTPkH4,2026-08-07 09:00:00,t
942,patient,Matvii,Zakharchenko,+380665517138,matvii.zakharchenko.1065@outlook.test,$2b$12$FzZWGsJ2OGEsmz6QJQt24SznGiBoyLoVFzZWGsJ2OGEsmz6QJQt24,2026-08-07 10:30:00,t
943,patient,Mariia,Shevchenko,+380660649504,mariia.shevchenko.1174@outlook.test,$2b$12$ETnOcusa54ftnQxGUAd0G1MDTG1Kz.ffETnOcusa54ftnQxGUAd0G,2026-08-07 10:45:00,t
944,patient,Nazar,Yakovenko,+380969915879,nazar.iakovenko.345@gmail.test,$2b$12$YoMfrn22ogmR22Vh38bGlEM.jFDBrWv0YoMfrn22ogmR22Vh38bGl,2026-08-07 10:45:00,t
945,patient,Vadym,Bondarenko,+380688889454,vadym.bondarenko.379@outlook.test,$2b$12$nNHKYDNX1oqp9ORqKHk9iccDPLf73V2gnNHKYDNX1oqp9ORqKHk9i,2026-08-07 10:55:00,t
946,patient,Mykhailo,Tymoshenko,+380676176721,mykhailo.tymoshenko.1020@gmail.test,$2b$12$lVdgCjBnlCDgyC/icl1fo12edsCwxdxFlVdgCjBnlCDgyC/icl1fo,2026-08-07 11:10:00,t
947,patient,Liliia,Avramenko,+380633031075,liliia.avramenko.3@ukrnet.test,$2b$12$75msmXYds5AKVHzunLOEC2z/aohH3LAy75msmXYds5AKVHzunLOEC,2026-08-07 12:00:00,t
948,patient,Volodymyr,Zinchenko,+380922957674,volodymyr.zinchenko.797@gmail.test,$2b$12$pFu7AIFd/SUmM/Q9FngGuMVDHVBkVpFCpFu7AIFd/SUmM/Q9FngGu,2026-08-07 12:55:00,t
949,patient,Zoriana,Savchenko,+380738191188,patient_949@example.local,$2b$12$iAepaiBegzdpb35aqrOea8m.UaciI8DbiAepaiBegzdpb35aqrOea,2026-08-07 12:55:00,t
950,patient,Dmytro,Serdiuk,+380685984775,patient_950@example.local,$2b$12$8TnAgzrlUpTxZyhpezmxG/drU19p5h1d8TnAgzrlUpTxZyhpezmxG,2026-08-07 13:50:00,t
951,patient,Makar,Kravets,+380946094513,makar.kravets.836@ukrnet.test,$2b$12$xFgJqLRjeO6Zcb7mgpRI.PVtGSDWv6D2xFgJqLRjeO6Zcb7mgpRI.,2026-08-07 14:15:00,t
952,patient,Nadiia,Levchenko,+380991385184,nadiia.levchenko.353@outlook.test,$2b$12$MgpiUdxOmQvPcW5UDWMMcuES84QSfCtdMgpiUdxOmQvPcW5UDWMMc,2026-08-07 14:35:00,t
953,patient,Kyrylo,Pavlenko,+380665728795,kyrylo.pavlenko.942@outlook.test,$2b$12$baoO.yC0wByx3/z1Ey5o5.tXTPTsAUK7baoO.yC0wByx3/z1Ey5o5,2026-08-07 15:40:00,t
954,patient,Karyna,Demchenko,+380963682088,karyna.demchenko.589@icloud.test,$2b$12$rzl.U0au6ijYfvu/ZoZNMtkAb1WdGX.rrzl.U0au6ijYfvu/ZoZNM,2026-08-07 16:15:00,t
955,patient,Liudmyla,Kulyk,+380933846063,patient_955@example.local,$2b$12$xieYgVoZhhTMb.m62YiZsKnLRL60VISExieYgVoZhhTMb.m62YiZs,2026-08-07 16:40:00,t
956,patient,Demian,Havryliuk,+380951274407,demian.havryliuk.202@gmail.test,$2b$12$OSEyYdr8GkgMgomUA/24wP60xLSHnht8OSEyYdr8GkgMgomUA/24w,2026-08-08 12:15:00,t
957,patient,Valeriia,Sydorenko,+380506190707,valeriia.sydorenko.1178@gmail.test,$2b$12$t.WauX4DnEnRYF3szQTBubbgqvrvs3Uyt.WauX4DnEnRYF3szQTBu,2026-08-08 20:40:00,t
958,patient,Heorhii,Vasylenko,+380982444643,heorhii.vasylenko.657@ukrnet.test,$2b$12$48tnLAwjGJLbHnp.9SNjetapPQpSBtZX48tnLAwjGJLbHnp.9SNje,2026-08-09 08:35:00,t
959,patient,Veronika,Hnatiuk,+380941368430,veronika.hnatiuk.350@ukrnet.test,$2b$12$5fjv9Z/gdrtrOUmT0Rdo2w5dR9jCc.me5fjv9Z/gdrtrOUmT0Rdo2,2026-08-09 11:10:00,t
960,patient,Matvii,Moroz,+380508948635,matvii.moroz.432@proton.test,$2b$12$GeDG.1ylDhaw0q/e/4mJeORi3zVOYiMzGeDG.1ylDhaw0q/e/4mJe,2026-08-10 07:15:00,t
961,patient,Valeriia,Yakovenko,+380661254079,valeriia.iakovenko.322@outlook.test,$2b$12$tQUbbTsoJrazVApsQJhb3PFEMtQm/vW0tQUbbTsoJrazVApsQJhb3,2026-08-10 09:00:00,t
962,patient,Mariia,Kulyk,+380928940557,mariia.kulyk.269@ukrnet.test,$2b$12$ooWMPnRB/D1YT9485/zOXV/dX7HODZ6kooWMPnRB/D1YT9485/zOX,2026-08-10 09:45:00,t
963,patient,Mykola,Kravchenko,+380960347083,mykola.kravchenko.467@gmail.test,$2b$12$yfpcsUh7ZJiPOZv54keoKQzm0e5/Qk5oyfpcsUh7ZJiPOZv54keoK,2026-08-10 09:50:00,t
964,patient,Yuliia,Bondarenko,+380944781401,iuliia.bondarenko.1063@icloud.test,$2b$12$TT/sBbUuHamA5hdPP6HipVEUMYXy.mo2TT/sBbUuHamA5hdPP6Hip,2026-08-10 10:50:00,t
965,patient,Viktoriia,Karpenko,+380993333360,viktoriia.karpenko.680@gmail.test,$2b$12$jQbgBZw0Rb2rDTVCjo1mO6LU6L.aViBLjQbgBZw0Rb2rDTVCjo1mO,2026-08-10 11:40:00,t
966,patient,Daryna,Makarenko,+380737833905,daryna.makarenko.320@gmail.test,$2b$12$6BD72poHAmGmX8CDLcpmjY1Gu/FJsx9J6BD72poHAmGmX8CDLcpmj,2026-08-10 12:20:00,t
967,patient,Andrii,Koval,+380957962651,andrii.koval.349@gmail.test,$2b$12$JjpAz2bmvw9huVNoDlC1QdKm1JXSxLhuJjpAz2bmvw9huVNoDlC1Q,2026-08-10 12:30:00,t
968,patient,Heorhii,Verbytskyi,+380676033325,heorhii.verbytskyi.879@gmail.test,$2b$12$n4sMnaKRyTKi6bcGnDN7BMZXmBtgHCPyn4sMnaKRyTKi6bcGnDN7B,2026-08-10 12:30:00,t
969,patient,Liudmyla,Kozak,+380504544106,liudmyla.kozak.580@ukrnet.test,$2b$12$WZT2yFWZivL8mMz2Uyki54qjfYtKRWcRWZT2yFWZivL8mMz2Uyki5,2026-08-10 13:35:00,t
970,patient,Ivan,Kravets,+380948898749,ivan.kravets.337@gmail.test,$2b$12$PSOwFg9OYmxNUT6DNXWypEVmzm9Ooms7PSOwFg9OYmxNUT6DNXWyp,2026-08-10 13:55:00,t
971,patient,Hanna,Moroz,+380939424959,hanna.moroz.736@outlook.test,$2b$12$h7AW1oRfW.tcqr1xVhDo091vohE8qZ8Xh7AW1oRfW.tcqr1xVhDo0,2026-08-10 14:35:00,t
972,patient,Valeriia,Zhuravel,+380661033992,valeriia.zhuravel.164@ukrnet.test,$2b$12$fklqGxWthwkmdam53LHG9xFum/OGQXUMfklqGxWthwkmdam53LHG9,2026-08-10 14:50:00,t
973,patient,Alla,Hnatiuk,+380942098688,alla.hnatiuk.1176@ukrnet.test,$2b$12$jIDOUZMdQHiXGdx0ws7aQqTttW5QQApqjIDOUZMdQHiXGdx0ws7aQ,2026-08-10 15:05:00,t
974,patient,Taras,Avramenko,+380677634091,taras.avramenko.624@gmail.test,$2b$12$hL/Ubmc2esajEX5N40FRMitXolA4umZIhL/Ubmc2esajEX5N40FRM,2026-08-10 15:45:00,t
975,patient,Polina,Kovalenko,+380926897537,polina.kovalenko.654@icloud.test,$2b$12$Ep7mSlqWEDfSQLXa4ktU9n16tW8iS.ryEp7mSlqWEDfSQLXa4ktU9,2026-08-10 15:45:00,t
976,patient,Artur,Haiduk,+380959317545,artur.haiduk.76@icloud.test,$2b$12$Y0X0aL2RQsfI4tY0IGVtRVkoWKPN..TbY0X0aL2RQsfI4tY0IGVtR,2026-08-10 16:35:00,t
977,patient,Nadiia,Lozovyi,+380636859483,nadiia.lozovyi.660@ukrnet.test,$2b$12$TtFju0wo8rzlxbgelUQIo5UIQ2K1bXAATtFju0wo8rzlxbgelUQIo,2026-08-10 16:45:00,t
978,patient,Polina,Vasylenko,+380505427491,polina.vasylenko.877@gmail.test,$2b$12$W2R3uriXjFRRCrbOCdd2KGgc66szNTW9W2R3uriXjFRRCrbOCdd2K,2026-08-10 18:55:00,t
979,patient,Vadym,Tkachenko,+380665576947,vadym.tkachenko.1163@gmail.test,$2b$12$tupAoa3gENf6vbeUFLGa9hmNP5DGiSRZtupAoa3gENf6vbeUFLGa9,2026-08-11 08:30:00,t
980,patient,Viktoriia,Pylypenko,+380963636752,viktoriia.pylypenko.991@gmail.test,$2b$12$dcX5Ko14ZUCzGc.ehZb9JBwBKi//gGrFdcX5Ko14ZUCzGc.ehZb9J,2026-08-11 08:30:00,t
981,patient,Oleksandr,Vakulenko,+380918698120,oleksandr.vakulenko.705@ukrnet.test,$2b$12$JAiKoW7zGlSR1nLhV/WDxiFKdxqhEg03JAiKoW7zGlSR1nLhV/WDx,2026-08-11 08:35:00,t
982,patient,Yuliia,Kravchenko,+380509334926,patient_982@example.local,$2b$12$vnIv92XI6.hm4Vg4MRqX47qyMuF5GzywvnIv92XI6.hm4Vg4MRqX4,2026-08-11 08:40:00,t
983,patient,Myron,Mazur,+380956897580,myron.mazur.122@gmail.test,$2b$12$8oW6AG3pzs4bsCxSbNHQahkt.xdoaQdv8oW6AG3pzs4bsCxSbNHQa,2026-08-11 09:35:00,t
984,patient,Oleksii,Kozak,+380503753046,oleksii.kozak.757@ukrnet.test,$2b$12$.2.8DHcZNjkSjbD1o2g8U.SYL5TV7piS.2.8DHcZNjkSjbD1o2g8U,2026-08-11 10:25:00,t
985,patient,Viktoriia,Babenko,+380970172413,patient_985@example.local,$2b$12$Bj/jTBVaynX43Fq7v87.fdrXP3x9SriOBj/jTBVaynX43Fq7v87.f,2026-08-11 11:00:00,t
986,patient,Sofiia,Zadorozhnyi,+380661613316,sofiia.zadorozhnyi.504@gmail.test,$2b$12$/bXWGu1UNfV6LL7FEX50ThzWM2Pe8LrQ/bXWGu1UNfV6LL7FEX50T,2026-08-11 12:15:00,t
987,patient,Uliana,Yurchenko,+380664386461,patient_987@example.local,$2b$12$cAQaCmPQBqir4kmdeBVNj6TVazCOkHXpcAQaCmPQBqir4kmdeBVNj,2026-08-11 13:15:00,t
988,patient,Pavlo,Chernenko,+380957834336,pavlo.chernenko.928@gmail.test,$2b$12$ajLXf3fekE4gDfTB6LE1uLzDXroRT7YjajLXf3fekE4gDfTB6LE1u,2026-08-11 13:50:00,t
989,patient,Nadiia,Sydorenko,+380673387358,nadiia.sydorenko.968@ukrnet.test,$2b$12$il7w0p7n0FFX5uT/mBE.W75oQwbVFgklil7w0p7n0FFX5uT/mBE.W,2026-08-11 14:00:00,t
990,patient,Demian,Prykhodko,+380972634564,demian.prykhodko.920@gmail.test,$2b$12$IxFs8ZxYHp8D08A/wb95xib757pLgpSmIxFs8ZxYHp8D08A/wb95x,2026-08-11 14:05:00,t
991,patient,Zoriana,Kondratiuk,+380685156344,zoriana.kondratiuk.805@gmail.test,$2b$12$NUf.Pg6obZjuY7wyWPDCvrJXuDopIvfZNUf.Pg6obZjuY7wyWPDCv,2026-08-11 15:00:00,t
992,patient,Liliia,Honcharenko,+380633964411,patient_992@example.local,$2b$12$I6pVSB/O8QjQqN.D6LEC0KdCtv3VxA6fI6pVSB/O8QjQqN.D6LEC0,2026-08-11 15:15:00,t
993,patient,Kyrylo,Hordiienko,+380969679773,kyrylo.hordiienko.1166@gmail.test,$2b$12$JFn9Uind8HOEqc18F54StNKN1Iu5TSvMJFn9Uind8HOEqc18F54St,2026-08-11 16:50:00,t
994,patient,Maksym,Kulyk,+380983273347,maksym.kulyk.986@gmail.test,$2b$12$m0ynSI.4W8aoviXm43Py0.ah./a46NPlm0ynSI.4W8aoviXm43Py0,2026-08-11 19:30:00,t
995,patient,Yurii,Soroka,+380937429715,iurii.soroka.222@gmail.test,$2b$12$zzt9rl2a2iWqb5P9hwX5ILcM2GTRtPtgzzt9rl2a2iWqb5P9hwX5I,2026-08-12 07:25:00,t
996,patient,Maksym,Didenko,+380969711584,patient_996@example.local,$2b$12$TQHpnzTyzvVXq.FBBNzzXq.vi1L.M.QSTQHpnzTyzvVXq.FBBNzzX,2026-08-12 08:10:00,t
997,patient,Pavlo,Mazur,+380957208328,pavlo.mazur.218@gmail.test,$2b$12$2LeGGVH/HXCfCNE5p0umHyOYZx3Ljki32LeGGVH/HXCfCNE5p0umH,2026-08-12 08:35:00,t
998,patient,Viktor,Pylypenko,+380680638243,patient_998@example.local,$2b$12$mGdFFYlxX0Neu4LiHFsoZt9Ir7rMYRocmGdFFYlxX0Neu4LiHFsoZ,2026-08-12 09:15:00,t
999,patient,Anton,Soroka,+380915463004,anton.soroka.1153@ukrnet.test,$2b$12$r3HkBR.oAwr1zmOhVB8Bk7gAog.BmBcDr3HkBR.oAwr1zmOhVB8Bk,2026-08-12 10:05:00,t
1000,patient,Mykhailo,Martyniuk,+380997099799,mykhailo.martyniuk.803@gmail.test,$2b$12$Q5vxmkY42iDFTX8ioPqlgpzd7HaTa26zQ5vxmkY42iDFTX8ioPqlg,2026-08-12 10:55:00,t
1001,patient,Vladyslav,Havryliuk,+380730794239,vladyslav.havryliuk.93@proton.test,$2b$12$Ksr9mdhOu2Q68k1xRKpG6H4fJQuhxpknKsr9mdhOu2Q68k1xRKpG6,2026-08-12 11:15:00,t
1002,patient,Volodymyr,Yakovenko,+380987664962,volodymyr.iakovenko.700@ukrnet.test,$2b$12$aX25JQNjZXOk4M0PoPMuuej6aM8tStpaaX25JQNjZXOk4M0PoPMuu,2026-08-12 11:50:00,t
1003,patient,Lesia,Bondarenko,+380686405497,lesia.bondarenko.990@outlook.test,$2b$12$uJIPNCLfTvAqy8IeAEx1Yc.gqPdocjOMuJIPNCLfTvAqy8IeAEx1Y,2026-08-12 11:55:00,t
1004,patient,Viktor,Melnyk,+380685059839,viktor.melnyk.1142@gmail.test,$2b$12$pDANKps8lpOjv8dSbG8MwNJOdDKCCWKBpDANKps8lpOjv8dSbG8Mw,2026-08-12 11:55:00,t
1005,patient,Lesia,Honcharenko,+380681397886,patient_1005@example.local,$2b$12$lOM4JtMp5UTLfNwdHHEEG4uoH/P1sq1HlOM4JtMp5UTLfNwdHHEEG,2026-08-12 12:30:00,t
1006,patient,Inna,Oliinyk,+380501480987,patient_1006@example.local,$2b$12$DseVckc4Wi2gy7orFUGXhLvx.NfUfD63DseVckc4Wi2gy7orFUGXh,2026-08-12 14:20:00,t
1007,patient,Anton,Kyrylenko,+380950289425,anton.kyrylenko.732@outlook.test,$2b$12$4yDSRB8dMw0w6Y0Ff9tSj2vnRo1fX4FT4yDSRB8dMw0w6Y0Ff9tSj,2026-08-12 14:35:00,t
1008,patient,Veronika,Hordiienko,+380669784732,veronika.hordiienko.686@gmail.test,$2b$12$oh/vofHMneGzsW/BDAGe/iJsGgHFfx2Goh/vofHMneGzsW/BDAGe/,2026-08-12 14:50:00,t
1009,patient,Petro,Danylenko,+380732561407,petro.danylenko.335@gmail.test,$2b$12$Vw80riZQ5Hw3UC3V.0iA3Ts0f7t44.u.Vw80riZQ5Hw3UC3V.0iA3,2026-08-12 14:50:00,t
1010,patient,Nadiia,Shevchuk,+380639126910,nadiia.shevchuk.270@outlook.test,$2b$12$1Ll5R33LAYoJalCA2skaRnl5EFPHyBBP1Ll5R33LAYoJalCA2skaR,2026-08-12 15:05:00,t
1011,patient,Dmytro,Velychko,+380953702216,dmytro.velychko.786@outlook.test,$2b$12$mGIcT1de8/Whx2rQvXuI1sIBcq6pgA7mmGIcT1de8/Whx2rQvXuI1,2026-08-12 15:15:00,t
1012,patient,Volodymyr,Kapustian,+380969480740,volodymyr.kapustian.925@proton.test,$2b$12$KGX9jTyuJSpJxoqJE0B7bTlBdnE5ke60KGX9jTyuJSpJxoqJE0B7b,2026-08-12 16:00:00,t
1013,patient,Vira,Dubenko,+380682332965,vira.dubenko.47@gmail.test,$2b$12$DdEg2FZfCugvzubuI/DCXiQ1rvVPCFfADdEg2FZfCugvzubuI/DCX,2026-08-12 16:40:00,t
1014,patient,Dmytro,Savchenko,+380956324047,dmytro.savchenko.388@ukrnet.test,$2b$12$8fAaD9N6V7kJKLRd8kuVttzVDz25YJoP8fAaD9N6V7kJKLRd8kuVt,2026-08-13 08:05:00,t
1015,patient,Bohdana,Kovalevskyi,+380922888350,bohdana.kovalevskyi.669@gmail.test,$2b$12$l5owabO2qhclJ7u2pP.k.2fldPMCNlIrl5owabO2qhclJ7u2pP.k.,2026-08-13 08:15:00,t
1016,patient,Mykola,Savchenko,+380663556184,patient_1016@example.local,$2b$12$DQmNPfAyLiUn2EA9TYedfVEJdGPs90h9DQmNPfAyLiUn2EA9TYedf,2026-08-13 08:50:00,t
1017,patient,Tetiana,Kravets,+380979958770,patient_1017@example.local,$2b$12$vMvqAFo0InAFse5B37grGIWTGQ.nu88CvMvqAFo0InAFse5B37grG,2026-08-13 09:45:00,t
1018,patient,Oksana,Pylypenko,+380673839225,oksana.pylypenko.311@gmail.test,$2b$12$aNH1t7hmxCLEzmmWvLH.OR3f4Un82HuGaNH1t7hmxCLEzmmWvLH.O,2026-08-13 10:05:00,t
1019,patient,Bohdan,Melnyk,+380947689816,bohdan.melnyk.970@proton.test,$2b$12$LMH9j.Yd.bEBa7mFvtzX4Wv3MCzdbTE2LMH9j.Yd.bEBa7mFvtzX4,2026-08-13 11:50:00,t
1020,patient,Tetiana,Yaremenko,+380929426255,tetiana.iaremenko.904@ukrnet.test,$2b$12$NWOBNG4Yt7TgL6.SCbFh.re/VFdoNbdGNWOBNG4Yt7TgL6.SCbFh.,2026-08-13 12:15:00,t
1021,patient,Yelyzaveta,Martyniuk,+380992018411,ielyzaveta.martyniuk.959@ukrnet.test,$2b$12$T3DG.Sda3x306fuieoIDU.Vcu467LJt1T3DG.Sda3x306fuieoIDU,2026-08-13 12:25:00,t
1022,patient,Vasyl,Lozovyi,+380660231768,vasyl.lozovyi.975@ukrnet.test,$2b$12$PcjYkHRskBrqANLG9QeVkq42otJBfnopPcjYkHRskBrqANLG9QeVk,2026-08-13 12:30:00,t
1023,patient,Serhii,Moroz,+380980065229,serhii.moroz.154@gmail.test,$2b$12$AuElpKFVELk3fCLzZgMxokdt5jDIs.nKAuElpKFVELk3fCLzZgMxo,2026-08-13 12:35:00,t
1024,patient,Nazar,Dovzhenko,+380966390699,nazar.dovzhenko.368@gmail.test,$2b$12$v6X0O.E8LDeqhq325UJMpzS6xr7kqrpnv6X0O.E8LDeqhq325UJMp,2026-08-13 13:35:00,t
1025,patient,Liliia,Romanenko,+380981889171,liliia.romanenko.225@gmail.test,$2b$12$H/ExvAFfAgjspmUhqnEV0jjf50Nxnx8RH/ExvAFfAgjspmUhqnEV0,2026-08-13 14:20:00,t
1026,patient,Olena,Nikolaienko,+380911848679,olena.nikolaienko.934@outlook.test,$2b$12$y4mpvQ9MlRI4wJAHjD8YKf/1/utrHmq3y4mpvQ9MlRI4wJAHjD8YK,2026-08-13 14:45:00,t
1027,patient,Yurii,Prykhodko,+380503750168,iurii.prykhodko.419@proton.test,$2b$12$VbV3l92WTs2.oUtFnl8ADKja5HLoKInDVbV3l92WTs2.oUtFnl8AD,2026-08-13 15:40:00,t
1028,patient,Bohdana,Semeniuk,+380933896992,bohdana.semeniuk.983@icloud.test,$2b$12$w2YloNoolqguhfsIKkS3InwkMJZclJ9Vw2YloNoolqguhfsIKkS3I,2026-08-13 16:00:00,t
1029,patient,Mykhailo,Demchenko,+380987329994,patient_1029@example.local,$2b$12$Si1hoahgnr8kwCr9LsiGJqYsMaD4Gwb1Si1hoahgnr8kwCr9LsiGJ,2026-08-13 16:30:00,t
1030,patient,Sviatoslav,Malyshko,+380992638608,sviatoslav.malyshko.733@gmail.test,$2b$12$77dB89HJ6zkpNBAoImYDOQmdodMT4Mo.77dB89HJ6zkpNBAoImYDO,2026-08-14 08:35:00,t
1031,patient,Veronika,Petrenko,+380927677667,veronika.petrenko.195@ukrnet.test,$2b$12$ip.77dFtnjIz/u8Czja2Ai7Gdti6jAtoip.77dFtnjIz/u8Czja2A,2026-08-14 09:50:00,t
1032,patient,Serhii,Shevchuk,+380507167481,serhii.shevchuk.456@gmail.test,$2b$12$tsUqkY3m9Uy6LkCbzoPyij.QB.bWFcVCtsUqkY3m9Uy6LkCbzoPyi,2026-08-14 09:50:00,t
1033,patient,Zoriana,Boiko,+380500803639,zoriana.boiko.188@outlook.test,$2b$12$QEVG4XUZwJuiP3vneBm1k1nUYWIPtakXQEVG4XUZwJuiP3vneBm1k,2026-08-14 10:15:00,t
1034,patient,Oleksandr,Yaremenko,+380636192650,oleksandr.iaremenko.123@gmail.test,$2b$12$oRv1zmbtf7iEF9RsTN/noyxfNImQCuceoRv1zmbtf7iEF9RsTN/no,2026-08-14 10:30:00,t
1035,patient,Yana,Shevchuk,+380917703029,iana.shevchuk.597@gmail.test,$2b$12$cQgK.grOdf/Md8hEq7ZzNGAiuYVHnVC1cQgK.grOdf/Md8hEq7ZzN,2026-08-14 10:35:00,t
1036,patient,Yelyzaveta,Danylenko,+380928844621,ielyzaveta.danylenko.623@icloud.test,$2b$12$bHZkUG3jDF.1JatOV4jc/d4WmGg1OyT8bHZkUG3jDF.1JatOV4jc/,2026-08-14 10:55:00,t
1037,patient,Vitalii,Babenko,+380930116207,vitalii.babenko.189@gmail.test,$2b$12$k2ARUa4hy/4dGEmz1dLHHdbzdtcb4s2Lk2ARUa4hy/4dGEmz1dLHH,2026-08-14 11:35:00,t
1038,patient,Yana,Levchenko,+380918866939,iana.levchenko.737@gmail.test,$2b$12$SYNXLKizW6mFgPjcIVka74uUTie2wuNcSYNXLKizW6mFgPjcIVka7,2026-08-14 14:15:00,t
1039,patient,Dmytro,Honcharenko,+380506723963,dmytro.honcharenko.298@outlook.test,$2b$12$SVQ90xNG4sAWuSC3PAJA7MhiIHMzLQlKSVQ90xNG4sAWuSC3PAJA7,2026-08-14 15:05:00,t
1040,patient,Vasyl,Stepanenko,+380946459443,vasyl.stepanenko.883@gmail.test,$2b$12$xr0We4xEW9oo63oXhQmeWCGmLiJgO5QFxr0We4xEW9oo63oXhQmeW,2026-08-14 15:40:00,t
1041,patient,Bohdana,Nechyporenko,+380957108237,bohdana.nechyporenko.155@gmail.test,$2b$12$WsHXKJkrJdr/T.jDfr3/y1kBWAqyC9IgWsHXKJkrJdr/T.jDfr3/y,2026-08-14 16:30:00,t
1042,patient,Veronika,Chernenko,+380503118308,veronika.chernenko.625@gmail.test,$2b$12$YEiIelg/Mjro0Zgy/BhynEruuE6BsBxsYEiIelg/Mjro0Zgy/Bhyn,2026-08-15 07:35:00,t
1043,patient,Diana,Soroka,+380971200778,diana.soroka.130@gmail.test,$2b$12$3noGJvIiTyZhelcxim7nlNxy9t31cv9G3noGJvIiTyZhelcxim7nl,2026-08-15 08:40:00,t
1044,patient,Nazar,Sydorenko,+380686026478,nazar.sydorenko.893@ukrnet.test,$2b$12$wZkuosmpJJ3WK5bPZw8plAC8p17ErlvMwZkuosmpJJ3WK5bPZw8pl,2026-08-15 12:40:00,t
1045,patient,Valeriia,Zhuravel,+380505447742,valeriia.zhuravel.275@gmail.test,$2b$12$hsGA1TOaWXZie36t6zoloq7qg6mXb6VphsGA1TOaWXZie36t6zolo,2026-08-17 07:15:00,t
1046,patient,Pavlo,Shapoval,+380910030844,pavlo.shapoval.780@gmail.test,$2b$12$mZwP2YGuTbzXpyXRLfc4l6sEtgIaPUFnmZwP2YGuTbzXpyXRLfc4l,2026-08-17 08:05:00,t
1047,patient,Mykhailo,Fedorenko,+380506684861,mykhailo.fedorenko.1061@outlook.test,$2b$12$vUeuMK85we7xgBvqunzZCQx5uYiOxtlEvUeuMK85we7xgBvqunzZC,2026-08-17 08:40:00,t
1048,patient,Valeriia,Kostenko,+380666306659,patient_1048@example.local,$2b$12$dnxE.E0J9EdFYc3AO9PomGV4tU1y7CyYdnxE.E0J9EdFYc3AO9Pom,2026-08-17 09:35:00,t
1049,patient,Liubov,Babenko,+380635342375,liubov.babenko.1095@outlook.test,$2b$12$kaD86BXdAInVEHJ8E50aDeqvoLP7jMLfkaD86BXdAInVEHJ8E50aD,2026-08-17 09:55:00,t
1050,patient,Viktoriia,Zhuravel,+380930913225,viktoriia.zhuravel.277@outlook.test,$2b$12$ru.EjozFT1UpmoP/dM8/n2tZBDRo3Q5/ru.EjozFT1UpmoP/dM8/n,2026-08-17 10:20:00,t
1051,patient,Anastasiia,Demchenko,+380634010246,anastasiia.demchenko.1155@outlook.test,$2b$12$JIFqgqWui3WIKZEAFgKJoKtpfq9QbCHzJIFqgqWui3WIKZEAFgKJo,2026-08-17 11:30:00,t
1052,patient,Tymofii,Klymenko,+380953078429,tymofii.klymenko.678@ukrnet.test,$2b$12$uZK8AR.XGx6vcN//UaNJ5Zd9jgE33PCeuZK8AR.XGx6vcN//UaNJ5,2026-08-17 11:45:00,t
1053,patient,Heorhii,Kulyk,+380958696574,heorhii.kulyk.673@gmail.test,$2b$12$Z0CCRs.CA8xu9qYtSz0IaGrtK3MkamD6Z0CCRs.CA8xu9qYtSz0Ia,2026-08-17 13:20:00,t
1054,patient,Dmytro,Zhuravel,+380992385028,dmytro.zhuravel.384@ukrnet.test,$2b$12$jkeC/tXpWTdccJQmptBKA16H05u95tAwjkeC/tXpWTdccJQmptBKA,2026-08-17 13:20:00,t
1055,patient,Sofiia,Dubenko,+380957688472,patient_1055@example.local,$2b$12$CfImIe78ZmXICxW6.kpK07BDUYLkecuCCfImIe78ZmXICxW6.kpK0,2026-08-17 15:05:00,t
1056,patient,Yevhen,Ostapenko,+380938251050,patient_1056@example.local,$2b$12$L.HDoMxihR3btBTG9tlx76KWd9fFnHvdL.HDoMxihR3btBTG9tlx7,2026-08-17 15:25:00,t
1057,patient,Yevhen,Vakulenko,+380984003852,ievhen.vakulenko.212@outlook.test,$2b$12$gQTMmmtqrG70sGXh7LGTtXplLzERDzz/gQTMmmtqrG70sGXh7LGTt,2026-08-17 15:45:00,t
1058,patient,Inna,Sydorenko,+380676573200,inna.sydorenko.474@gmail.test,$2b$12$jD2HTc8iRLULbWggdkW5iZJ0YlrWVgCLjD2HTc8iRLULbWggdkW5i,2026-08-17 18:55:00,t
1059,patient,Oleksandr,Korniienko,+380634453023,patient_1059@example.local,$2b$12$C2TWy600qY7z5R0jCaogkeDmC0Y9NNzuC2TWy600qY7z5R0jCaogk,2026-08-18 07:35:00,t
1060,patient,Emiliia,Oliinyk,+380682801886,emiliia.oliinyk.319@gmail.test,$2b$12$wDqhCqy5lXohMrUZA81F2NP1NLHJtuixwDqhCqy5lXohMrUZA81F2,2026-08-18 08:10:00,t
1061,patient,Zoriana,Hnatiuk,+380660365925,zoriana.hnatiuk.1086@outlook.test,$2b$12$3BnmBEIGLkbiZEkcEfKpQBYX6WwnBjIl3BnmBEIGLkbiZEkcEfKpQ,2026-08-18 08:50:00,t
1062,patient,Yuliia,Kozak,+380972478197,iuliia.kozak.653@gmail.test,$2b$12$AvhJwvSwARvomw01.xZXLVXi9q/8r2zdAvhJwvSwARvomw01.xZXL,2026-08-18 10:25:00,t
1063,patient,Tymofii,Buriak,+380981268163,tymofii.buriak.675@gmail.test,$2b$12$lPnsnYNQOhlL38Z7gLCZCZQc4u/07eNQlPnsnYNQOhlL38Z7gLCZC,2026-08-18 10:55:00,t
1064,patient,Roman,Ivanenko,+380638300970,roman.ivanenko.728@ukrnet.test,$2b$12$myCgIeeYWpXs8OcNqdAs3M6EGaZIfs0DmyCgIeeYWpXs8OcNqdAs3,2026-08-18 11:35:00,t
1065,patient,Tymofii,Boiko,+380975571359,tymofii.boiko.208@gmail.test,$2b$12$Oum.vpFgPpxkPOBf84WbOjw0hF12Vy0eOum.vpFgPpxkPOBf84WbO,2026-08-18 12:00:00,t
1066,patient,Kateryna,Pylypenko,+380998877542,kateryna.pylypenko.505@icloud.test,$2b$12$AymIazLiIf8k0sTxSXp9xoRhqcuWyTrvAymIazLiIf8k0sTxSXp9x,2026-08-18 12:45:00,t
1067,patient,Alla,Dubenko,+380947191892,alla.dubenko.1071@ukrnet.test,$2b$12$GUSdGNwDVh2OBgzRG7CJrji4wYKsaJHNGUSdGNwDVh2OBgzRG7CJr,2026-08-18 15:55:00,t
1068,patient,Polina,Fedorenko,+380917813006,polina.fedorenko.995@outlook.test,$2b$12$gjj4J9iwnJRn9Jt43ixp2dSflG9jjY30gjj4J9iwnJRn9Jt43ixp2,2026-08-18 16:30:00,t
1069,patient,Olha,Demchenko,+380736640505,olha.demchenko.2@icloud.test,$2b$12$t37DazvJSLhDI0p.IHMuxMrEvQ1HW28zt37DazvJSLhDI0p.IHMux,2026-08-18 16:35:00,t
1070,patient,Yelyzaveta,Lazarenko,+380664981226,ielyzaveta.lazarenko.389@gmail.test,$2b$12$IaiDugD2DuzLtmauhuDglO2hptCZP4l7IaiDugD2DuzLtmauhuDgl,2026-08-19 08:05:00,t
1071,patient,Nazar,Vovk,+380503811491,patient_1071@example.local,$2b$12$6XeX9ddqxFAco6Vu7cLTBp.Q5IktEi/66XeX9ddqxFAco6Vu7cLTB,2026-08-19 08:10:00,t
1072,patient,Zlata,Zadorozhnyi,+380934520288,zlata.zadorozhnyi.36@gmail.test,$2b$12$Z6XScn.OTtlwfyS2y0n2Wxuf/e7oCl54Z6XScn.OTtlwfyS2y0n2W,2026-08-19 08:10:00,t
1073,patient,Vira,Martyniuk,+380956593802,vira.martyniuk.537@outlook.test,$2b$12$fnkoblBbMT64GwiFnsQh7hdFAPfAr.N9fnkoblBbMT64GwiFnsQh7,2026-08-19 09:25:00,t
1074,patient,Svitlana,Lysenko,+380665589687,svitlana.lysenko.89@outlook.test,$2b$12$CFFaYHhdLbcqIB6Vf1T.3kdy.yRlUmHDCFFaYHhdLbcqIB6Vf1T.3,2026-08-19 10:15:00,t
1075,patient,Makar,Danylenko,+380935650554,makar.danylenko.856@gmail.test,$2b$12$3b4ciFskz1jnOURVEAeKeXCiJXMoXn4M3b4ciFskz1jnOURVEAeKe,2026-08-19 10:25:00,t
1076,patient,Bohdana,Savchenko,+380970591281,bohdana.savchenko.867@outlook.test,$2b$12$Ek5ot/kOIhuz/5RpBXgEjMEPJIJebQOaEk5ot/kOIhuz/5RpBXgEj,2026-08-19 10:50:00,t
1077,patient,Nazar,Hnatiuk,+380989276607,nazar.hnatiuk.295@ukrnet.test,$2b$12$KmjDvkT7LSaSWkp9osw3cTFLMg4MTt.wKmjDvkT7LSaSWkp9osw3c,2026-08-19 10:55:00,t
1078,patient,Hanna,Stepanenko,+380732151018,hanna.stepanenko.1026@gmail.test,$2b$12$LULtZHX4YDmIKXcWH2Tasibcp7FNGnyALULtZHX4YDmIKXcWH2Tas,2026-08-19 11:30:00,t
1079,patient,Viktoriia,Havryliuk,+380964076986,viktoriia.havryliuk.964@gmail.test,$2b$12$imK6ULOBJZqamG2IRsLWlNhzwRttUeOkimK6ULOBJZqamG2IRsLWl,2026-08-19 12:45:00,t
1080,patient,Yuliia,Bondarenko,+380925595651,iuliia.bondarenko.397@ukrnet.test,$2b$12$IwWzhZuouNW5I2uIY6IigtbH/Uz9bHqwIwWzhZuouNW5I2uIY6Iig,2026-08-19 13:55:00,t
1081,patient,Yaroslav,Hordiienko,+380675704343,iaroslav.hordiienko.32@gmail.test,$2b$12$V3rHMWauusy5zF9aY15JdCblKlRuC6uBV3rHMWauusy5zF9aY15Jd,2026-08-19 14:15:00,t
1082,patient,Diana,Lozovyi,+380983410414,diana.lozovyi.682@ukrnet.test,$2b$12$6QGpql01OgmjoHyKRYmySgw15QpZiqSt6QGpql01OgmjoHyKRYmyS,2026-08-19 14:15:00,t
1083,patient,Uliana,Soroka,+380936586748,uliana.soroka.702@proton.test,$2b$12$3vB3dQX2OHPPUI8BcvkOeKSWtErcb8GZ3vB3dQX2OHPPUI8BcvkOe,2026-08-19 15:10:00,t
1084,patient,Karyna,Lazarenko,+380987878934,karyna.lazarenko.224@gmail.test,$2b$12$2rnckxltq6VZfFNcuSbt65rB6tYBckqv2rnckxltq6VZfFNcuSbt6,2026-08-19 16:00:00,t
1085,patient,Sofiia,Martyniuk,+380503623081,patient_1085@example.local,$2b$12$Sss2.Fow/7KAPuGKn73ldofic/dIg2NtSss2.Fow/7KAPuGKn73ld,2026-08-19 16:05:00,t
1086,patient,Rostyslav,Shevchuk,+380929788180,rostyslav.shevchuk.343@gmail.test,$2b$12$U3ZHikvfopRfDAxi51Cccgiz0Z4FIIa9U3ZHikvfopRfDAxi51Ccc,2026-08-19 16:10:00,t
1087,patient,Yelyzaveta,Demchenko,+380738729278,ielyzaveta.demchenko.645@icloud.test,$2b$12$UUKgWxMvK7Y2OmhbKB12FjqeyJEcLONnUUKgWxMvK7Y2OmhbKB12F,2026-08-20 08:45:00,t
1088,patient,Liliia,Tymoshenko,+380918492151,liliia.tymoshenko.782@gmail.test,$2b$12$cTgoTRJI0SHCsiNCWYp2NivQHrk3bPtBcTgoTRJI0SHCsiNCWYp2N,2026-08-20 09:10:00,t
1089,patient,Tymofii,Prykhodko,+380911627280,tymofii.prykhodko.656@icloud.test,$2b$12$8TPebcafkQl0dH5CooNynE6RLkAv0jQt8TPebcafkQl0dH5CooNyn,2026-08-20 10:30:00,t
1090,patient,Alla,Moroz,+380504898954,alla.moroz.167@gmail.test,$2b$12$NIzC3c.4CTl72LSR.UbP25dFzqJgEGggNIzC3c.4CTl72LSR.UbP2,2026-08-20 10:35:00,t
1091,patient,Yaroslav,Levchenko,+380920252412,patient_1091@example.local,$2b$12$p1i8YvRQjS59Tw93va5kpocLK/VrBTaZp1i8YvRQjS59Tw93va5kp,2026-08-20 11:00:00,t
1092,patient,Ihor,Holub,+380981991883,patient_1092@example.local,$2b$12$FNN2u5JuOJ/YjU2YbcV36gPZTnk1VPGQFNN2u5JuOJ/YjU2YbcV36,2026-08-20 11:10:00,t
1093,patient,Myroslava,Lysenko,+380981252784,myroslava.lysenko.612@outlook.test,$2b$12$sYi93.jY8ggZiJs25tJK6.ocmEPtzSEVsYi93.jY8ggZiJs25tJK6,2026-08-20 11:25:00,t
1094,patient,Bohdan,Kucher,+380977549257,bohdan.kucher.724@outlook.test,$2b$12$UBdEVkNcpwcGiM.73CkfELyU/9jrsnwrUBdEVkNcpwcGiM.73CkfE,2026-08-20 11:50:00,t
1095,patient,Vladyslav,Pavlenko,+380997902970,vladyslav.pavlenko.1060@icloud.test,$2b$12$DvlSJWahNdg6xPqEoNqRik5JAUX2sQm5DvlSJWahNdg6xPqEoNqRi,2026-08-20 12:40:00,t
1096,patient,Anastasiia,Shevchuk,+380935022366,patient_1096@example.local,$2b$12$XvDpKtU.kz7c7oWm1f3JwKf749sMF1lCXvDpKtU.kz7c7oWm1f3Jw,2026-08-20 12:45:00,t
1097,patient,Kyrylo,Marchenko,+380982175334,kyrylo.marchenko.807@ukrnet.test,$2b$12$GoRuTfYzp8GAJziyRo1Qz38KY1F5JFCOGoRuTfYzp8GAJziyRo1Qz,2026-08-20 13:20:00,t
1098,patient,Anton,Danylenko,+380970476597,anton.danylenko.356@outlook.test,$2b$12$y6JVV2hj81.vg18sSy5EedQrrjapMFdJy6JVV2hj81.vg18sSy5Ee,2026-08-20 13:30:00,t
1099,patient,Mariia,Zadorozhnyi,+380684725592,mariia.zadorozhnyi.473@ukrnet.test,$2b$12$XXxlHjTnPxw5yHQMj91rwzo0EflydriBXXxlHjTnPxw5yHQMj91rw,2026-08-20 14:45:00,t
1100,patient,Viktoriia,Mazur,+380688635263,viktoriia.mazur.117@gmail.test,$2b$12$tCV0Bm791rrbye1xvQdiEYfRhv6MVj35tCV0Bm791rrbye1xvQdiE,2026-08-20 16:10:00,t
1101,patient,Heorhii,Babenko,+380739468202,heorhii.babenko.601@ukrnet.test,$2b$12$AIh1HTO2lVDcZNgYpdLGQaqwrMrSve83AIh1HTO2lVDcZNgYpdLGQ,2026-08-20 16:40:00,t
1102,patient,Andrii,Zadorozhnyi,+380502595927,andrii.zadorozhnyi.833@gmail.test,$2b$12$nJ1lfEOu0ZNGgZn6W4J3vyMUe2PFS5DYnJ1lfEOu0ZNGgZn6W4J3v,2026-08-20 16:40:00,t
1103,patient,Oleh,Lazarenko,+380678858560,oleh.lazarenko.156@ukrnet.test,$2b$12$rgB7RwSBuHudjjOhwr3mxpklQoPKUJFbrgB7RwSBuHudjjOhwr3mx,2026-08-20 16:50:00,t
1104,patient,Solomiia,Shevchenko,+380689128035,solomiia.shevchenko.85@gmail.test,$2b$12$.k2CiS5QDS9vkxsJiysDgfoMTydoU2nO.k2CiS5QDS9vkxsJiysDg,2026-08-21 08:10:00,t
1105,patient,Vladyslav,Danylenko,+380985820350,patient_1105@example.local,$2b$12$1L6gO6jIVh/tiPVVOeJ9ijc8nl4.daa41L6gO6jIVh/tiPVVOeJ9i,2026-08-21 08:25:00,t
1106,patient,Tetiana,Serdiuk,+380983816644,tetiana.serdiuk.354@ukrnet.test,$2b$12$itXA0IqwHZVq8C491xmhCIuaZQ/sUk77itXA0IqwHZVq8C491xmhC,2026-08-21 09:10:00,t
1107,patient,Anna,Shevchuk,+380920663009,anna.shevchuk.405@gmail.test,$2b$12$ZZQJ5zfxz6DOeGMnfrK3xIaobMB9D0.JZZQJ5zfxz6DOeGMnfrK3x,2026-08-21 09:20:00,t
1108,patient,Maksym,Velychko,+380500940414,patient_1108@example.local,$2b$12$LEApDDqhNVMa12lURbk7fzr2hV19mmrOLEApDDqhNVMa12lURbk7f,2026-08-21 09:40:00,t
1109,patient,Nataliia,Semeniuk,+380503563184,nataliia.semeniuk.16@gmail.test,$2b$12$mzM8.ZpWCZwqdnB4mwRl3Cvxw1kE26QhmzM8.ZpWCZwqdnB4mwRl3,2026-08-21 09:50:00,t
1110,patient,Alla,Kharchenko,+380970369152,alla.kharchenko.1004@gmail.test,$2b$12$Yhk.DyXdpCKF4RhJr4K8GnyZz.q0.mImYhk.DyXdpCKF4RhJr4K8G,2026-08-21 11:20:00,t
1111,patient,Alla,Buriak,+380737961540,patient_1111@example.local,$2b$12$4BnKbiSOv4UkFEouDvBNkdMQdr2/VqfD4BnKbiSOv4UkFEouDvBNk,2026-08-21 11:55:00,t
1112,patient,Liliia,Pylypenko,+380976395930,liliia.pylypenko.711@gmail.test,$2b$12$Xwe69fK.EEPZrtTsPJlqZb3H8bQpw1AkXwe69fK.EEPZrtTsPJlqZ,2026-08-21 12:05:00,t
1113,patient,Oleh,Palamarchuk,+380949914797,oleh.palamarchuk.460@ukrnet.test,$2b$12$UB3s3ymK6i8iFEVmoTo9sO/0Z3OhGi7ZUB3s3ymK6i8iFEVmoTo9s,2026-08-21 12:25:00,t
1114,patient,Anton,Shevchenko,+380920895448,anton.shevchenko.559@gmail.test,$2b$12$5KV2wiC/Jsv1n6d90TY2WWNY/2tcDy5a5KV2wiC/Jsv1n6d90TY2W,2026-08-21 13:10:00,t
1115,patient,Vira,Tkachenko,+380986871678,vira.tkachenko.481@outlook.test,$2b$12$n1zn/0YnyXyfrwoWkZIIp8eQUX6/IXA8n1zn/0YnyXyfrwoWkZIIp,2026-08-21 13:45:00,t
1116,patient,Vladyslav,Doroshenko,+380964083767,vladyslav.doroshenko.507@icloud.test,$2b$12$vodcSJNAmZ6XnduSsZ05gJZuP22dVdtWvodcSJNAmZ6XnduSsZ05g,2026-08-21 16:40:00,t
1117,patient,Oleh,Turchyn,+380665375944,oleh.turchyn.716@gmail.test,$2b$12$Kw4jvdHB6efDvigvO9JmDDBolmKTATZAKw4jvdHB6efDvigvO9JmD,2026-08-21 17:20:00,t
1118,patient,Vira,Makarenko,+380935572649,patient_1118@example.local,$2b$12$WxodUgST2grTzsiQ5wQTp0y0ENcjS9h4WxodUgST2grTzsiQ5wQTp,2026-08-21 18:20:00,t
1119,patient,Alla,Verbytskyi,+380921846269,patient_1119@example.local,$2b$12$B9capSTqOQOnxOqBWbkkES95cdpU91Y4B9capSTqOQOnxOqBWbkkE,2026-08-21 19:00:00,t
1120,patient,Mykhailo,Malyshko,+380961128658,mykhailo.malyshko.309@outlook.test,$2b$12$ZajgQ5kWMvmKmuJ037bP2aw7C4ky.mXiZajgQ5kWMvmKmuJ037bP2,2026-08-21 20:35:00,t
1121,patient,Vadym,Rybak,+380962475509,vadym.rybak.1124@gmail.test,$2b$12$2tvwtYHwERHwGPAKOLoZrbitCWBsZNvx2tvwtYHwERHwGPAKOLoZr,2026-08-22 11:30:00,t
1122,patient,Oleh,Dubenko,+380661969761,patient_1122@example.local,$2b$12$OfzrKMQIAYuTcuykJDwLYHeaVk4Wgq7WOfzrKMQIAYuTcuykJDwLY,2026-08-24 07:55:00,t
1123,patient,Oksana,Hordiienko,+380925171583,oksana.hordiienko.1169@gmail.test,$2b$12$RDVDnjOM5jHkoaTCouo44IO2uLYwd1w3RDVDnjOM5jHkoaTCouo44,2026-08-24 08:20:00,t
1124,patient,Yuliia,Tymoshenko,+380680299834,patient_1124@example.local,$2b$12$yVznw2diQ9S3QRGNQY2eKvP8IFU52E8YyVznw2diQ9S3QRGNQY2eK,2026-08-24 08:35:00,t
1125,patient,Sviatoslav,Chernenko,+380986716671,sviatoslav.chernenko.608@gmail.test,$2b$12$r71h6kA7JRs1zzZVnwKycQMVX5afvDFWr71h6kA7JRs1zzZVnwKyc,2026-08-24 09:00:00,t
1126,patient,Uliana,Boiko,+380736257766,uliana.boiko.232@icloud.test,$2b$12$.DDUDWpFKNbZYtfK2l1OIgIf1H5bn.Ri.DDUDWpFKNbZYtfK2l1OI,2026-08-24 09:20:00,t
1127,patient,Bohdana,Myronenko,+380660517811,bohdana.myronenko.632@gmail.test,$2b$12$MRnsBqfCHy4gu9kPhZhv1hQg9C2hzkgAMRnsBqfCHy4gu9kPhZhv1,2026-08-24 09:25:00,t
1128,patient,Maryna,Kharchenko,+380912141059,maryna.kharchenko.106@outlook.test,$2b$12$TYWHXga.Y.kyklkuQ/i.YGxEF3QYLa6xTYWHXga.Y.kyklkuQ/i.Y,2026-08-24 09:45:00,t
1129,patient,Liubov,Vasylenko,+380688093658,liubov.vasylenko.989@gmail.test,$2b$12$MT5wg5qjsgOtbfpPdDvV3FTMriSRxQu4MT5wg5qjsgOtbfpPdDvV3,2026-08-24 10:10:00,t
1130,patient,Ruslan,Kondratiuk,+380670070046,ruslan.kondratiuk.1179@icloud.test,$2b$12$bpzWmO9EBzHXSy.6k6QykZ1EDvtPYC.GbpzWmO9EBzHXSy.6k6Qyk,2026-08-24 10:45:00,t
1131,patient,Anton,Kapustian,+380935331985,anton.kapustian.850@gmail.test,$2b$12$597goU421oolLsujEDPh5vaHPO7wy.63597goU421oolLsujEDPh5,2026-08-24 11:00:00,t
1132,patient,Viktoriia,Vovk,+380968861967,viktoriia.vovk.861@gmail.test,$2b$12$ofQ2NhFruC9zAs2tltu1YhRcEhnc8IQuofQ2NhFruC9zAs2tltu1Y,2026-08-24 12:40:00,t
1133,patient,Maksym,Panchenko,+380922459644,maksym.panchenko.1181@outlook.test,$2b$12$2JfUyNE77w.8qrbMIsl9FW59DseXp3Xq2JfUyNE77w.8qrbMIsl9F,2026-08-24 13:55:00,t
1134,patient,Vira,Levchenko,+380949141515,vira.levchenko.441@proton.test,$2b$12$bIuxRjQfeKOaOyBBgrJnFYtVJmIIAAU2bIuxRjQfeKOaOyBBgrJnF,2026-08-24 15:45:00,t
1135,patient,Anastasiia,Polishchuk,+380500032172,anastasiia.polishchuk.1125@ukrnet.test,$2b$12$oMEOg./iq4KOCXVvR1djpF1mqIMcQwIOoMEOg./iq4KOCXVvR1djp,2026-08-24 16:30:00,t
1136,patient,Olena,Marchenko,+380736108687,olena.marchenko.534@ukrnet.test,$2b$12$0VO0zh5UI51/3IZ486v.lV7mAT9XECAy0VO0zh5UI51/3IZ486v.l,2026-08-25 07:45:00,t
1137,patient,Karyna,Kovalenko,+380945774746,karyna.kovalenko.406@ukrnet.test,$2b$12$N95eBAEqaVM1tH9rjHH2D.2wmnLM0eW6N95eBAEqaVM1tH9rjHH2D,2026-08-25 08:20:00,t
1138,patient,Oksana,Rybak,+380980266461,oksana.rybak.599@icloud.test,$2b$12$yU5Z27egX1HGKgSEEhhAd/yQXzyI2ig0yU5Z27egX1HGKgSEEhhAd,2026-08-25 09:15:00,t
1139,patient,Viktor,Semeniuk,+380954727677,viktor.semeniuk.1187@ukrnet.test,$2b$12$NT6HDdGf6Vtc5q4eWcZnL3sxa7/5onOmNT6HDdGf6Vtc5q4eWcZnL,2026-08-25 09:25:00,t
1140,patient,Daryna,Bondarenko,+380638236561,daryna.bondarenko.819@ukrnet.test,$2b$12$exrlP4aW9T.A43yk0DOahKHIwMJXZyx1exrlP4aW9T.A43yk0DOah,2026-08-25 09:30:00,t
1141,patient,Zlata,Rudenko,+380672955434,zlata.rudenko.226@icloud.test,$2b$12$n0Ki7oh9fj9dfZAPRtWbq1snfqgltO0Cn0Ki7oh9fj9dfZAPRtWbq,2026-08-25 09:30:00,t
1142,patient,Sofiia,Honcharenko,+380937816027,sofiia.honcharenko.1056@gmail.test,$2b$12$tZu1E1xOS0gbrJn8DXCfaBnL1YMAmLeItZu1E1xOS0gbrJn8DXCfa,2026-08-25 10:20:00,t
1143,patient,Anastasiia,Dubenko,+380631924446,patient_1143@example.local,$2b$12$TAYqWzANMVkr/c3T6uw9ZSq7hjD7zLxPTAYqWzANMVkr/c3T6uw9Z,2026-08-25 11:00:00,t
1144,patient,Iryna,Koval,+380917254613,iryna.koval.34@outlook.test,$2b$12$LvBn59.NnLNDXWGlT4avoKN8VPZ/yLjyLvBn59.NnLNDXWGlT4avo,2026-08-25 11:20:00,t
1145,patient,Yana,Doroshenko,+380954669815,iana.doroshenko.842@gmail.test,$2b$12$NQNNYaKfs5A1Z6emkFKX49UEJre1Pt5yNQNNYaKfs5A1Z6emkFKX4,2026-08-25 11:50:00,t
1146,patient,Heorhii,Chernenko,+380730051227,heorhii.chernenko.462@proton.test,$2b$12$mRrItpd8f0GbKw5xtN67iHv/Heoqgk8xmRrItpd8f0GbKw5xtN67i,2026-08-25 12:00:00,t
1147,patient,Dmytro,Bilous,+380986030221,patient_1147@example.local,$2b$12$3BQcoHNl212aHWb8s9eHbwUkLP4LfgTK3BQcoHNl212aHWb8s9eHb,2026-08-25 12:05:00,t
1148,patient,Polina,Buriak,+380928696213,polina.buriak.244@gmail.test,$2b$12$VkAyV8WXeWIn88tUS.nG1HaGWoHsjBykVkAyV8WXeWIn88tUS.nG1,2026-08-25 12:20:00,t
1149,patient,Anastasiia,Samoilenko,+380686810240,anastasiia.samoilenko.78@outlook.test,$2b$12$GYiDsjAysV0GMBWPPY3F0vulfm4rEqLWGYiDsjAysV0GMBWPPY3F0,2026-08-25 12:20:00,t
1150,patient,Hanna,Rudenko,+380910704611,hanna.rudenko.223@outlook.test,$2b$12$xIROZKUG7/rJMRx/xaiLfgAFW98ygrSLxIROZKUG7/rJMRx/xaiLf,2026-08-25 13:20:00,t
1151,patient,Polina,Yakovenko,+380989175303,patient_1151@example.local,$2b$12$U0TBrCelH36k17DOWeB37KAtWIb94t.JU0TBrCelH36k17DOWeB37,2026-08-25 13:30:00,t
1152,patient,Tetiana,Doroshenko,+380920617635,tetiana.doroshenko.237@ukrnet.test,$2b$12$GhmHiofECmylGuJkMmloQvAQwVZpwijOGhmHiofECmylGuJkMmloQ,2026-08-25 14:00:00,t
1153,patient,Hanna,Hrytsenko,+380684273501,hanna.hrytsenko.181@gmail.test,$2b$12$7.kTXWazMVf/OH1wc/b4Ax7QOVUrcgJ97.kTXWazMVf/OH1wc/b4A,2026-08-25 14:15:00,t
1154,patient,Vitalii,Boiko,+380932294339,vitalii.boiko.43@ukrnet.test,$2b$12$BnFVV0MgkypJLZyjp6w8.RuCAzXxK6E1BnFVV0MgkypJLZyjp6w8.,2026-08-25 14:45:00,t
1155,patient,Lev,Nechyporenko,+380670497549,lev.nechyporenko.947@ukrnet.test,$2b$12$Csz.MJ2m/TRbvfCcMK5ZigRi5P2u390nCsz.MJ2m/TRbvfCcMK5Zi,2026-08-25 14:55:00,t
1156,patient,Andrii,Kovalevskyi,+380939830851,andrii.kovalevskyi.727@gmail.test,$2b$12$ho2pgwtX1zASZnYM2goSlc0hOMMQPYdRho2pgwtX1zASZnYM2goSl,2026-08-25 15:25:00,t
1157,patient,Myroslava,Hnatiuk,+380961546717,myroslava.hnatiuk.357@icloud.test,$2b$12$4VinfOXwlAFTBrEWPVJLy2cVpfk6aZe34VinfOXwlAFTBrEWPVJLy,2026-08-25 15:35:00,t
1158,patient,Hanna,Yaremenko,+380662038871,patient_1158@example.local,$2b$12$yN9qzXrLszuO7CKZhE4ZcyVJHm9p4v9ryN9qzXrLszuO7CKZhE4Zc,2026-08-25 15:55:00,t
1159,patient,Karyna,Doroshenko,+380731467934,karyna.doroshenko.50@gmail.test,$2b$12$3RHMXrSqEgI8yaQzZm6X55miSXB7tw/K3RHMXrSqEgI8yaQzZm6X5,2026-08-25 16:40:00,t
1160,patient,Marta,Kovalevskyi,+380994580095,marta.kovalevskyi.1012@gmail.test,$2b$12$9h4XbNAaBty6mt/orLQYImORyx7zsWuJ9h4XbNAaBty6mt/orLQYI,2026-08-26 08:25:00,t
1161,patient,Valeriia,Hordiienko,+380670604658,valeriia.hordiienko.1129@gmail.test,$2b$12$RRcjEzXj4FZdd4xFHYmit1EeyFgl/jgARRcjEzXj4FZdd4xFHYmit,2026-08-26 09:15:00,t
1162,patient,Viktoriia,Buriak,+380661912350,viktoriia.buriak.180@gmail.test,$2b$12$JWu9yF182w8zpGt4tvCAwPdDo90131dPJWu9yF182w8zpGt4tvCAw,2026-08-26 09:20:00,t
1163,patient,Diana,Karpenko,+380940891107,diana.karpenko.866@icloud.test,$2b$12$bp4GlCBfCcl0L8f1Lf9yw5zoDe4RbT73bp4GlCBfCcl0L8f1Lf9yw,2026-08-26 09:50:00,t
1164,patient,Daryna,Kozak,+380736071608,patient_1164@example.local,$2b$12$iHWCDW4iM0yyqg7ctQQqJgeeHKVA58GgiHWCDW4iM0yyqg7ctQQqJ,2026-08-26 11:35:00,t
1165,patient,Yana,Pylypenko,+380506287048,iana.pylypenko.794@gmail.test,$2b$12$oi3gQ6NOlO1TQtmKoNm4MMmSHBRjCPIeoi3gQ6NOlO1TQtmKoNm4M,2026-08-26 12:00:00,t
1166,patient,Myron,Avramenko,+380665430514,myron.avramenko.1180@outlook.test,$2b$12$cRQKpkGwhb5LmHjkE.pRez90Gh.2s2hecRQKpkGwhb5LmHjkE.pRe,2026-08-26 12:15:00,t
1167,patient,Oleksandr,Hrytsenko,+380966940110,oleksandr.hrytsenko.627@gmail.test,$2b$12$Uwwxd5mUBHX09.WoWcNILkkw8sv2YdrRUwwxd5mUBHX09.WoWcNIL,2026-08-26 14:55:00,t
1168,patient,Matvii,Haiduk,+380963903011,matvii.haiduk.841@ukrnet.test,$2b$12$4vHfpIt7NaajAJ2R3f46y1yFgo/Idbp14vHfpIt7NaajAJ2R3f46y,2026-08-26 16:50:00,t
1169,patient,Kyrylo,Havryliuk,+380946874250,kyrylo.havryliuk.159@ukrnet.test,$2b$12$Vy5ie4dlaNtiZDJ7d.rkMdos7eWCkDw8Vy5ie4dlaNtiZDJ7d.rkM,2026-08-26 19:20:00,t
1170,patient,Liliia,Lytvyn,+380986977099,liliia.lytvyn.1144@outlook.test,$2b$12$2NhXDqvMrPeDPZMasJ9k312R/2TJudPD2NhXDqvMrPeDPZMasJ9k3,2026-08-27 08:00:00,t
1171,patient,Mariia,Stepanenko,+380667088532,patient_1171@example.local,$2b$12$WlQhO4sLtTz6hVPgS7aSH1ANHda3LShXWlQhO4sLtTz6hVPgS7aSH,2026-08-27 08:40:00,t
1172,patient,Viktor,Babenko,+380998657406,patient_1172@example.local,$2b$12$71QTy0bxxBz/n2aHUuLQIY7KQWZfxNvT71QTy0bxxBz/n2aHUuLQI,2026-08-27 09:25:00,t
1173,patient,Andrii,Nikolaienko,+380730548058,andrii.nikolaienko.417@gmail.test,$2b$12$oXi47HDDVEq7bhw3Lk6Lwxu4fpTHkzb/oXi47HDDVEq7bhw3Lk6Lw,2026-08-27 10:55:00,t
1174,patient,Olha,Melnyk,+380732069028,olha.melnyk.42@proton.test,$2b$12$lA9sp4Hn1MMKrbTL9LR2QKvfyaGCaXhKlA9sp4Hn1MMKrbTL9LR2Q,2026-08-27 10:55:00,t
1175,patient,Artur,Kulyk,+380732351745,artur.kulyk.1103@gmail.test,$2b$12$e1c5M6izqgMcg6udxV5izplCAs/RXCpxe1c5M6izqgMcg6udxV5iz,2026-08-27 12:25:00,t
1176,patient,Yurii,Stepanenko,+380965280636,iurii.stepanenko.701@gmail.test,$2b$12$FvMtYLO3uPIL6KiFRUA7heXom7QpPUl6FvMtYLO3uPIL6KiFRUA7h,2026-08-27 13:30:00,t
1177,patient,Daryna,Zakharchenko,+380997185814,patient_1177@example.local,$2b$12$D4vg9D.SUSqk640.q8uKmkcuXIVxN1AAD4vg9D.SUSqk640.q8uKm,2026-08-27 14:05:00,t
1178,patient,Olena,Zadorozhnyi,+380971341542,olena.zadorozhnyi.445@gmail.test,$2b$12$3f8LGAf9Urfcpb..LnH3DN3ipo6ZbZFj3f8LGAf9Urfcpb..LnH3D,2026-08-27 15:00:00,t
1179,patient,Liudmyla,Klymenko,+380942298495,patient_1179@example.local,$2b$12$syn87JADlWZInnEZzIynnEe/MiOhHRGksyn87JADlWZInnEZzIynn,2026-08-27 15:45:00,t
1180,patient,Myroslava,Kovalenko,+380985061975,patient_1180@example.local,$2b$12$ZsW7a91N7Op9FThXgPgTb0p5x3.XKDkfZsW7a91N7Op9FThXgPgTb,2026-08-27 16:20:00,t
1181,patient,Svitlana,Bilous,+380954441013,svitlana.bilous.206@gmail.test,$2b$12$/ZWfCTvzGT6R5smYEJ1d0q5pQi46tTKt/ZWfCTvzGT6R5smYEJ1d0,2026-08-27 18:45:00,t
1182,patient,Ruslan,Soroka,+380673609314,ruslan.soroka.542@ukrnet.test,$2b$12$G4cbc8Po4HT0yH.sRwFwGfntYbWnmWh.G4cbc8Po4HT0yH.sRwFwG,2026-08-28 08:20:00,t
1183,patient,Yuliia,Moroz,+380987274233,iuliia.moroz.771@outlook.test,$2b$12$dI.DoFAsb2R4HwvchbIC5Lit8fsOev4GdI.DoFAsb2R4HwvchbIC5,2026-08-28 08:35:00,t
1184,patient,Daryna,Palamarchuk,+380939630935,daryna.palamarchuk.217@outlook.test,$2b$12$M7JQVq88XjKlborPmuvWX5CCcwedMJpaM7JQVq88XjKlborPmuvWX,2026-08-28 08:40:00,t
1185,patient,Liliia,Martyniuk,+380676895642,liliia.martyniuk.352@outlook.test,$2b$12$Vt86y.kx0tzZwxyq3sPwjv0uxDeVnqDVVt86y.kx0tzZwxyq3sPwj,2026-08-28 10:25:00,t
1186,patient,Serhii,Polishchuk,+380671872744,serhii.polishchuk.98@gmail.test,$2b$12$mFu88EJxtLgBw9NRNMrX2zVZfAIiH.V7mFu88EJxtLgBw9NRNMrX2,2026-08-28 10:50:00,t
1187,patient,Anna,Zadorozhnyi,+380735668677,anna.zadorozhnyi.1110@icloud.test,$2b$12$Kaw864oGxhcrp09gziWE93/7MyeySZ0DKaw864oGxhcrp09gziWE9,2026-08-28 11:15:00,t
1188,patient,Tetiana,Moroz,+380676953006,tetiana.moroz.613@ukrnet.test,$2b$12$n1K862K0OXK5MzVc48IlRQLEar9HWBugn1K862K0OXK5MzVc48IlR,2026-08-28 11:35:00,t
1189,patient,Khrystyna,Petrenko,+380635646367,khrystyna.petrenko.35@icloud.test,$2b$12$IKPKTRjBberntP5h/B5cfYKpaD.h1bDmIKPKTRjBberntP5h/B5cf,2026-08-28 12:15:00,t
1190,patient,Oleksandr,Savchenko,+380663370499,oleksandr.savchenko.1097@gmail.test,$2b$12$RxxewbCfw0qyJyQ4.KdQ/PSzQdj2bxOSRxxewbCfw0qyJyQ4.KdQ/,2026-08-28 12:40:00,t
1191,patient,Ruslan,Velychko,+380933389600,ruslan.velychko.242@ukrnet.test,$2b$12$eP9wlZU/SJS71stYBlrl/pl7TUhMVVyDeP9wlZU/SJS71stYBlrl/,2026-08-28 13:45:00,t
1192,patient,Vadym,Kulyk,+380735114695,vadym.kulyk.870@ukrnet.test,$2b$12$ae0TW2vk9OPlZ.Xy.CAiLK/DJjCEq5pwae0TW2vk9OPlZ.Xy.CAiL,2026-08-28 15:50:00,t
1193,patient,Dmytro,Sydorenko,+380943619642,dmytro.sydorenko.1136@gmail.test,$2b$12$eE/kQhYxb6JBySgULY8O2OE8Gvz/u1YCeE/kQhYxb6JBySgULY8O2,2026-08-28 16:35:00,t
1194,patient,Lesia,Yakovenko,+380988719677,lesia.iakovenko.301@gmail.test,$2b$12$dvqUnu1i60G5yesjp.z7Ztwyg41sdjVndvqUnu1i60G5yesjp.z7Z,2026-08-28 19:40:00,t
1195,patient,Maksym,Tymoshenko,+380739775269,maksym.tymoshenko.1007@gmail.test,$2b$12$K6bITBnvCXIQzrn6DD0O.SPzy9Ac1ftTK6bITBnvCXIQzrn6DD0O.,2026-08-29 10:15:00,t
1196,patient,Oleh,Turchyn,+380503985857,oleh.turchyn.722@icloud.test,$2b$12$8MumHTyxh7uqoQQaBTnN34GoEdTzyO3Z8MumHTyxh7uqoQQaBTnN3,2026-08-29 11:10:00,t
1197,patient,Petro,Prykhodko,+380730873995,petro.prykhodko.469@gmail.test,$2b$12$zcNMyD7fuORSP2/yGjAh9FHSd9TlYD.wzcNMyD7fuORSP2/yGjAh9,2026-08-29 17:35:00,t
1198,patient,Nazar,Verbytskyi,+380969373055,nazar.verbytskyi.1194@gmail.test,$2b$12$Z4gaq1VhmbMiWTL27GRg5Q/jqlS6aqGxZ4gaq1VhmbMiWTL27GRg5,2026-08-31 09:05:00,t
1199,patient,Demian,Danylenko,+380635288906,patient_1199@example.local,$2b$12$pIQD3HhYeZZnrv6g4A.XnjN4opGsbIjVpIQD3HhYeZZnrv6g4A.Xn,2026-08-31 09:15:00,t
1200,patient,Vira,Yurchenko,+380914830835,vira.iurchenko.533@ukrnet.test,$2b$12$vPAaiKvuqXnDvm6vB3d7SJi0yw5Vy9GMvPAaiKvuqXnDvm6vB3d7S,2026-08-31 09:30:00,t
1201,patient,Vadym,Makarenko,+380687221994,vadym.makarenko.1111@gmail.test,$2b$12$ex5K4RtKsiEHnh78aAuRzFiK1clPPPxOex5K4RtKsiEHnh78aAuRz,2026-08-31 09:45:00,t
1202,patient,Bohdan,Savchenko,+380917874595,bohdan.savchenko.1001@icloud.test,$2b$12$xttS/S2JwbiKoPCRbVP8HShzwRrMJvbuxttS/S2JwbiKoPCRbVP8H,2026-08-31 10:15:00,t
1203,patient,Vira,Lysenko,+380981270644,patient_1203@example.local,$2b$12$Y8kn7PsPZOQYSbc271pZrQ41/BFjaiylY8kn7PsPZOQYSbc271pZr,2026-08-31 11:50:00,t
1204,patient,Vladyslav,Makarenko,+380964680454,vladyslav.makarenko.500@gmail.test,$2b$12$zF5OsCmD/FMgOhnheGuBfDbEkNThFM2HzF5OsCmD/FMgOhnheGuBf,2026-08-31 12:55:00,t
1205,patient,Bohdan,Lysenko,+380985514150,bohdan.lysenko.139@outlook.test,$2b$12$DPORzHXEoVf2inUvVok7ZEAy0IvaT3dNDPORzHXEoVf2inUvVok7Z,2026-08-31 13:00:00,t
1206,patient,Pavlo,Hordiienko,+380914195886,pavlo.hordiienko.299@gmail.test,$2b$12$kMeIX9VmOTE375xrBZnnT1UMq7Kw3vv/kMeIX9VmOTE375xrBZnnT,2026-08-31 13:50:00,t
1207,patient,Svitlana,Kravets,+380976604784,svitlana.kravets.53@gmail.test,$2b$12$cO3feXiyEjJPxPQzbcKRdUgMxMdfSVKdcO3feXiyEjJPxPQzbcKRd,2026-08-31 15:25:00,t
1208,patient,Emiliia,Demchenko,+380670628509,emiliia.demchenko.271@ukrnet.test,$2b$12$J.frAjyGvlfxyoG4T3kxKTBlbSKI7dSsJ.frAjyGvlfxyoG4T3kxK,2026-08-31 15:40:00,t
1209,patient,Nataliia,Kharchenko,+380990537291,patient_1209@example.local,$2b$12$GjXJce66q89CRVSJNpb5ZHQ4l.BgFHi1GjXJce66q89CRVSJNpb5Z,2026-08-31 16:05:00,t
